,GeneratorProfitDual,TotalCostDispatch,RTGeneratorProfitDual,gap,SSProfit
ObjectiveValue,86797.04027138985,204552.17629699834,86797.04027138985,3217.12,86797.04027138815
