,GeneratorProfitDual,TotalCostDispatch,RTGeneratorProfitDual,gap,SSProfit
ObjectiveValue,3748.0121819211317,320470.0248093805,3748.0121819211317,8.75727,3964.3813169999976
