,GeneratorProfitDual,TotalCostDispatch,RTGeneratorProfitDual,gap,SSProfit
ObjectiveValue,7708.037755992711,280499.45104243443,7708.037755992711,7.54957,7928.762633999953
