,GeneratorProfitDual,TotalCostDispatch,RTGeneratorProfitDual,gap,SSProfit
ObjectiveValue,-1963084748.4728966,142734.8405039803,-1963084748.4728966,0.0,9710169.164844971
