,GeneratorProfitDual,TotalCostDispatch,RTGeneratorProfitDual,gap,SSProfit
ObjectiveValue,4882.29719866282,207202.545393658,4882.29719866282,47.6037,4882.297198661085
