,GeneratorProfitDual,TotalCostDispatch,RTGeneratorProfitDual,gap,SSProfit
ObjectiveValue,6878.072220288966,224505.70295213084,6878.072220288966,63.5954,6878.072220287917
