,GeneratorProfitDual,TotalCostDispatch,RTGeneratorProfitDual,gap,SSProfit
ObjectiveValue,-1980128389.872313,23194.14349200637,-1980128389.872313,0.0,19784462.073933616
