,GeneratorProfitDual,TotalCostDispatch,RTGeneratorProfitDual,gap,SSProfit
ObjectiveValue,1088.6467700498997,494794.9398041194,1088.6467700498997,3.28669,1553.1454315358126
