,GeneratorProfitDual,TotalCostDispatch,RTGeneratorProfitDual,gap,SSProfit
ObjectiveValue,-15762048509.351738,229804.91658287504,-15762048509.351738,0.0,-20771348.985029623
