,GeneratorProfitDual,TotalCostDispatch,RTGeneratorProfitDual,gap,SSProfit
ObjectiveValue,9917.781239030499,23985.08537800975,9917.781239030499,91.5589,9917.781239030406
