,GeneratorProfitDual,TotalCostDispatch,RTGeneratorProfitDual,gap,SSProfit
ObjectiveValue,1868.3852935986808,23526.044133661355,1868.3852935986808,0.0,1868.3852935973496
