,GeneratorProfitDual,TotalCostDispatch,RTGeneratorProfitDual,gap,SSProfit
ObjectiveValue,44412.10977558583,30745.830446669625,44412.10977558583,19251.5,44412.10977558553
