,GeneratorProfitDual,TotalCostDispatch,RTGeneratorProfitDual,gap,SSProfit
ObjectiveValue,44412.10977558579,30745.83044666967,44412.10977558579,3873.34,44412.109775585515
