,GeneratorProfitDual,TotalCostDispatch,RTGeneratorProfitDual,gap,SSProfit
ObjectiveValue,9899.831269036871,594169.5358491708,9899.831269036871,89.095,9939.212694855525
