,GeneratorProfitDual,TotalCostDispatch,RTGeneratorProfitDual,gap,SSProfit
ObjectiveValue,53904.74063028026,320008.45709957916,53904.74063028026,552.955,53912.97419704439
