,GeneratorProfitDual,TotalCostDispatch,RTGeneratorProfitDual,gap,SSProfit
ObjectiveValue,1333.499912009535,384456.8293811865,1333.499912009535,12.2201,1312.6674401469709
