,GeneratorProfitDual,TotalCostDispatch,RTGeneratorProfitDual,gap,SSProfit
ObjectiveValue,22401.244774206527,73745.95053857302,22401.244774206527,222.928,22401.24477428656
