,GeneratorProfitDual,TotalCostDispatch,RTGeneratorProfitDual,gap,SSProfit
ObjectiveValue,22389.993784457296,73731.0424845273,22389.993784457296,205.968,23094.301104389924
