,GeneratorProfitDual,TotalCostDispatch,RTGeneratorProfitDual,gap,SSProfit
ObjectiveValue,2239.6255475578264,20691.460157045953,2239.6255475578264,0.0,2239.625547557307
