,GeneratorProfitDual,TotalCostDispatch,RTGeneratorProfitDual,gap,SSProfit
ObjectiveValue,2239.6255475576872,20691.46015704587,2239.6255475576872,0.0,2239.6255475572984
