,GeneratorProfitDual,TotalCostDispatch,RTGeneratorProfitDual,gap,SSProfit
ObjectiveValue,41954.06744101966,299500.85804880015,41954.06744101966,505.395,42041.08946359323
