,GeneratorProfitDual,TotalCostDispatch,RTGeneratorProfitDual,gap,SSProfit
ObjectiveValue,41945.23394013118,299513.36105189426,41945.23394013118,468.937,42000.5713761023
