,GeneratorProfitDual,TotalCostDispatch,RTGeneratorProfitDual,gap,SSProfit
ObjectiveValue,12638.875773961663,59276.71110787644,12638.875773961663,20870.0,12817.306277353098
