,GeneratorProfitDual,TotalCostDispatch,RTGeneratorProfitDual,gap,SSProfit
ObjectiveValue,12713.155089807671,22165.736006264873,12713.155089807671,419.101,12713.1550898067
