,GeneratorProfitDual,TotalCostDispatch,RTGeneratorProfitDual,gap,SSProfit
ObjectiveValue,12713.155089807598,22165.736006264884,12713.155089807598,229.145,12713.155089806682
