,GeneratorProfitDual,TotalCostDispatch,RTGeneratorProfitDual,gap,SSProfit
ObjectiveValue,12713.155089806909,22165.736006265586,12713.155089806909,6286.76,12713.155089806656
