,GeneratorProfitDual,TotalCostDispatch,RTGeneratorProfitDual,gap,SSProfit
ObjectiveValue,69647.7521602098,210793.76831932616,69647.7521602098,66647.6,69647.75216020863
