,GeneratorProfitDual,TotalCostDispatch,RTGeneratorProfitDual,gap,SSProfit
ObjectiveValue,29641.360193202578,95569.80442628618,29641.360193202578,298.62,29641.360193201574
