,GeneratorProfitDual,TotalCostDispatch,RTGeneratorProfitDual,gap,SSProfit
ObjectiveValue,7850.326144821755,166894.5895449353,7850.326144821755,14.3484,7850.326144810874
