,GeneratorProfitDual,TotalCostDispatch,RTGeneratorProfitDual,gap,SSProfit
ObjectiveValue,30876.935443473463,177759.63022682504,30876.935443473463,322.853,30966.114403281725
