,GeneratorProfitDual,TotalCostDispatch,RTGeneratorProfitDual,gap,SSProfit
ObjectiveValue,30694.422482456877,177718.95866210558,30694.411784827458,299.811,30903.503728185693
