,GeneratorProfitDual,TotalCostDispatch,RTGeneratorProfitDual,gap,SSProfit
ObjectiveValue,58712.85370764931,267370.35512372374,58712.85370764931,582.669,58712.853707648894
