,GeneratorProfitDual,TotalCostDispatch,RTGeneratorProfitDual,gap,SSProfit
ObjectiveValue,2431.041094693496,192159.51957632453,2431.041094693496,0.0,2609.1756900495247
