,GeneratorProfitDual,TotalCostDispatch,RTGeneratorProfitDual,gap,SSProfit
ObjectiveValue,-16953523442.368605,505620.31795099593,-16953523442.368605,0.0,-10386064.37683712
