,GeneratorProfitDual,TotalCostDispatch,RTGeneratorProfitDual,gap,SSProfit
ObjectiveValue,20839.521848188546,38546.31781884835,20839.521848188546,73469.0,20839.52184818778
