,GeneratorProfitDual,TotalCostDispatch,RTGeneratorProfitDual,gap,SSProfit
ObjectiveValue,25520.062717663277,252512.08480581944,25520.062717663277,0.0,25518.25631274127
