,GeneratorProfitDual,TotalCostDispatch,RTGeneratorProfitDual,gap,SSProfit
ObjectiveValue,25496.534009943753,252510.54546670232,25496.534009943753,269.401,25504.858424476
