,GeneratorProfitDual,TotalCostDispatch,RTGeneratorProfitDual,gap,SSProfit
ObjectiveValue,3165.6810981262506,34465.5321083265,3165.6810981262506,28.6548,3165.681098125945
