,GeneratorProfitDual,TotalCostDispatch,RTGeneratorProfitDual,gap,SSProfit
ObjectiveValue,21267.576929174276,452029.46340860834,21267.576929174276,204.284,21483.544673327215
