,GeneratorProfitDual,TotalCostDispatch,RTGeneratorProfitDual,gap,SSProfit
ObjectiveValue,339.2686406867433,494794.38393166213,339.2686406867433,0.0,343.45237941175856
