,GeneratorProfitDual,TotalCostDispatch,RTGeneratorProfitDual,gap,SSProfit
ObjectiveValue,59639.186105271416,315650.24419388984,59639.186105271416,859.971,59639.18610526935
