,GeneratorProfitDual,TotalCostDispatch,RTGeneratorProfitDual,gap,SSProfit
ObjectiveValue,-1668199536.043763,315650.2441938918,-1668199536.043763,0.0,5100158.108108109
