,GeneratorProfitDual,TotalCostDispatch,RTGeneratorProfitDual,gap,SSProfit
ObjectiveValue,-1666457432.778188,315646.4671885101,-1666457432.778188,0.0,4879786.274509802
