,GeneratorProfitDual,TotalCostDispatch,RTGeneratorProfitDual,gap,SSProfit
ObjectiveValue,-1922626834.0779939,317462.1815289002,-1922626834.0779939,0.0,3602628.3791628443
