,GeneratorProfitDual,TotalCostDispatch,RTGeneratorProfitDual,gap,SSProfit
ObjectiveValue,3964.3813170004532,129344.87110559036,3964.3813170004532,0.0,3964.3813170000194
