,GeneratorProfitDual,TotalCostDispatch,RTGeneratorProfitDual,gap,SSProfit
ObjectiveValue,37209.811466977924,71062.14642507935,37209.811466977924,3188.91,37209.81146697747
