,GeneratorProfitDual,TotalCostDispatch,RTGeneratorProfitDual,gap,SSProfit
ObjectiveValue,71769.11535063531,75219.12014405635,71769.11535063531,3750.42,71769.11535063492
