,GeneratorProfitDual,TotalCostDispatch,RTGeneratorProfitDual,gap,SSProfit
ObjectiveValue,37209.81146697468,71062.14642507932,37209.81146697468,22041.2,37209.81146697503
