,GeneratorProfitDual,TotalCostDispatch,RTGeneratorProfitDual,gap,SSProfit
ObjectiveValue,71769.11537532319,75219.12014405384,71769.11537532319,3584.92,71769.11537932296
