,GeneratorProfitDual,TotalCostDispatch,RTGeneratorProfitDual,gap,SSProfit
ObjectiveValue,32760.517740994972,70347.56121993842,32760.517740994972,839.278,33548.007171605335
