,GeneratorProfitDual,TotalCostDispatch,RTGeneratorProfitDual,gap,SSProfit
ObjectiveValue,-14774760390.989485,188438.2814913144,-14774760390.989485,0.0,-827394.0335606702
