,GeneratorProfitDual,TotalCostDispatch,RTGeneratorProfitDual,gap,SSProfit
ObjectiveValue,23390.601657034502,157333.37994394178,23390.601657034502,36471.7,23390.601657032446
