,GeneratorProfitDual,TotalCostDispatch,RTGeneratorProfitDual,gap,SSProfit
ObjectiveValue,64245.967535105185,490812.28711683606,64245.967535105185,650.428,64245.99875024488
