,GeneratorProfitDual,TotalCostDispatch,RTGeneratorProfitDual,gap,SSProfit
ObjectiveValue,1433.0176526385371,307.75253432566336,1433.0176526385371,0.0,1433.0176526384764
