,GeneratorProfitDual,TotalCostDispatch,RTGeneratorProfitDual,gap,SSProfit
ObjectiveValue,-1786396751.877939,246202.69426364277,-1786396751.877939,0.0,11476012.481293412
