,GeneratorProfitDual,TotalCostDispatch,RTGeneratorProfitDual,gap,SSProfit
ObjectiveValue,39797.56532207679,424999.562396464,39797.56532207679,1062.2,39797.565322071896
