,GeneratorProfitDual,TotalCostDispatch,RTGeneratorProfitDual,gap,SSProfit
ObjectiveValue,40090.75007954158,30745.830446667907,40090.75007954158,10427.1,40090.75007953961
