,GeneratorProfitDual,TotalCostDispatch,RTGeneratorProfitDual,gap,SSProfit
ObjectiveValue,40090.75007954011,30745.83044666921,40090.75007954011,17490.1,40090.75007953965
