,GeneratorProfitDual,TotalCostDispatch,RTGeneratorProfitDual,gap,SSProfit
ObjectiveValue,16336.796679175197,77836.48630358907,16336.796679175197,0.0,16336.7966791748
