,GeneratorProfitDual,TotalCostDispatch,RTGeneratorProfitDual,gap,SSProfit
ObjectiveValue,16915.141590359017,77857.05987346289,16915.141590359017,11140.0,17014.420667166698
