,GeneratorProfitDual,TotalCostDispatch,RTGeneratorProfitDual,gap,SSProfit
ObjectiveValue,3182.273151240991,42192.84319464368,3182.273151240991,14.5789,3182.2731512403147
