,GeneratorProfitDual,TotalCostDispatch,RTGeneratorProfitDual,gap,SSProfit
ObjectiveValue,3182.273151240573,42192.84319464409,3182.273151240573,0.0,3182.2731512403257
