,GeneratorProfitDual,TotalCostDispatch,RTGeneratorProfitDual,gap,SSProfit
ObjectiveValue,21581.31715630803,56222.841543238625,21581.31715630803,0.0,22353.024965541408
