,GeneratorProfitDual,TotalCostDispatch,RTGeneratorProfitDual,gap,SSProfit
ObjectiveValue,43152.44579711631,104114.97777783273,43152.44579711631,318.129,43152.44579711427
