,GeneratorProfitDual,TotalCostDispatch,RTGeneratorProfitDual,gap,SSProfit
ObjectiveValue,11803.260626569057,113634.31412309346,11803.260626569057,91283.5,11808.80112462403
