,GeneratorProfitDual,TotalCostDispatch,RTGeneratorProfitDual,gap,SSProfit
ObjectiveValue,11315.793264586931,113853.82995252546,11315.793264586931,10100.3,11910.69604504003
