,GeneratorProfitDual,TotalCostDispatch,RTGeneratorProfitDual,gap,SSProfit
ObjectiveValue,-14491682955.133808,165910.3322881165,-14491682955.133808,0.0,-3288360.345848861
