,GeneratorProfitDual,TotalCostDispatch,RTGeneratorProfitDual,gap,SSProfit
ObjectiveValue,6949.404304284959,79628.21425444068,6949.404304284959,4741.18,6949.404304284493
