,GeneratorProfitDual,TotalCostDispatch,RTGeneratorProfitDual,gap,SSProfit
ObjectiveValue,-22226.97102713064,397611.0006214094,-22226.97102713064,0.0,1226.8890843372856
