,GeneratorProfitDual,TotalCostDispatch,RTGeneratorProfitDual,gap,SSProfit
ObjectiveValue,7611.495090351717,40445.28217922768,7611.495090351717,1457.16,7611.495090349518
