,GeneratorProfitDual,TotalCostDispatch,RTGeneratorProfitDual,gap,SSProfit
ObjectiveValue,7611.495090351579,40445.28217922778,7611.495090351579,0.0,7611.495090349518
