,GeneratorProfitDual,TotalCostDispatch,RTGeneratorProfitDual,gap,SSProfit
ObjectiveValue,36804.86993623156,141884.5642353321,36804.86993623156,364.028,36804.86993623114
