,GeneratorProfitDual,TotalCostDispatch,RTGeneratorProfitDual,gap,SSProfit
ObjectiveValue,35525.480659082656,141397.05374097932,35525.480659082656,434.837,35525.480659081535
