,GeneratorProfitDual,TotalCostDispatch,RTGeneratorProfitDual,gap,SSProfit
ObjectiveValue,-19549309534.745872,286052.36982431484,-19549309534.745872,0.0,-62104928.44496857
