,GeneratorProfitDual,TotalCostDispatch,RTGeneratorProfitDual,gap,SSProfit
ObjectiveValue,19844.280486951822,33951.15176692878,19844.280486951822,0.0,19859.079292416052
