,GeneratorProfitDual,TotalCostDispatch,RTGeneratorProfitDual,gap,SSProfit
ObjectiveValue,51591.565962203844,124564.11261330025,51591.565962203844,375.507,51591.56596220345
