,GeneratorProfitDual,TotalCostDispatch,RTGeneratorProfitDual,gap,SSProfit
ObjectiveValue,51591.56596220403,124564.11261330025,51591.56596220403,497.281,51591.56596220338
