,GeneratorProfitDual,TotalCostDispatch,RTGeneratorProfitDual,gap,SSProfit
ObjectiveValue,51591.56596220315,124564.11261330015,51591.56596220315,395.502,51591.56596220288
