,GeneratorProfitDual,TotalCostDispatch,RTGeneratorProfitDual,gap,SSProfit
ObjectiveValue,51433.230492502356,124743.9061845044,51433.230492502356,510.99,51433.230492501825
