,GeneratorProfitDual,TotalCostDispatch,RTGeneratorProfitDual,gap,SSProfit
ObjectiveValue,51591.56596220371,124564.11261330025,51591.56596220371,482.686,51591.56596220341
