,GeneratorProfitDual,TotalCostDispatch,RTGeneratorProfitDual,gap,SSProfit
ObjectiveValue,4833.3966557210715,20253.572636099405,4833.3966557210715,0.0,4833.396655720515
