,GeneratorProfitDual,TotalCostDispatch,RTGeneratorProfitDual,gap,SSProfit
ObjectiveValue,4833.396655721696,20253.572636098783,4833.396655721696,0.0,4833.396655720518
