,GeneratorProfitDual,TotalCostDispatch,RTGeneratorProfitDual,gap,SSProfit
ObjectiveValue,24317.860751494463,67682.60466655555,24317.860751494463,0.0,24787.729574989866
