,GeneratorProfitDual,TotalCostDispatch,RTGeneratorProfitDual,gap,SSProfit
ObjectiveValue,7938.57973401804,173598.1729817579,7938.57973401804,6.63991,7938.5797340164745
