,GeneratorProfitDual,TotalCostDispatch,RTGeneratorProfitDual,gap,SSProfit
ObjectiveValue,465.57365401250956,246579.61913137688,465.57365401250956,0.0,458.92421755490045
