,GeneratorProfitDual,TotalCostDispatch,RTGeneratorProfitDual,gap,SSProfit
ObjectiveValue,57906.80392844669,98579.90706603978,57906.80392844669,1159.06,63092.533311583116
