,GeneratorProfitDual,TotalCostDispatch,RTGeneratorProfitDual,gap,SSProfit
ObjectiveValue,38323.82507201154,95526.05540401045,38323.82507201154,613.817,38646.17568653711
