,GeneratorProfitDual,TotalCostDispatch,RTGeneratorProfitDual,gap,SSProfit
ObjectiveValue,39128.608383561535,25117.99278641682,39128.608383561535,2847.9,39128.608318247556
