,GeneratorProfitDual,TotalCostDispatch,RTGeneratorProfitDual,gap,SSProfit
ObjectiveValue,56331.335514095714,120399.12423007624,56331.335514095714,0.0,56451.56994716288
