,GeneratorProfitDual,TotalCostDispatch,RTGeneratorProfitDual,gap,SSProfit
ObjectiveValue,56470.83690378735,120367.3500209765,56470.83690378735,636.035,56470.83690378687
