,GeneratorProfitDual,TotalCostDispatch,RTGeneratorProfitDual,gap,SSProfit
ObjectiveValue,64064.09896680998,120940.13781941171,64064.09896680998,639.235,64064.09896680967
