,GeneratorProfitDual,TotalCostDispatch,RTGeneratorProfitDual,gap,SSProfit
ObjectiveValue,64064.0989668099,120940.13781941157,64064.0989668099,637.53,64064.09896680964
