,GeneratorProfitDual,TotalCostDispatch,RTGeneratorProfitDual,gap,SSProfit
ObjectiveValue,59554.39809967728,300031.173794837,59554.39809967728,12686.9,59737.78121778464
