,GeneratorProfitDual,TotalCostDispatch,RTGeneratorProfitDual,gap,SSProfit
ObjectiveValue,60880.79385549595,300030.56646910013,60880.79385549595,637.579,60947.98006585765
