,GeneratorProfitDual,TotalCostDispatch,RTGeneratorProfitDual,gap,SSProfit
ObjectiveValue,92666.15893828894,189755.55986781817,92666.15893828894,5801.33,92757.23741171017
