,GeneratorProfitDual,TotalCostDispatch,RTGeneratorProfitDual,gap,SSProfit
ObjectiveValue,8173.787604372283,552009.001477114,8173.787604372283,3.48921,8157.460574773175
