,GeneratorProfitDual,TotalCostDispatch,RTGeneratorProfitDual,gap,SSProfit
ObjectiveValue,-1900044791.6923544,263552.8394376813,-1900044791.6923544,0.0,8824088.325057216
