,GeneratorProfitDual,TotalCostDispatch,RTGeneratorProfitDual,gap,SSProfit
ObjectiveValue,15200.691837296516,357099.029407647,15200.691837296516,166.927,15200.691837288843
