,GeneratorProfitDual,TotalCostDispatch,RTGeneratorProfitDual,gap,SSProfit
ObjectiveValue,15200.691837292605,357099.02940765175,15200.691837292605,42.7161,15200.691837288865
