,GeneratorProfitDual,TotalCostDispatch,RTGeneratorProfitDual,gap,SSProfit
ObjectiveValue,-17132740430.712046,238000.95898394962,-17132740430.712046,0.0,-31771779.652492855
