,GeneratorProfitDual,TotalCostDispatch,RTGeneratorProfitDual,gap,SSProfit
ObjectiveValue,51591.56596220399,124564.11261330027,51591.56596220399,305.727,51591.56596220323
