,GeneratorProfitDual,TotalCostDispatch,RTGeneratorProfitDual,gap,SSProfit
ObjectiveValue,-1932501945.9601529,262952.2096202323,-1932501945.9601529,0.0,3764666.107243284
