,GeneratorProfitDual,TotalCostDispatch,RTGeneratorProfitDual,gap,SSProfit
ObjectiveValue,3717.4633533542774,82425.84891302534,3717.4633533542774,33.678,3717.46335335111
