,GeneratorProfitDual,TotalCostDispatch,RTGeneratorProfitDual,gap,SSProfit
ObjectiveValue,3717.4633533519313,82425.84891302732,3717.4633533519313,0.0,3717.463353351113
