,GeneratorProfitDual,TotalCostDispatch,RTGeneratorProfitDual,gap,SSProfit
ObjectiveValue,8001.569357283383,337485.6759175011,8001.569357283383,3.8626,8001.5693572824675
