,GeneratorProfitDual,TotalCostDispatch,RTGeneratorProfitDual,gap,SSProfit
ObjectiveValue,-17039408301.136478,470048.40796874126,-17039408301.136478,0.0,-3978585.3690816956
