,GeneratorProfitDual,TotalCostDispatch,RTGeneratorProfitDual,gap,SSProfit
ObjectiveValue,8326.582851717973,625440.5852798312,8326.582851717973,0.0,8721.442542543115
