,GeneratorProfitDual,TotalCostDispatch,RTGeneratorProfitDual,gap,SSProfit
ObjectiveValue,27438.61825192127,178922.32703594738,27438.61825192127,1611.95,27588.628175122387
