,GeneratorProfitDual,TotalCostDispatch,RTGeneratorProfitDual,gap,SSProfit
ObjectiveValue,12728.29690080635,36810.88361753731,12728.29690080635,407.93,12728.29690080595
