,GeneratorProfitDual,TotalCostDispatch,RTGeneratorProfitDual,gap,SSProfit
ObjectiveValue,12728.296900808127,36810.88361753566,12728.296900808127,155.453,12728.296900805968
