,GeneratorProfitDual,TotalCostDispatch,RTGeneratorProfitDual,gap,SSProfit
ObjectiveValue,9643.735827720844,594055.9193817485,9643.735827720844,13.1908,9986.814834620174
