,GeneratorProfitDual,TotalCostDispatch,RTGeneratorProfitDual,gap,SSProfit
ObjectiveValue,10004.36511734169,594065.0020008661,10004.36511734169,7.9977,10046.950981993461
