,GeneratorProfitDual,TotalCostDispatch,RTGeneratorProfitDual,gap,SSProfit
ObjectiveValue,1996.1060322467451,53860.67287961052,1996.1060322467451,7.08255,1996.1060322456674
