,GeneratorProfitDual,TotalCostDispatch,RTGeneratorProfitDual,gap,SSProfit
ObjectiveValue,6709.332764936639,55117.49900549969,6709.332764936639,24.5071,6709.332764935719
