,GeneratorProfitDual,TotalCostDispatch,RTGeneratorProfitDual,gap,SSProfit
ObjectiveValue,6645.480553895297,142455.56790207257,6645.480553895297,288.409,7105.069481481107
