,GeneratorProfitDual,TotalCostDispatch,RTGeneratorProfitDual,gap,SSProfit
ObjectiveValue,-1998254832.7713275,29144.764035794156,-1998254832.7713275,0.0,16112567.60002227
