,GeneratorProfitDual,TotalCostDispatch,RTGeneratorProfitDual,gap,SSProfit
ObjectiveValue,4241.265595276491,162514.14860631735,4241.265595276491,11098.6,4232.263090502636
