,GeneratorProfitDual,TotalCostDispatch,RTGeneratorProfitDual,gap,SSProfit
ObjectiveValue,62730.76168199314,280499.45104243455,62730.76168199314,820.186,62934.71840668759
