,GeneratorProfitDual,TotalCostDispatch,RTGeneratorProfitDual,gap,SSProfit
ObjectiveValue,62731.53135155268,280498.6813728745,62731.53135155268,33839.0,62953.539012160865
