,GeneratorProfitDual,TotalCostDispatch,RTGeneratorProfitDual,gap,SSProfit
ObjectiveValue,62716.80130604583,280498.6813728745,62716.80130604583,818.478,62936.75651449439
