,GeneratorProfitDual,TotalCostDispatch,RTGeneratorProfitDual,gap,SSProfit
ObjectiveValue,2019.9757872154596,413249.27288687153,2019.9757872154596,19.5888,2019.975787211362
