,GeneratorProfitDual,TotalCostDispatch,RTGeneratorProfitDual,gap,SSProfit
ObjectiveValue,-17967820799.604343,219206.2413552663,-17967820799.604343,0.0,-11011272.414802562
