,GeneratorProfitDual,TotalCostDispatch,RTGeneratorProfitDual,gap,SSProfit
ObjectiveValue,10028.29880476116,61606.12697285305,10028.29880476116,11.7197,10028.298804760545
