,GeneratorProfitDual,TotalCostDispatch,RTGeneratorProfitDual,gap,SSProfit
ObjectiveValue,10028.298804675374,61606.126972852995,10028.298804675374,95.9147,10028.29880467494
