,GeneratorProfitDual,TotalCostDispatch,RTGeneratorProfitDual,gap,SSProfit
ObjectiveValue,3968.5238721570945,48685.153543834436,3968.5238721570945,3.01455,3968.52387215658
