,GeneratorProfitDual,TotalCostDispatch,RTGeneratorProfitDual,gap,SSProfit
ObjectiveValue,23478.0489927331,263387.74015635415,23478.0489927331,10668.3,23503.022737247396
