,GeneratorProfitDual,TotalCostDispatch,RTGeneratorProfitDual,gap,SSProfit
ObjectiveValue,23496.02605251486,263387.39418600267,23496.02605251486,427.683,23481.687295064796
