,GeneratorProfitDual,TotalCostDispatch,RTGeneratorProfitDual,gap,SSProfit
ObjectiveValue,-17130276781.712008,312017.99995225895,-17130276781.712008,0.0,-28766835.950831413
