,GeneratorProfitDual,TotalCostDispatch,RTGeneratorProfitDual,gap,SSProfit
ObjectiveValue,4008.029697827178,202839.62481679427,4008.029697827178,34.1991,4069.8231520134486
