,GeneratorProfitDual,TotalCostDispatch,RTGeneratorProfitDual,gap,SSProfit
ObjectiveValue,-16517832725.666567,206631.3808878902,-16517832725.666567,0.0,-20125874.88459774
