,GeneratorProfitDual,TotalCostDispatch,RTGeneratorProfitDual,gap,SSProfit
ObjectiveValue,4606.435811286314,123069.74526922184,4606.435811286314,41.8186,4606.435811285688
