,GeneratorProfitDual,TotalCostDispatch,RTGeneratorProfitDual,gap,SSProfit
ObjectiveValue,1072.2510767021367,198671.208780177,1072.2510767021367,1.64406,1162.1758829999824
