,GeneratorProfitDual,TotalCostDispatch,RTGeneratorProfitDual,gap,SSProfit
ObjectiveValue,90761.42158839414,204552.17629699438,90761.42158839414,1017.96,90761.42158838837
