,GeneratorProfitDual,TotalCostDispatch,RTGeneratorProfitDual,gap,SSProfit
ObjectiveValue,90761.42158838986,204552.17629699828,90761.42158838986,1045.08,90761.42158838826
