,GeneratorProfitDual,TotalCostDispatch,RTGeneratorProfitDual,gap,SSProfit
ObjectiveValue,-15352.566563923032,267368.95144761284,-15352.566563923032,0.0,4058.4022899969027
