,GeneratorProfitDual,TotalCostDispatch,RTGeneratorProfitDual,gap,SSProfit
ObjectiveValue,-17290552113.013393,26185.55374945839,-17290552113.013393,0.0,-71325829.29427722
