,GeneratorProfitDual,TotalCostDispatch,RTGeneratorProfitDual,gap,SSProfit
ObjectiveValue,2914.355179970251,50785.89885719543,2914.355179970251,0.0,2914.3551799691663
