,GeneratorProfitDual,TotalCostDispatch,RTGeneratorProfitDual,gap,SSProfit
ObjectiveValue,67151.48098886907,68348.63315212766,67151.48098886907,1968.01,102592.07004964315
