,GeneratorProfitDual,TotalCostDispatch,RTGeneratorProfitDual,gap,SSProfit
ObjectiveValue,4933.757863771854,589442.0474134106,4933.757863771854,0.0,4933.757863767958
