,GeneratorProfitDual,TotalCostDispatch,RTGeneratorProfitDual,gap,SSProfit
ObjectiveValue,4933.757863774232,589442.0474134105,4933.757863774232,3.40867,4933.757863768035
