,GeneratorProfitDual,TotalCostDispatch,RTGeneratorProfitDual,gap,SSProfit
ObjectiveValue,7712.393498920997,320470.0248093806,7712.393498920997,50.262,7928.762633999998
