,GeneratorProfitDual,TotalCostDispatch,RTGeneratorProfitDual,gap,SSProfit
ObjectiveValue,3482.613704545077,139293.0588471275,3482.613704545077,32.237,3482.6137045434753
