,GeneratorProfitDual,TotalCostDispatch,RTGeneratorProfitDual,gap,SSProfit
ObjectiveValue,3482.6137045478413,139293.05884712454,3482.6137045478413,12990.1,3482.613704543491
