,GeneratorProfitDual,TotalCostDispatch,RTGeneratorProfitDual,gap,SSProfit
ObjectiveValue,3247.885414378008,48856.130999948655,3247.885414378008,68.3972,3247.8854143775534
