,GeneratorProfitDual,TotalCostDispatch,RTGeneratorProfitDual,gap,SSProfit
ObjectiveValue,3247.88541437857,48856.13099994811,3247.88541437857,4919.72,3247.885414377569
