,GeneratorProfitDual,TotalCostDispatch,RTGeneratorProfitDual,gap,SSProfit
ObjectiveValue,3222.338745323087,48883.768145040456,3222.338745323087,229.792,3222.338745322614
