,GeneratorProfitDual,TotalCostDispatch,RTGeneratorProfitDual,gap,SSProfit
ObjectiveValue,3182.1337963364867,40120.973853965086,3182.1337963364867,31.2217,3182.1337963344026
