,GeneratorProfitDual,TotalCostDispatch,RTGeneratorProfitDual,gap,SSProfit
ObjectiveValue,2914.355179969844,28937.3720413864,2914.355179969844,14.0867,2914.3551799691877
