,GeneratorProfitDual,TotalCostDispatch,RTGeneratorProfitDual,gap,SSProfit
ObjectiveValue,21515.186905541814,174509.99383041105,21515.186905541814,0.0,21501.80515068775
