,GeneratorProfitDual,TotalCostDispatch,RTGeneratorProfitDual,gap,SSProfit
ObjectiveValue,1552.7493764333474,878.5152775766462,1552.7493764333474,0.0,1552.7493764331498
