,GeneratorProfitDual,TotalCostDispatch,RTGeneratorProfitDual,gap,SSProfit
ObjectiveValue,4131.990890772657,94269.77176911163,4131.990890772657,0.0,4131.990890837724
