,GeneratorProfitDual,TotalCostDispatch,RTGeneratorProfitDual,gap,SSProfit
ObjectiveValue,46472.15318969608,177558.77303784146,46472.15318969608,460.049,46472.1531896943
