,GeneratorProfitDual,TotalCostDispatch,RTGeneratorProfitDual,gap,SSProfit
ObjectiveValue,25173.502861702247,126372.52617371632,25173.502861702247,14091.9,25173.502861701687
