,GeneratorProfitDual,TotalCostDispatch,RTGeneratorProfitDual,gap,SSProfit
ObjectiveValue,25173.50286170508,126372.5261737135,25173.50286170508,58076.7,25173.50286170187
