,GeneratorProfitDual,TotalCostDispatch,RTGeneratorProfitDual,gap,SSProfit
ObjectiveValue,49322.69757445421,262947.0499255924,49322.69757445421,1115.57,49322.69757445293
