,GeneratorProfitDual,TotalCostDispatch,RTGeneratorProfitDual,gap,SSProfit
ObjectiveValue,12382.335746564568,558632.8853714837,12382.335746564568,103.352,12435.073963964418
