,GeneratorProfitDual,TotalCostDispatch,RTGeneratorProfitDual,gap,SSProfit
ObjectiveValue,-17027622887.000841,558632.7731158852,-17027622887.000841,0.0,-2591037.4125000914
