,GeneratorProfitDual,TotalCostDispatch,RTGeneratorProfitDual,gap,SSProfit
ObjectiveValue,3968.981581801811,328849.25399301515,3968.981581801811,7.95567,3939.2011347685866
