,GeneratorProfitDual,TotalCostDispatch,RTGeneratorProfitDual,gap,SSProfit
ObjectiveValue,3815.330512469309,392022.6343832618,3815.330512469309,20.648,4016.9323675942082
