,GeneratorProfitDual,TotalCostDispatch,RTGeneratorProfitDual,gap,SSProfit
ObjectiveValue,7359.232815254941,79252.53120385324,7359.232815254941,7699.37,7359.232815252033
