,GeneratorProfitDual,TotalCostDispatch,RTGeneratorProfitDual,gap,SSProfit
ObjectiveValue,7359.232815254519,79252.5312038533,7359.232815254519,37485.5,7359.232815252033
