,GeneratorProfitDual,TotalCostDispatch,RTGeneratorProfitDual,gap,SSProfit
ObjectiveValue,1445.7679778855938,49807.848739704816,1445.7679778855938,0.0,1445.767977883691
