,GeneratorProfitDual,TotalCostDispatch,RTGeneratorProfitDual,gap,SSProfit
ObjectiveValue,20949.587598171012,64679.334267368926,20949.587598171012,302.159,21053.983007660863
