,GeneratorProfitDual,TotalCostDispatch,RTGeneratorProfitDual,gap,SSProfit
ObjectiveValue,21210.583487794815,64679.33426736882,21210.583487794815,15323.9,21266.11009316178
