,GeneratorProfitDual,TotalCostDispatch,RTGeneratorProfitDual,gap,SSProfit
ObjectiveValue,-1937434350.1753304,143629.09188210208,-1937434350.1753304,0.0,12419045.743555065
