,GeneratorProfitDual,TotalCostDispatch,RTGeneratorProfitDual,gap,SSProfit
ObjectiveValue,-1934745363.9794562,143629.09188210208,-1934745363.9794562,0.0,12409730.98806989
