,GeneratorProfitDual,TotalCostDispatch,RTGeneratorProfitDual,gap,SSProfit
ObjectiveValue,-2388.9621293627706,45796.633071137614,-2388.9621293627706,2382.96,-25.851119171467886
