,GeneratorProfitDual,TotalCostDispatch,RTGeneratorProfitDual,gap,SSProfit
ObjectiveValue,43319.5826675692,267139.5295001578,43319.5826675692,408.999,43452.136262631655
