,GeneratorProfitDual,TotalCostDispatch,RTGeneratorProfitDual,gap,SSProfit
ObjectiveValue,43333.90707327045,267139.52950015775,43333.90707327045,355.023,43452.13626263173
