,GeneratorProfitDual,TotalCostDispatch,RTGeneratorProfitDual,gap,SSProfit
ObjectiveValue,2435.0800730318633,17192.522654199365,2435.0800730318633,0.0,2435.080073031896
