,GeneratorProfitDual,TotalCostDispatch,RTGeneratorProfitDual,gap,SSProfit
ObjectiveValue,2435.0800730323817,17192.522654199005,2435.0800730323817,25221.8,2435.0800730318847
