,GeneratorProfitDual,TotalCostDispatch,RTGeneratorProfitDual,gap,SSProfit
ObjectiveValue,2435.080073032058,17192.522654199176,2435.080073032058,0.0,2435.0800730318815
