,GeneratorProfitDual,TotalCostDispatch,RTGeneratorProfitDual,gap,SSProfit
ObjectiveValue,79036.06699930823,338726.9601955681,79036.06699930823,3419.24,79091.98122926672
