,GeneratorProfitDual,TotalCostDispatch,RTGeneratorProfitDual,gap,SSProfit
ObjectiveValue,79039.02396029289,338727.249665065,79039.02396029289,2852.64,79088.68182171766
