,GeneratorProfitDual,TotalCostDispatch,RTGeneratorProfitDual,gap,SSProfit
ObjectiveValue,60937.73834010848,380744.3710133035,60937.73834010848,35.2156,61074.285816448624
