,GeneratorProfitDual,TotalCostDispatch,RTGeneratorProfitDual,gap,SSProfit
ObjectiveValue,3021.3244118390216,49530.973659666495,3021.3244118390216,18.4908,3021.3244118382327
