,GeneratorProfitDual,TotalCostDispatch,RTGeneratorProfitDual,gap,SSProfit
ObjectiveValue,20.81676959690276,434459.76866148564,20.81676959690276,0.0,5.706168254502849
