,GeneratorProfitDual,TotalCostDispatch,RTGeneratorProfitDual,gap,SSProfit
ObjectiveValue,31627.34240112255,157391.7742422489,31627.34240112255,62.61,31723.966263793453
