,GeneratorProfitDual,TotalCostDispatch,RTGeneratorProfitDual,gap,SSProfit
ObjectiveValue,43825.97257682486,429026.33359446394,43825.97257682486,362.837,43825.97257682271
