,GeneratorProfitDual,TotalCostDispatch,RTGeneratorProfitDual,gap,SSProfit
ObjectiveValue,78680.24608276993,120909.9082803248,78680.24608276993,779.623,78680.24608276905
