,GeneratorProfitDual,TotalCostDispatch,RTGeneratorProfitDual,gap,SSProfit
ObjectiveValue,48100.68349193048,230122.35359656284,48100.68349193048,0.0,48115.89816762327
