,GeneratorProfitDual,TotalCostDispatch,RTGeneratorProfitDual,gap,SSProfit
ObjectiveValue,7958.539021588334,31881.94342663816,7958.539021588334,76.6391,7958.539021588393
