,GeneratorProfitDual,TotalCostDispatch,RTGeneratorProfitDual,gap,SSProfit
ObjectiveValue,-18815794238.80155,166802.74848372617,-18815794238.80155,0.0,-30322165.756743662
