,GeneratorProfitDual,TotalCostDispatch,RTGeneratorProfitDual,gap,SSProfit
ObjectiveValue,-1926597098.3872721,272470.96488983155,-1926597098.3872721,0.0,3664666.107243284
