,GeneratorProfitDual,TotalCostDispatch,RTGeneratorProfitDual,gap,SSProfit
ObjectiveValue,7729.607854927696,171509.23971969695,7729.607854927696,0.0,7902.718260000016
