,GeneratorProfitDual,TotalCostDispatch,RTGeneratorProfitDual,gap,SSProfit
ObjectiveValue,1121.9981337634752,437764.57186116907,1121.9981337634752,9.47361,1122.0181596913774
