,GeneratorProfitDual,TotalCostDispatch,RTGeneratorProfitDual,gap,SSProfit
ObjectiveValue,38810.75772039881,104107.28926432437,38810.75772039881,0.0,38810.75772039079
