,GeneratorProfitDual,TotalCostDispatch,RTGeneratorProfitDual,gap,SSProfit
ObjectiveValue,26442.024331954482,108103.5075184253,26442.024331954482,8848.74,26442.02433194997
