,GeneratorProfitDual,TotalCostDispatch,RTGeneratorProfitDual,gap,SSProfit
ObjectiveValue,-1926576237.7569783,143629.09188210202,-1926576237.7569783,0.0,12394054.534865858
