,GeneratorProfitDual,TotalCostDispatch,RTGeneratorProfitDual,gap,SSProfit
ObjectiveValue,-1922752716.734929,143629.09188210202,-1922752716.734929,0.0,12172129.528570976
