,GeneratorProfitDual,TotalCostDispatch,RTGeneratorProfitDual,gap,SSProfit
ObjectiveValue,74516.61783746819,143629.09188210117,74516.61783746819,1068.9,74516.61783746767
