,GeneratorProfitDual,TotalCostDispatch,RTGeneratorProfitDual,gap,SSProfit
ObjectiveValue,-1923397131.137912,143629.09188210208,-1923397131.137912,0.0,12172222.250091944
