,GeneratorProfitDual,TotalCostDispatch,RTGeneratorProfitDual,gap,SSProfit
ObjectiveValue,50730.3299354683,167415.37978410086,50730.3299354683,398.094,50730.329935467664
