,GeneratorProfitDual,TotalCostDispatch,RTGeneratorProfitDual,gap,SSProfit
ObjectiveValue,15236.793170133304,23194.143492005616,15236.793170133304,0.0,23398.888333152427
