,GeneratorProfitDual,TotalCostDispatch,RTGeneratorProfitDual,gap,SSProfit
ObjectiveValue,50434.29695528238,133248.18822095759,50434.29695528238,500.879,50434.29695528224
