,GeneratorProfitDual,TotalCostDispatch,RTGeneratorProfitDual,gap,SSProfit
ObjectiveValue,3275.330691224233,64140.25706224959,3275.330691224233,0.0,3275.3306912219014
