,GeneratorProfitDual,TotalCostDispatch,RTGeneratorProfitDual,gap,SSProfit
ObjectiveValue,523.3242756907099,402920.69032145164,523.3242756907099,4.55601,916.1661395122993
