,GeneratorProfitDual,TotalCostDispatch,RTGeneratorProfitDual,gap,SSProfit
ObjectiveValue,3656.900749787864,254246.2361463043,3656.900749787864,17.4407,3826.4470331149623
