,GeneratorProfitDual,TotalCostDispatch,RTGeneratorProfitDual,gap,SSProfit
ObjectiveValue,59007.137557378475,195040.4969187532,59007.137557378475,3949.25,59255.19493710213
