,GeneratorProfitDual,TotalCostDispatch,RTGeneratorProfitDual,gap,SSProfit
ObjectiveValue,58681.12255754976,274949.02791797864,58681.12255754976,563.696,58681.122557543364
