,GeneratorProfitDual,TotalCostDispatch,RTGeneratorProfitDual,gap,SSProfit
ObjectiveValue,58681.12255754881,274949.02791797894,58681.12255754881,252.397,58681.12255754336
