,GeneratorProfitDual,TotalCostDispatch,RTGeneratorProfitDual,gap,SSProfit
ObjectiveValue,194.78541477047042,414943.66515192494,194.78541477047042,0.410066,194.7854147677749
