,GeneratorProfitDual,TotalCostDispatch,RTGeneratorProfitDual,gap,SSProfit
ObjectiveValue,4417.184235660201,99117.00404804993,4417.184235660201,298.629,4434.0319235317265
