,GeneratorProfitDual,TotalCostDispatch,RTGeneratorProfitDual,gap,SSProfit
ObjectiveValue,4410.991179258251,99117.00404805262,4410.991179258251,382.927,4434.031923531591
