,GeneratorProfitDual,TotalCostDispatch,RTGeneratorProfitDual,gap,SSProfit
ObjectiveValue,3341.6752099268388,17647.294373343342,3341.6752099268388,0.0,3341.6752099267032
