,GeneratorProfitDual,TotalCostDispatch,RTGeneratorProfitDual,gap,SSProfit
ObjectiveValue,2994.8389850671742,43564.8687619813,2994.8389850671742,25.4132,2994.8389850664585
