,GeneratorProfitDual,TotalCostDispatch,RTGeneratorProfitDual,gap,SSProfit
ObjectiveValue,2037.189105002727,353573.4949593389,2037.189105002727,0.0,2037.1891049999933
