,GeneratorProfitDual,TotalCostDispatch,RTGeneratorProfitDual,gap,SSProfit
ObjectiveValue,29375.229980335942,227375.69849860392,29375.229980335942,3537.29,29900.859848194235
