,GeneratorProfitDual,TotalCostDispatch,RTGeneratorProfitDual,gap,SSProfit
ObjectiveValue,-1923676485.493756,114628.65942518848,-1923676485.493756,0.0,21642805.869638547
