,GeneratorProfitDual,TotalCostDispatch,RTGeneratorProfitDual,gap,SSProfit
ObjectiveValue,8927.961948313954,656328.5601599113,8927.961948313954,165.098,9136.060110774222
