,GeneratorProfitDual,TotalCostDispatch,RTGeneratorProfitDual,gap,SSProfit
ObjectiveValue,19616.203371268984,296260.2549624535,19616.203371268984,62.0172,19616.20337126733
