,GeneratorProfitDual,TotalCostDispatch,RTGeneratorProfitDual,gap,SSProfit
ObjectiveValue,19962.436855599368,33962.40660678012,19962.436855599368,432.181,19962.43685559921
