,GeneratorProfitDual,TotalCostDispatch,RTGeneratorProfitDual,gap,SSProfit
ObjectiveValue,20635.09543115351,35020.04199743496,20635.09543115351,10093.8,32129.178211365626
