,GeneratorProfitDual,TotalCostDispatch,RTGeneratorProfitDual,gap,SSProfit
ObjectiveValue,5150.019361289291,451337.15135002835,5150.019361289291,0.0,5150.019361287085
