,GeneratorProfitDual,TotalCostDispatch,RTGeneratorProfitDual,gap,SSProfit
ObjectiveValue,1409.9305891963006,436244.2910842288,1409.9305891963006,3407.44,1930.8746476347383
