,GeneratorProfitDual,TotalCostDispatch,RTGeneratorProfitDual,gap,SSProfit
ObjectiveValue,-1998700138.2748559,88958.51367103195,-1998700138.2748559,0.0,13148369.533772597
