,GeneratorProfitDual,TotalCostDispatch,RTGeneratorProfitDual,gap,SSProfit
ObjectiveValue,-1970730832.4184902,186369.44614282122,-1970730832.4184902,0.0,7853611.81157449
