,GeneratorProfitDual,TotalCostDispatch,RTGeneratorProfitDual,gap,SSProfit
ObjectiveValue,52650.09235631821,67042.57167994535,52650.09235631821,1119.84,53952.69567673266
