,GeneratorProfitDual,TotalCostDispatch,RTGeneratorProfitDual,gap,SSProfit
ObjectiveValue,83521.56665506783,67292.30320538375,83521.56665506783,38006.5,83521.56665506728
