,GeneratorProfitDual,TotalCostDispatch,RTGeneratorProfitDual,gap,SSProfit
ObjectiveValue,52084.469396225344,68081.79141747173,52084.469396225344,33134.5,52084.469396225104
