,GeneratorProfitDual,TotalCostDispatch,RTGeneratorProfitDual,gap,SSProfit
ObjectiveValue,58343.14920935325,462982.1383653143,58343.14920935325,479.955,58582.240681182535
