,GeneratorProfitDual,TotalCostDispatch,RTGeneratorProfitDual,gap,SSProfit
ObjectiveValue,58605.93006022024,463016.3088582208,58605.93006022024,533.036,58605.93006021562
