,GeneratorProfitDual,TotalCostDispatch,RTGeneratorProfitDual,gap,SSProfit
ObjectiveValue,3249.973544937825,48441.38330810937,3249.973544937825,0.0,3249.973544937126
