,GeneratorProfitDual,TotalCostDispatch,RTGeneratorProfitDual,gap,SSProfit
ObjectiveValue,-1922398651.7729216,16691.11382082991,-1922398651.7729216,0.0,18106416.9184758
