,GeneratorProfitDual,TotalCostDispatch,RTGeneratorProfitDual,gap,SSProfit
ObjectiveValue,55394.42849091691,250463.85228673683,55394.42849091691,1740.08,55433.671105160814
