,GeneratorProfitDual,TotalCostDispatch,RTGeneratorProfitDual,gap,SSProfit
ObjectiveValue,-15556673010.618208,253710.089413058,-15556673010.618208,0.0,-19624854.65857062
