,GeneratorProfitDual,TotalCostDispatch,RTGeneratorProfitDual,gap,SSProfit
ObjectiveValue,12734.915352449523,713260.5656656987,12734.915352449523,127.193,12904.219072754502
