,GeneratorProfitDual,TotalCostDispatch,RTGeneratorProfitDual,gap,SSProfit
ObjectiveValue,27235.93168711076,331884.07083741453,27235.93168711076,535.717,27270.312157235057
