,GeneratorProfitDual,TotalCostDispatch,RTGeneratorProfitDual,gap,SSProfit
ObjectiveValue,-16131925899.538645,280046.4997087573,-16131925899.538645,0.0,-33863.407621593185
