,GeneratorProfitDual,TotalCostDispatch,RTGeneratorProfitDual,gap,SSProfit
ObjectiveValue,5670.703337030078,24820.271471128257,5670.703337030078,31.4776,5670.703337029468
