,GeneratorProfitDual,TotalCostDispatch,RTGeneratorProfitDual,gap,SSProfit
ObjectiveValue,72419.28351024,184317.53043928108,72419.28351024,8055.99,72419.28351023505
