,GeneratorProfitDual,TotalCostDispatch,RTGeneratorProfitDual,gap,SSProfit
ObjectiveValue,72419.28351024174,184317.53043928076,72419.28351024174,68233.3,72419.28351023507
