,GeneratorProfitDual,TotalCostDispatch,RTGeneratorProfitDual,gap,SSProfit
ObjectiveValue,35160.188763125654,175411.26067209005,35160.188763125654,0.0,35624.763162453644
