,GeneratorProfitDual,TotalCostDispatch,RTGeneratorProfitDual,gap,SSProfit
ObjectiveValue,35344.87251417998,175355.9908059716,35344.87251417998,402.347,35497.51564536344
