,GeneratorProfitDual,TotalCostDispatch,RTGeneratorProfitDual,gap,SSProfit
ObjectiveValue,-1788798390.1767342,16691.113820829905,-1788798390.1767342,0.0,22557398.455850814
