,GeneratorProfitDual,TotalCostDispatch,RTGeneratorProfitDual,gap,SSProfit
ObjectiveValue,1264.4578619073147,542202.7205032144,1264.4578619073147,0.0,1408.0425479999892
