,GeneratorProfitDual,TotalCostDispatch,RTGeneratorProfitDual,gap,SSProfit
ObjectiveValue,74142.03656814659,314673.1050269844,74142.03656814659,321.965,74166.79038507855
