,GeneratorProfitDual,TotalCostDispatch,RTGeneratorProfitDual,gap,SSProfit
ObjectiveValue,73617.59081757783,314702.3226795787,73617.59081757783,481.597,73617.59081757603
