,GeneratorProfitDual,TotalCostDispatch,RTGeneratorProfitDual,gap,SSProfit
ObjectiveValue,73876.77783922943,314959.4664947101,73876.77783922943,541.823,73876.77783922742
