,GeneratorProfitDual,TotalCostDispatch,RTGeneratorProfitDual,gap,SSProfit
ObjectiveValue,3698.109187170793,137691.40399746195,3698.109187170793,4.34219,3709.621809630059
