,GeneratorProfitDual,TotalCostDispatch,RTGeneratorProfitDual,gap,SSProfit
ObjectiveValue,22855.60873166856,656328.560159911,22855.60873166856,228.281,23063.706894127477
