,GeneratorProfitDual,TotalCostDispatch,RTGeneratorProfitDual,gap,SSProfit
ObjectiveValue,22855.60873166827,656328.560159911,22855.60873166827,65.6292,23063.70689412748
