,GeneratorProfitDual,TotalCostDispatch,RTGeneratorProfitDual,gap,SSProfit
ObjectiveValue,59447.75226495239,332826.0435148111,59447.75226495239,0.0,59447.75226494498
