,GeneratorProfitDual,TotalCostDispatch,RTGeneratorProfitDual,gap,SSProfit
ObjectiveValue,19709.660325659523,362003.46771042043,19709.660325659523,2017.26,19832.726379100804
