,GeneratorProfitDual,TotalCostDispatch,RTGeneratorProfitDual,gap,SSProfit
ObjectiveValue,44537.49233475093,143104.68411673597,44537.49233475093,468.967,44550.27448077165
