,GeneratorProfitDual,TotalCostDispatch,RTGeneratorProfitDual,gap,SSProfit
ObjectiveValue,9001.98424532796,594394.7762466972,9001.98424532796,90.4475,9001.984245328373
