,GeneratorProfitDual,TotalCostDispatch,RTGeneratorProfitDual,gap,SSProfit
ObjectiveValue,4032.6560858888115,328542.8248165241,4032.6560858888115,29.3338,4011.8594588830747
