,GeneratorProfitDual,TotalCostDispatch,RTGeneratorProfitDual,gap,SSProfit
ObjectiveValue,1534.515194043532,38274.43540018906,1534.515194043532,27800.5,1534.5151940430828
