,GeneratorProfitDual,TotalCostDispatch,RTGeneratorProfitDual,gap,SSProfit
ObjectiveValue,40902.91444817946,40419.58634472548,40902.91444817946,43137.7,40902.91444817864
