,GeneratorProfitDual,TotalCostDispatch,RTGeneratorProfitDual,gap,SSProfit
ObjectiveValue,11424.986478371187,49308.67954764482,11424.986478371187,106.918,11424.986679587731
