,GeneratorProfitDual,TotalCostDispatch,RTGeneratorProfitDual,gap,SSProfit
ObjectiveValue,12772.178789367865,48796.048448791014,12772.178789367865,0.0,13771.388793481701
