,GeneratorProfitDual,TotalCostDispatch,RTGeneratorProfitDual,gap,SSProfit
ObjectiveValue,43824.33652007339,424999.5623964641,43824.33652007339,335.326,43824.336520071854
