,GeneratorProfitDual,TotalCostDispatch,RTGeneratorProfitDual,gap,SSProfit
ObjectiveValue,7783.092831921626,114296.01214024644,7783.092831921626,73.0658,7876.673886000005
