,GeneratorProfitDual,TotalCostDispatch,RTGeneratorProfitDual,gap,SSProfit
ObjectiveValue,31695.982864945192,127023.15489319328,31695.982864945192,449.31,31695.98286494473
