,GeneratorProfitDual,TotalCostDispatch,RTGeneratorProfitDual,gap,SSProfit
ObjectiveValue,31695.982864945232,127023.15489319326,31695.982864945232,1869.38,31695.982864944686
