,GeneratorProfitDual,TotalCostDispatch,RTGeneratorProfitDual,gap,SSProfit
ObjectiveValue,26854.549142833934,625368.0383115931,26854.549142833934,0.0,27105.14190294251
