,GeneratorProfitDual,TotalCostDispatch,RTGeneratorProfitDual,gap,SSProfit
ObjectiveValue,7670.888700654017,133986.67940036368,7670.888700654017,68.4799,7971.242666955745
