,GeneratorProfitDual,TotalCostDispatch,RTGeneratorProfitDual,gap,SSProfit
ObjectiveValue,6826.8865287970475,354413.41754721926,6826.8865287970475,38.0675,7050.111745359507
