,GeneratorProfitDual,TotalCostDispatch,RTGeneratorProfitDual,gap,SSProfit
ObjectiveValue,-1927371502.0885735,107763.15836262099,-1927371502.0885735,0.0,19359952.49769705
