,GeneratorProfitDual,TotalCostDispatch,RTGeneratorProfitDual,gap,SSProfit
ObjectiveValue,2007.3651788808681,43428.08299314446,2007.3651788808681,0.0,2013.3973578405612
