,GeneratorProfitDual,TotalCostDispatch,RTGeneratorProfitDual,gap,SSProfit
ObjectiveValue,6487.913545247355,9910.845217111779,6487.913545247355,62.3059,6487.913545246606
