,GeneratorProfitDual,TotalCostDispatch,RTGeneratorProfitDual,gap,SSProfit
ObjectiveValue,6487.91354524716,9910.84521711197,6487.91354524716,114.26,6487.913545246606
