,GeneratorProfitDual,TotalCostDispatch,RTGeneratorProfitDual,gap,SSProfit
ObjectiveValue,104752.28459733486,180018.39011604205,104752.28459733486,25105.3,104752.28459733228
