,GeneratorProfitDual,TotalCostDispatch,RTGeneratorProfitDual,gap,SSProfit
ObjectiveValue,104752.28459733375,180018.39011604222,104752.28459733375,43688.1,104752.28459733234
