,GeneratorProfitDual,TotalCostDispatch,RTGeneratorProfitDual,gap,SSProfit
ObjectiveValue,7822.460960723203,274082.29937332135,7822.460960723203,3.06268,8044.247056400963
