,GeneratorProfitDual,TotalCostDispatch,RTGeneratorProfitDual,gap,SSProfit
ObjectiveValue,21868.071158469156,139656.556582487,21868.071158469156,7160.58,21868.07115846806
