,GeneratorProfitDual,TotalCostDispatch,RTGeneratorProfitDual,gap,SSProfit
ObjectiveValue,104556.86320441938,188832.760499206,104556.86320441938,38286.2,104556.8632044076
