,GeneratorProfitDual,TotalCostDispatch,RTGeneratorProfitDual,gap,SSProfit
ObjectiveValue,104556.86320441864,188832.76049920532,104556.86320441864,40961.8,104556.86320440756
