,GeneratorProfitDual,TotalCostDispatch,RTGeneratorProfitDual,gap,SSProfit
ObjectiveValue,7970.653174285186,318290.87414674787,7970.653174285186,36.2632,8053.542395999988
