,GeneratorProfitDual,TotalCostDispatch,RTGeneratorProfitDual,gap,SSProfit
ObjectiveValue,5656.648135402968,169376.37329674824,5656.648135402968,11.7509,5656.648135401762
