,GeneratorProfitDual,TotalCostDispatch,RTGeneratorProfitDual,gap,SSProfit
ObjectiveValue,-1933364084.9417577,315646.46718851017,-1933364084.9417577,0.0,4007242.2281546993
