,GeneratorProfitDual,TotalCostDispatch,RTGeneratorProfitDual,gap,SSProfit
ObjectiveValue,-1931771721.386964,139840.42556664036,-1931771721.386964,0.0,6504637.980426786
