,GeneratorProfitDual,TotalCostDispatch,RTGeneratorProfitDual,gap,SSProfit
ObjectiveValue,70824.16525008489,120759.84676381842,70824.16525008489,621.579,84590.4838183143
