,GeneratorProfitDual,TotalCostDispatch,RTGeneratorProfitDual,gap,SSProfit
ObjectiveValue,-14296134323.177788,322482.8768525376,-14296134323.177788,0.0,-1677892.8249707408
