,GeneratorProfitDual,TotalCostDispatch,RTGeneratorProfitDual,gap,SSProfit
ObjectiveValue,82919.92925575854,621902.9576679354,82919.92925575854,834.351,83218.04521726108
