,GeneratorProfitDual,TotalCostDispatch,RTGeneratorProfitDual,gap,SSProfit
ObjectiveValue,83333.11916701199,621941.5602787716,83333.11916701199,835.515,83410.45341814122
