,GeneratorProfitDual,TotalCostDispatch,RTGeneratorProfitDual,gap,SSProfit
ObjectiveValue,41294.068551837896,134861.6100236663,41294.068551837896,232.264,41294.06855183727
