,GeneratorProfitDual,TotalCostDispatch,RTGeneratorProfitDual,gap,SSProfit
ObjectiveValue,-1910582372.7809567,188059.3730765711,-1910582372.7809567,0.0,7543338.673092565
