,GeneratorProfitDual,TotalCostDispatch,RTGeneratorProfitDual,gap,SSProfit
ObjectiveValue,1328.2257267820746,145052.53402195743,1328.2257267820746,0.0,1369.3924804227709
