,GeneratorProfitDual,TotalCostDispatch,RTGeneratorProfitDual,gap,SSProfit
ObjectiveValue,10360.530469771371,26664.60478881361,10360.530469771371,7923.72,10360.530469769703
