,GeneratorProfitDual,TotalCostDispatch,RTGeneratorProfitDual,gap,SSProfit
ObjectiveValue,32986.93720817264,81464.00159376339,32986.93720817264,1374.07,33011.18531501903
