,GeneratorProfitDual,TotalCostDispatch,RTGeneratorProfitDual,gap,SSProfit
ObjectiveValue,9690.276755206043,53949.16544583612,9690.276755206043,0.0,9690.276755205443
