,GeneratorProfitDual,TotalCostDispatch,RTGeneratorProfitDual,gap,SSProfit
ObjectiveValue,9690.276755205754,53949.16544583613,9690.276755205754,220.103,9690.276755205437
