,GeneratorProfitDual,TotalCostDispatch,RTGeneratorProfitDual,gap,SSProfit
ObjectiveValue,20232.488885674637,33245.45534594587,20232.488885674637,31060.2,20232.4888856744
