,GeneratorProfitDual,TotalCostDispatch,RTGeneratorProfitDual,gap,SSProfit
ObjectiveValue,21310.169580944625,31477.596257095636,21310.169580944625,625.311,23308.349264911394
