,GeneratorProfitDual,TotalCostDispatch,RTGeneratorProfitDual,gap,SSProfit
ObjectiveValue,47927.63966882758,34391.765919689664,47927.63966882758,1469.77,47927.6396688266
