,GeneratorProfitDual,TotalCostDispatch,RTGeneratorProfitDual,gap,SSProfit
ObjectiveValue,20417.96459284955,33245.45534594553,20417.96459284955,2460.96,20429.959902395087
