,GeneratorProfitDual,TotalCostDispatch,RTGeneratorProfitDual,gap,SSProfit
ObjectiveValue,47927.63966882732,34391.76591968924,47927.63966882732,1328.16,47927.63966882693
