,GeneratorProfitDual,TotalCostDispatch,RTGeneratorProfitDual,gap,SSProfit
ObjectiveValue,50551.82442165602,179881.5371408744,50551.82442165602,6621.13,52810.31324637544
