,GeneratorProfitDual,TotalCostDispatch,RTGeneratorProfitDual,gap,SSProfit
ObjectiveValue,47027.63055712042,176917.06706255695,47027.63055712042,518.022,47168.7367941422
