,GeneratorProfitDual,TotalCostDispatch,RTGeneratorProfitDual,gap,SSProfit
ObjectiveValue,3967.6187775254634,173577.2675126198,3967.6187775254634,0.0,3967.8798149999902
