,GeneratorProfitDual,TotalCostDispatch,RTGeneratorProfitDual,gap,SSProfit
ObjectiveValue,72783.28987887323,251269.19956072618,72783.28987887323,692.602,73176.70476066432
