,GeneratorProfitDual,TotalCostDispatch,RTGeneratorProfitDual,gap,SSProfit
ObjectiveValue,58216.70444228273,74537.40300366552,58216.70444228273,47593.5,58216.704442279384
