,GeneratorProfitDual,TotalCostDispatch,RTGeneratorProfitDual,gap,SSProfit
ObjectiveValue,47698.34191308832,200890.55875881802,47698.34191308832,527.11,47810.19884154622
