,GeneratorProfitDual,TotalCostDispatch,RTGeneratorProfitDual,gap,SSProfit
ObjectiveValue,-1971694270.2671266,23194.143492006373,-1971694270.2671266,0.0,16014424.105284156
