,GeneratorProfitDual,TotalCostDispatch,RTGeneratorProfitDual,gap,SSProfit
ObjectiveValue,5969.4089516847325,31537.289654503467,5969.4089516847325,451.473,5969.40895168242
