,GeneratorProfitDual,TotalCostDispatch,RTGeneratorProfitDual,gap,SSProfit
ObjectiveValue,37645.08130409705,173578.03718217972,37645.08130409705,61.7146,37649.891270262226
