,GeneratorProfitDual,TotalCostDispatch,RTGeneratorProfitDual,gap,SSProfit
ObjectiveValue,51763.50290705788,436873.4868609547,51763.50290705788,532.305,51996.089638662226
