,GeneratorProfitDual,TotalCostDispatch,RTGeneratorProfitDual,gap,SSProfit
ObjectiveValue,51961.74933990193,436922.68566941185,51961.74933990193,530.16,52013.55673215825
