,GeneratorProfitDual,TotalCostDispatch,RTGeneratorProfitDual,gap,SSProfit
ObjectiveValue,66664.40422948783,274964.6945965345,66664.40422948783,646.4,66664.40422948732
