,GeneratorProfitDual,TotalCostDispatch,RTGeneratorProfitDual,gap,SSProfit
ObjectiveValue,72076.97950415508,420815.60087741335,72076.97950415508,0.0,47981.03105564683
