,GeneratorProfitDual,TotalCostDispatch,RTGeneratorProfitDual,gap,SSProfit
ObjectiveValue,4756.168850290408,766636.4973469777,4756.168850290408,21020.4,4759.427602246483
