,GeneratorProfitDual,TotalCostDispatch,RTGeneratorProfitDual,gap,SSProfit
ObjectiveValue,2675.5721599334192,22391.698176531634,2675.5721599334192,14.9338,2675.5721599325207
