,GeneratorProfitDual,TotalCostDispatch,RTGeneratorProfitDual,gap,SSProfit
ObjectiveValue,2653.4755516315554,22413.794784833557,2653.4755516315554,0.0,2653.475551631187
