,GeneratorProfitDual,TotalCostDispatch,RTGeneratorProfitDual,gap,SSProfit
ObjectiveValue,2675.572159933191,22391.698176531838,2675.572159933191,0.318015,2675.5721599325225
