,GeneratorProfitDual,TotalCostDispatch,RTGeneratorProfitDual,gap,SSProfit
ObjectiveValue,7375.845982867146,412425.01260090363,7375.845982867146,19.6266,7704.696529414251
