,GeneratorProfitDual,TotalCostDispatch,RTGeneratorProfitDual,gap,SSProfit
ObjectiveValue,-1976924370.578674,135267.1911373872,-1976924370.578674,0.0,11747073.567046206
