,GeneratorProfitDual,TotalCostDispatch,RTGeneratorProfitDual,gap,SSProfit
ObjectiveValue,3380.9711968095057,217946.18600394693,3380.9711968095057,0.0,3380.9711968046886
