,GeneratorProfitDual,TotalCostDispatch,RTGeneratorProfitDual,gap,SSProfit
ObjectiveValue,18664.54757352917,66620.67268600634,18664.54757352917,17698.0,18664.547573526223
