,GeneratorProfitDual,TotalCostDispatch,RTGeneratorProfitDual,gap,SSProfit
ObjectiveValue,6824.504944569229,75854.06015639009,6824.504944569229,0.0,6824.504944568268
