,GeneratorProfitDual,TotalCostDispatch,RTGeneratorProfitDual,gap,SSProfit
ObjectiveValue,2513.59788911331,16964.291026243885,2513.59788911331,0.0,2513.597889113012
