,GeneratorProfitDual,TotalCostDispatch,RTGeneratorProfitDual,gap,SSProfit
ObjectiveValue,108862.99383872692,368642.1167522001,108862.99383872692,1075.01,109045.6231601411
