,GeneratorProfitDual,TotalCostDispatch,RTGeneratorProfitDual,gap,SSProfit
ObjectiveValue,26021.95924371039,82639.46130409796,26021.95924371039,0.0,26021.959243705613
