,GeneratorProfitDual,TotalCostDispatch,RTGeneratorProfitDual,gap,SSProfit
ObjectiveValue,31111.116851027124,102900.4061573572,31111.116851027124,10875.0,31111.116851022358
