,GeneratorProfitDual,TotalCostDispatch,RTGeneratorProfitDual,gap,SSProfit
ObjectiveValue,4406.053231867534,494794.38393166213,4406.053231867534,0.517956,4410.236970593116
