,GeneratorProfitDual,TotalCostDispatch,RTGeneratorProfitDual,gap,SSProfit
ObjectiveValue,10694.341173171439,293391.03417614184,10694.341173171439,0.0,10652.597939910273
