,GeneratorProfitDual,TotalCostDispatch,RTGeneratorProfitDual,gap,SSProfit
ObjectiveValue,1011.7242884288141,492513.63396885985,1011.7242884288141,10.4196,1630.4737324613457
