,GeneratorProfitDual,TotalCostDispatch,RTGeneratorProfitDual,gap,SSProfit
ObjectiveValue,7003.195497468251,48032.044034730425,7003.195497468251,9152.54,7003.195497465916
