,GeneratorProfitDual,TotalCostDispatch,RTGeneratorProfitDual,gap,SSProfit
ObjectiveValue,28877.784199934176,127082.69642120406,28877.784199934176,1351.12,28877.784199933885
