,GeneratorProfitDual,TotalCostDispatch,RTGeneratorProfitDual,gap,SSProfit
ObjectiveValue,28877.784199934125,127082.69642120408,28877.784199934125,429.828,28877.784199933896
