,GeneratorProfitDual,TotalCostDispatch,RTGeneratorProfitDual,gap,SSProfit
ObjectiveValue,27381.48023567412,16691.113820829287,27381.48023567412,273.568,27381.480235611754
