,GeneratorProfitDual,TotalCostDispatch,RTGeneratorProfitDual,gap,SSProfit
ObjectiveValue,-14578816470.272123,320259.9580613671,-14578816470.272123,0.0,-15603908.669305317
