,GeneratorProfitDual,TotalCostDispatch,RTGeneratorProfitDual,gap,SSProfit
ObjectiveValue,-1931982283.310336,314518.78128200077,-1931982283.310336,0.0,3472475.5938188066
