,GeneratorProfitDual,TotalCostDispatch,RTGeneratorProfitDual,gap,SSProfit
ObjectiveValue,-1934068261.0527847,314518.7812820009,-1934068261.0527847,0.0,3472475.5938188066
