,GeneratorProfitDual,TotalCostDispatch,RTGeneratorProfitDual,gap,SSProfit
ObjectiveValue,89306.63478908791,246579.6313642933,89306.63478908791,468.015,89305.27426208614
