,GeneratorProfitDual,TotalCostDispatch,RTGeneratorProfitDual,gap,SSProfit
ObjectiveValue,8756.77099180783,71552.82091230515,8756.77099180783,21365.5,13581.03603392806
