,GeneratorProfitDual,TotalCostDispatch,RTGeneratorProfitDual,gap,SSProfit
ObjectiveValue,16090.433602949464,71269.6878755084,16090.433602949464,0.0,16090.433602949028
