,GeneratorProfitDual,TotalCostDispatch,RTGeneratorProfitDual,gap,SSProfit
ObjectiveValue,42.799154431934994,414943.6651519187,42.799154431934994,0.0,78.49640308378662
