,GeneratorProfitDual,TotalCostDispatch,RTGeneratorProfitDual,gap,SSProfit
ObjectiveValue,7960.054755001727,207745.29631180488,7960.054755001727,40.1405,7960.054755000015
