,GeneratorProfitDual,TotalCostDispatch,RTGeneratorProfitDual,gap,SSProfit
ObjectiveValue,3473.0282405019216,216416.16427958116,3473.0282405019216,17.9587,3694.365200463515
