,GeneratorProfitDual,TotalCostDispatch,RTGeneratorProfitDual,gap,SSProfit
ObjectiveValue,78170.76804082608,101352.0705337332,78170.76804082608,7355.55,78170.76804082537
