,GeneratorProfitDual,TotalCostDispatch,RTGeneratorProfitDual,gap,SSProfit
ObjectiveValue,10324.928965162053,501900.3784962558,10324.928965162053,28.4716,10376.687298519539
