,GeneratorProfitDual,TotalCostDispatch,RTGeneratorProfitDual,gap,SSProfit
ObjectiveValue,37129.316958424075,82652.9569557566,37129.316958424075,3371.01,37574.37295708588
