,GeneratorProfitDual,TotalCostDispatch,RTGeneratorProfitDual,gap,SSProfit
ObjectiveValue,54831.35777816019,65184.823383229574,54831.35777816019,717.665,54831.357778159385
