,GeneratorProfitDual,TotalCostDispatch,RTGeneratorProfitDual,gap,SSProfit
ObjectiveValue,3661.1356463043903,84795.05551737186,3661.1356463043903,5036.77,3676.1615125484523
