,GeneratorProfitDual,TotalCostDispatch,RTGeneratorProfitDual,gap,SSProfit
ObjectiveValue,3436.5454435251477,84813.86436431814,3436.5454435251477,14122.5,3676.1615125484946
