,GeneratorProfitDual,TotalCostDispatch,RTGeneratorProfitDual,gap,SSProfit
ObjectiveValue,23492.9386897656,129560.25040540745,23492.9386897656,22010.1,23470.97767601859
