,GeneratorProfitDual,TotalCostDispatch,RTGeneratorProfitDual,gap,SSProfit
ObjectiveValue,3059.8252230003036,20838.865265117816,3059.8252230003036,0.0,3059.825223000001
