,GeneratorProfitDual,TotalCostDispatch,RTGeneratorProfitDual,gap,SSProfit
ObjectiveValue,47997.797196652784,337484.13657838135,47997.797196652784,210.594,48003.41350036829
