,GeneratorProfitDual,TotalCostDispatch,RTGeneratorProfitDual,gap,SSProfit
ObjectiveValue,-4507.227948834239,430369.0894683173,-4507.227948834239,3.85033,1169.4827910785336
