,GeneratorProfitDual,TotalCostDispatch,RTGeneratorProfitDual,gap,SSProfit
ObjectiveValue,22483.39710833345,452029.56324457476,22483.39710833345,222.167,22699.464688453278
