,GeneratorProfitDual,TotalCostDispatch,RTGeneratorProfitDual,gap,SSProfit
ObjectiveValue,22540.624725183734,452121.3181362878,22540.624725183734,217.455,22655.391989213378
