,GeneratorProfitDual,TotalCostDispatch,RTGeneratorProfitDual,gap,SSProfit
ObjectiveValue,-1952869056.0844607,59293.515023799395,-1952869056.0844607,0.0,12153375.060648333
