,GeneratorProfitDual,TotalCostDispatch,RTGeneratorProfitDual,gap,SSProfit
ObjectiveValue,2180.248540860819,435176.1025462837,2180.248540860819,6.80605,2371.0484570108583
