,GeneratorProfitDual,TotalCostDispatch,RTGeneratorProfitDual,gap,SSProfit
ObjectiveValue,51403.569110310564,302704.9587791918,51403.569110310564,565.772,51403.569110310316
