,GeneratorProfitDual,TotalCostDispatch,RTGeneratorProfitDual,gap,SSProfit
ObjectiveValue,7841.976238004608,107359.20557914593,7841.976238004608,11.3331,7909.450602763804
