,GeneratorProfitDual,TotalCostDispatch,RTGeneratorProfitDual,gap,SSProfit
ObjectiveValue,39532.24745688132,311920.7937755031,39532.24745688132,87.5571,39591.884479732726
