,GeneratorProfitDual,TotalCostDispatch,RTGeneratorProfitDual,gap,SSProfit
ObjectiveValue,39522.60761694972,311930.4336154348,39522.60761694972,1750.01,39591.884479732806
