,GeneratorProfitDual,TotalCostDispatch,RTGeneratorProfitDual,gap,SSProfit
ObjectiveValue,88223.30602911151,133877.5218829383,88223.30602911151,3396.94,88223.30602911048
