,GeneratorProfitDual,TotalCostDispatch,RTGeneratorProfitDual,gap,SSProfit
ObjectiveValue,3884.548341056209,333238.0650774352,3884.548341056209,0.712511,3997.0339649999887
