,GeneratorProfitDual,TotalCostDispatch,RTGeneratorProfitDual,gap,SSProfit
ObjectiveValue,58703.9744115352,59313.18046436744,58703.9744115352,21151.6,58703.97441141149
