,GeneratorProfitDual,TotalCostDispatch,RTGeneratorProfitDual,gap,SSProfit
ObjectiveValue,3917.132194093146,265386.0255985649,3917.132194093146,15.4368,3964.381316999986
