,GeneratorProfitDual,TotalCostDispatch,RTGeneratorProfitDual,gap,SSProfit
ObjectiveValue,-14412905527.538336,246550.00566236785,-14412905527.538336,0.0,-24359692.173380017
