,GeneratorProfitDual,TotalCostDispatch,RTGeneratorProfitDual,gap,SSProfit
ObjectiveValue,11666.178124487868,664758.8712330385,11666.178124487868,0.0,12400.981836427829
