,GeneratorProfitDual,TotalCostDispatch,RTGeneratorProfitDual,gap,SSProfit
ObjectiveValue,8136.4892172076225,665300.7557151522,8136.4892172076225,69.3637,12398.231058533383
