,GeneratorProfitDual,TotalCostDispatch,RTGeneratorProfitDual,gap,SSProfit
ObjectiveValue,1552.7493764332216,878.5152775767832,1552.7493764332216,0.0,1552.749376433128
