,GeneratorProfitDual,TotalCostDispatch,RTGeneratorProfitDual,gap,SSProfit
ObjectiveValue,1552.7493764332742,878.515277576744,1552.7493764332742,0.0,1552.7493764330811
