,GeneratorProfitDual,TotalCostDispatch,RTGeneratorProfitDual,gap,SSProfit
ObjectiveValue,-17299841136.363808,146928.6319124723,-17299841136.363808,0.0,-96375707.82049878
