,GeneratorProfitDual,TotalCostDispatch,RTGeneratorProfitDual,gap,SSProfit
ObjectiveValue,48495.38067904652,351108.87427554146,48495.38067904652,480.204,48495.38067904484
