,GeneratorProfitDual,TotalCostDispatch,RTGeneratorProfitDual,gap,SSProfit
ObjectiveValue,48366.50179040256,136683.94640029364,48366.50179040256,480.867,48366.50179040184
