,GeneratorProfitDual,TotalCostDispatch,RTGeneratorProfitDual,gap,SSProfit
ObjectiveValue,40780.6070608346,136103.79126840347,40780.6070608346,478.117,40780.60706083417
