,GeneratorProfitDual,TotalCostDispatch,RTGeneratorProfitDual,gap,SSProfit
ObjectiveValue,7555.31265668321,174888.52873701276,7555.31265668321,73.2036,7875.448081720979
