,GeneratorProfitDual,TotalCostDispatch,RTGeneratorProfitDual,gap,SSProfit
ObjectiveValue,-1954416006.3383238,59788.2581788903,-1954416006.3383238,0.0,11992949.671454174
