,GeneratorProfitDual,TotalCostDispatch,RTGeneratorProfitDual,gap,SSProfit
ObjectiveValue,-18818735581.427486,209535.60832785073,-18818735581.427486,0.0,-6877730.941054062
