,GeneratorProfitDual,TotalCostDispatch,RTGeneratorProfitDual,gap,SSProfit
ObjectiveValue,58234.98395732636,179885.0462190808,58234.98395732636,3527.05,58234.98395732581
