,GeneratorProfitDual,TotalCostDispatch,RTGeneratorProfitDual,gap,SSProfit
ObjectiveValue,48114.775640891494,179880.0863116288,48114.775640891494,9888.55,48114.7756408901
