,GeneratorProfitDual,TotalCostDispatch,RTGeneratorProfitDual,gap,SSProfit
ObjectiveValue,20408.408638742014,30741.46475871816,20408.408638742014,236.645,20408.408638741927
