,GeneratorProfitDual,TotalCostDispatch,RTGeneratorProfitDual,gap,SSProfit
ObjectiveValue,1251.0217982439642,312334.16613148013,1251.0217982439642,0.0,1233.3120090000007
