,GeneratorProfitDual,TotalCostDispatch,RTGeneratorProfitDual,gap,SSProfit
ObjectiveValue,-18811458079.430695,228905.02212743193,-18811458079.430695,0.0,-13010112.591281664
