,GeneratorProfitDual,TotalCostDispatch,RTGeneratorProfitDual,gap,SSProfit
ObjectiveValue,62195.42183464601,244035.27113105508,62195.42183464601,0.0,62205.892133569585
