,GeneratorProfitDual,TotalCostDispatch,RTGeneratorProfitDual,gap,SSProfit
ObjectiveValue,62431.13580149926,243799.5571642021,62431.13580149926,935.222,62468.123845460614
