,GeneratorProfitDual,TotalCostDispatch,RTGeneratorProfitDual,gap,SSProfit
ObjectiveValue,-16521311685.068228,48992.239391238276,-16521311685.068228,0.0,-68160906.8600664
