,GeneratorProfitDual,TotalCostDispatch,RTGeneratorProfitDual,gap,SSProfit
ObjectiveValue,48804.28724113589,342809.459011765,48804.28724113589,110.871,48783.49061412756
