,GeneratorProfitDual,TotalCostDispatch,RTGeneratorProfitDual,gap,SSProfit
ObjectiveValue,12291.7148373612,29152.39368005807,12291.7148373612,195.799,12508.896251114704
