,GeneratorProfitDual,TotalCostDispatch,RTGeneratorProfitDual,gap,SSProfit
ObjectiveValue,74230.1334418931,189481.5431875229,74230.1334418931,28994.0,74230.13344189123
