,GeneratorProfitDual,TotalCostDispatch,RTGeneratorProfitDual,gap,SSProfit
ObjectiveValue,21230.271394419557,320878.55110854097,21230.271394419557,179.917,21230.27139441927
