,GeneratorProfitDual,TotalCostDispatch,RTGeneratorProfitDual,gap,SSProfit
ObjectiveValue,21378.250164430665,320623.8543158409,21378.250164430665,176.751,21502.115449192996
