,GeneratorProfitDual,TotalCostDispatch,RTGeneratorProfitDual,gap,SSProfit
ObjectiveValue,1534.5151940436,38274.435400188915,1534.5151940436,750.321,1534.5151940430526
