,GeneratorProfitDual,TotalCostDispatch,RTGeneratorProfitDual,gap,SSProfit
ObjectiveValue,50419.37433902394,39843.60756481022,50419.37433902394,27814.7,50419.37433902354
