,GeneratorProfitDual,TotalCostDispatch,RTGeneratorProfitDual,gap,SSProfit
ObjectiveValue,2221.193231841653,311335.5677292752,2221.193231841653,0.0,2221.193231839882
