,GeneratorProfitDual,TotalCostDispatch,RTGeneratorProfitDual,gap,SSProfit
ObjectiveValue,9385.988769714077,39386.407473602754,9385.988769714077,289.377,9385.988769713424
