,GeneratorProfitDual,TotalCostDispatch,RTGeneratorProfitDual,gap,SSProfit
ObjectiveValue,9385.988769713855,39386.40747360283,9385.988769713855,8970.43,9385.988769713444
