,GeneratorProfitDual,TotalCostDispatch,RTGeneratorProfitDual,gap,SSProfit
ObjectiveValue,9385.988769714018,39386.40747360297,9385.988769714018,232.368,9385.98876971344
