,GeneratorProfitDual,TotalCostDispatch,RTGeneratorProfitDual,gap,SSProfit
ObjectiveValue,9249.723401721278,32949.57956482175,9249.723401721278,91.416,9249.723401721018
