,GeneratorProfitDual,TotalCostDispatch,RTGeneratorProfitDual,gap,SSProfit
ObjectiveValue,1868.3852935976356,5005.275563185096,1868.3852935976356,0.0,1868.3852935973498
