,GeneratorProfitDual,TotalCostDispatch,RTGeneratorProfitDual,gap,SSProfit
ObjectiveValue,-14137764591.687216,463981.14710321283,-14137764591.687216,0.0,-6092258.328777759
