,GeneratorProfitDual,TotalCostDispatch,RTGeneratorProfitDual,gap,SSProfit
ObjectiveValue,168.43225086748203,552965.5466698045,168.43225086748203,1.32965,148.08563151481258
