,GeneratorProfitDual,TotalCostDispatch,RTGeneratorProfitDual,gap,SSProfit
ObjectiveValue,53947.57426271909,244338.0647299635,53947.57426271909,21606.3,54539.361211460506
