,GeneratorProfitDual,TotalCostDispatch,RTGeneratorProfitDual,gap,SSProfit
ObjectiveValue,1868.3852935975606,12198.793460589712,1868.3852935975606,0.0,1868.3852935973493
