,GeneratorProfitDual,TotalCostDispatch,RTGeneratorProfitDual,gap,SSProfit
ObjectiveValue,4034.3512770015623,353648.1890361186,4034.3512770015623,5.05339,4034.351276999997
