,GeneratorProfitDual,TotalCostDispatch,RTGeneratorProfitDual,gap,SSProfit
ObjectiveValue,51.86738175613402,402825.258730986,51.86738175613402,0.117095,211.26192316290718
