,GeneratorProfitDual,TotalCostDispatch,RTGeneratorProfitDual,gap,SSProfit
ObjectiveValue,4016.4569115070535,325451.5250036182,4016.4569115070535,4.87896,4026.771197999992
