,GeneratorProfitDual,TotalCostDispatch,RTGeneratorProfitDual,gap,SSProfit
ObjectiveValue,66175.47106376466,67415.90371305584,66175.47106376466,894.121,66175.47106376337
