,GeneratorProfitDual,TotalCostDispatch,RTGeneratorProfitDual,gap,SSProfit
ObjectiveValue,66175.47106377053,67415.90371305011,66175.47106377053,2180.56,66175.47106376394
