,GeneratorProfitDual,TotalCostDispatch,RTGeneratorProfitDual,gap,SSProfit
ObjectiveValue,66175.47106376478,67415.90371305584,66175.47106376478,812.375,66175.47106376341
