,GeneratorProfitDual,TotalCostDispatch,RTGeneratorProfitDual,gap,SSProfit
ObjectiveValue,35211.717054554305,197286.8281467377,35211.717054554305,1450.64,35192.978896366796
