,GeneratorProfitDual,TotalCostDispatch,RTGeneratorProfitDual,gap,SSProfit
ObjectiveValue,42895.38140554892,87391.8869359573,42895.38140554892,10393.4,42895.381405547894
