,GeneratorProfitDual,TotalCostDispatch,RTGeneratorProfitDual,gap,SSProfit
ObjectiveValue,42895.381405552194,87391.88693595392,42895.381405552194,19216.4,42895.38140554801
