,GeneratorProfitDual,TotalCostDispatch,RTGeneratorProfitDual,gap,SSProfit
ObjectiveValue,-1912943262.4867086,69687.98799356136,-1912943262.4867086,0.0,14293378.893152531
