,GeneratorProfitDual,TotalCostDispatch,RTGeneratorProfitDual,gap,SSProfit
ObjectiveValue,-1921848979.4112725,122400.29470830677,-1921848979.4112725,0.0,21573774.628143378
