,GeneratorProfitDual,TotalCostDispatch,RTGeneratorProfitDual,gap,SSProfit
ObjectiveValue,37860.7524672882,30904.545856824603,37860.7524672882,378.405,43204.74902321472
