,GeneratorProfitDual,TotalCostDispatch,RTGeneratorProfitDual,gap,SSProfit
ObjectiveValue,-18981333803.76535,270495.89212683454,-18981333803.76535,0.0,-40085718.95232064
