,GeneratorProfitDual,TotalCostDispatch,RTGeneratorProfitDual,gap,SSProfit
ObjectiveValue,-1924473129.2932909,113461.87485448606,-1924473129.2932909,0.0,21884257.667438097
