,GeneratorProfitDual,TotalCostDispatch,RTGeneratorProfitDual,gap,SSProfit
ObjectiveValue,-2027431199.9380944,92137.51399740849,-2027431199.9380944,0.0,12785069.734814337
