,GeneratorProfitDual,TotalCostDispatch,RTGeneratorProfitDual,gap,SSProfit
ObjectiveValue,-16037424170.991873,428957.4746183484,-16037424170.991873,0.0,-8428891.579904752
