,GeneratorProfitDual,TotalCostDispatch,RTGeneratorProfitDual,gap,SSProfit
ObjectiveValue,45848.76675397324,218410.30888447893,45848.76675397324,711.701,46140.94105035848
