,GeneratorProfitDual,TotalCostDispatch,RTGeneratorProfitDual,gap,SSProfit
ObjectiveValue,2914.355179969556,19680.99489955618,2914.355179969556,29.0586,2914.3551799691722
