,GeneratorProfitDual,TotalCostDispatch,RTGeneratorProfitDual,gap,SSProfit
ObjectiveValue,8014.850388018207,263394.22651091724,8014.850388018207,190.993,8020.893820431424
