,GeneratorProfitDual,TotalCostDispatch,RTGeneratorProfitDual,gap,SSProfit
ObjectiveValue,6456.684036004877,55405.60970339345,6456.684036004877,4.28065,6456.684036004159
