,GeneratorProfitDual,TotalCostDispatch,RTGeneratorProfitDual,gap,SSProfit
ObjectiveValue,22569.490963595134,313628.6687536886,22569.490963595134,192.698,22783.762172758372
