,GeneratorProfitDual,TotalCostDispatch,RTGeneratorProfitDual,gap,SSProfit
ObjectiveValue,4233.518486828449,72607.86971190735,4233.518486828449,10.2762,4233.518486827048
