,GeneratorProfitDual,TotalCostDispatch,RTGeneratorProfitDual,gap,SSProfit
ObjectiveValue,-14116524547.561934,192724.13153989855,-14116524547.561934,0.0,-31098749.273811787
