,GeneratorProfitDual,TotalCostDispatch,RTGeneratorProfitDual,gap,SSProfit
ObjectiveValue,-14776019909.13067,154334.65314015292,-14776019909.13067,0.0,-1336111.143956488
