,GeneratorProfitDual,TotalCostDispatch,RTGeneratorProfitDual,gap,SSProfit
ObjectiveValue,16235.239698799494,23194.14349200553,16235.239698799494,130.715,27149.65167511216
