,GeneratorProfitDual,TotalCostDispatch,RTGeneratorProfitDual,gap,SSProfit
ObjectiveValue,2465.206370365948,16718.75010928275,2465.206370365948,10.6318,2465.206370365775
