,GeneratorProfitDual,TotalCostDispatch,RTGeneratorProfitDual,gap,SSProfit
ObjectiveValue,13042.234179689522,515558.2362244303,13042.234179689522,5.23033,13180.3068972509
