,GeneratorProfitDual,TotalCostDispatch,RTGeneratorProfitDual,gap,SSProfit
ObjectiveValue,12472.195080770378,26664.60478881461,12472.195080770378,21085.1,12472.195080769641
