,GeneratorProfitDual,TotalCostDispatch,RTGeneratorProfitDual,gap,SSProfit
ObjectiveValue,7810.37046064932,334198.74647015403,7810.37046064932,62.4913,7946.60069496435
