,GeneratorProfitDual,TotalCostDispatch,RTGeneratorProfitDual,gap,SSProfit
ObjectiveValue,-1964152186.933357,38274.43540018939,-1964152186.933357,0.0,18969940.099597573
