,GeneratorProfitDual,TotalCostDispatch,RTGeneratorProfitDual,gap,SSProfit
ObjectiveValue,70504.56116621371,176600.26847692803,70504.56116621371,816.409,72010.07618669095
