,GeneratorProfitDual,TotalCostDispatch,RTGeneratorProfitDual,gap,SSProfit
ObjectiveValue,64420.13827612442,119409.66586938642,64420.13827612442,615.922,64420.13827612434
