,GeneratorProfitDual,TotalCostDispatch,RTGeneratorProfitDual,gap,SSProfit
ObjectiveValue,65694.0459636818,119409.66586938666,65694.0459636818,655.761,65694.04596368207
