,GeneratorProfitDual,TotalCostDispatch,RTGeneratorProfitDual,gap,SSProfit
ObjectiveValue,65647.91846141643,119658.9237432675,65647.91846141643,614.089,65647.91846141618
