,GeneratorProfitDual,TotalCostDispatch,RTGeneratorProfitDual,gap,SSProfit
ObjectiveValue,61414.427085833755,300050.4201589318,61414.427085833755,743.163,61481.87674116234
