,GeneratorProfitDual,TotalCostDispatch,RTGeneratorProfitDual,gap,SSProfit
ObjectiveValue,10360.530469771371,26664.60478881361,10360.530469771371,193.338,10360.530469769703
