,GeneratorProfitDual,TotalCostDispatch,RTGeneratorProfitDual,gap,SSProfit
ObjectiveValue,33185.81192244184,56103.63405055945,33185.81192244184,8347.69,33185.811922441244
