,GeneratorProfitDual,TotalCostDispatch,RTGeneratorProfitDual,gap,SSProfit
ObjectiveValue,33172.544196751725,56136.478422669265,33172.544196751725,8536.37,33172.54419675123
