,GeneratorProfitDual,TotalCostDispatch,RTGeneratorProfitDual,gap,SSProfit
ObjectiveValue,33193.420654688525,56103.26848539623,33193.420654688525,660.036,33193.42065468823
