,GeneratorProfitDual,TotalCostDispatch,RTGeneratorProfitDual,gap,SSProfit
ObjectiveValue,28405.041443461676,64021.28131551203,28405.041443461676,306.288,28416.24111850796
