,GeneratorProfitDual,TotalCostDispatch,RTGeneratorProfitDual,gap,SSProfit
ObjectiveValue,7335.983912272795,57696.83957954858,7335.983912272795,23.5101,7335.983912270256
