,GeneratorProfitDual,TotalCostDispatch,RTGeneratorProfitDual,gap,SSProfit
ObjectiveValue,1800.7656977016895,80891.5270683527,1800.7656977016895,0.0,1800.765697701714
