,GeneratorProfitDual,TotalCostDispatch,RTGeneratorProfitDual,gap,SSProfit
ObjectiveValue,1514.9509644517718,428995.3966640634,1514.9509644517718,11.337,2228.301216823765
