,GeneratorProfitDual,TotalCostDispatch,RTGeneratorProfitDual,gap,SSProfit
ObjectiveValue,38930.3305520002,65733.72721879366,38930.3305520002,677.347,38930.33055199846
