,GeneratorProfitDual,TotalCostDispatch,RTGeneratorProfitDual,gap,SSProfit
ObjectiveValue,56228.87259847781,73463.14569953906,56228.87259847781,9064.18,56228.87259847789
