,GeneratorProfitDual,TotalCostDispatch,RTGeneratorProfitDual,gap,SSProfit
ObjectiveValue,38090.64763583535,71063.13931929688,38090.64763583535,680.709,38453.558011861234
