,GeneratorProfitDual,TotalCostDispatch,RTGeneratorProfitDual,gap,SSProfit
ObjectiveValue,-1928928632.308775,100598.87069987861,-1928928632.308775,0.0,22253535.976689316
