,GeneratorProfitDual,TotalCostDispatch,RTGeneratorProfitDual,gap,SSProfit
ObjectiveValue,29914.163767458216,405998.53760053124,29914.163767458216,77.725,29914.163767448146
