,GeneratorProfitDual,TotalCostDispatch,RTGeneratorProfitDual,gap,SSProfit
ObjectiveValue,48705.99927895298,169188.2418953757,48705.99927895298,26110.9,48705.99927894858
