,GeneratorProfitDual,TotalCostDispatch,RTGeneratorProfitDual,gap,SSProfit
ObjectiveValue,17915.951832540846,34585.387732817595,17915.951832540846,233.233,17915.95183253908
