,GeneratorProfitDual,TotalCostDispatch,RTGeneratorProfitDual,gap,SSProfit
ObjectiveValue,7944.998540357025,309983.06351757457,7944.998540357025,59.896,7949.622259781344
