,GeneratorProfitDual,TotalCostDispatch,RTGeneratorProfitDual,gap,SSProfit
ObjectiveValue,39551.46409192908,60228.850596108925,39551.46409192908,72850.7,39551.46409192769
