,GeneratorProfitDual,TotalCostDispatch,RTGeneratorProfitDual,gap,SSProfit
ObjectiveValue,11735.179240612424,59594.99677058039,11735.179240612424,56826.1,11735.179240611878
