,GeneratorProfitDual,TotalCostDispatch,RTGeneratorProfitDual,gap,SSProfit
ObjectiveValue,11735.179240612108,59594.996770580416,11735.179240612108,42856.1,11735.179240611915
