,GeneratorProfitDual,TotalCostDispatch,RTGeneratorProfitDual,gap,SSProfit
ObjectiveValue,67282.71609531193,68164.61244617605,67282.71609531193,20565.3,67282.71609531119
