,GeneratorProfitDual,TotalCostDispatch,RTGeneratorProfitDual,gap,SSProfit
ObjectiveValue,39823.974419375765,65996.17759946128,39823.974419375765,9386.79,39823.974419374834
