,GeneratorProfitDual,TotalCostDispatch,RTGeneratorProfitDual,gap,SSProfit
ObjectiveValue,102668.85077453498,358672.248055753,102668.85077453498,1026.34,102670.2581818559
