,GeneratorProfitDual,TotalCostDispatch,RTGeneratorProfitDual,gap,SSProfit
ObjectiveValue,6850.319080529271,153787.88154956358,6850.319080529271,7.44758,6850.319080524431
