,GeneratorProfitDual,TotalCostDispatch,RTGeneratorProfitDual,gap,SSProfit
ObjectiveValue,62365.317248983076,228260.20240210544,62365.317248983076,2911.83,62920.15928817642
