,GeneratorProfitDual,TotalCostDispatch,RTGeneratorProfitDual,gap,SSProfit
ObjectiveValue,44497.98134224271,219936.61256704517,44497.98134224271,619.353,44820.00814099826
