,GeneratorProfitDual,TotalCostDispatch,RTGeneratorProfitDual,gap,SSProfit
ObjectiveValue,3340.231588808289,55106.34597819217,3340.231588808289,0.0,3340.2315888076237
