,GeneratorProfitDual,TotalCostDispatch,RTGeneratorProfitDual,gap,SSProfit
ObjectiveValue,26672.53778586277,82652.95695575645,26672.53778586277,0.0,26672.537785852983
