,GeneratorProfitDual,TotalCostDispatch,RTGeneratorProfitDual,gap,SSProfit
ObjectiveValue,32626.49237563472,82652.95695575284,32626.49237563472,478.461,33146.2427702672
