,GeneratorProfitDual,TotalCostDispatch,RTGeneratorProfitDual,gap,SSProfit
ObjectiveValue,32619.883835079905,82668.30859558863,32619.883835079905,436.81,33067.23477933903
