,GeneratorProfitDual,TotalCostDispatch,RTGeneratorProfitDual,gap,SSProfit
ObjectiveValue,12261.81595128464,62996.73094093844,12261.81595128464,215.945,16571.630222027266
