,GeneratorProfitDual,TotalCostDispatch,RTGeneratorProfitDual,gap,SSProfit
ObjectiveValue,16450.89927923545,62920.492561788255,16450.89927923545,1947.97,16571.630222027256
