,GeneratorProfitDual,TotalCostDispatch,RTGeneratorProfitDual,gap,SSProfit
ObjectiveValue,-16042819880.176939,274991.49946415605,-16042819880.176939,0.0,-18567970.091645345
