,GeneratorProfitDual,TotalCostDispatch,RTGeneratorProfitDual,gap,SSProfit
ObjectiveValue,39189.53320302423,486383.6563748411,39189.53320302423,370.084,39225.01368120944
