,GeneratorProfitDual,TotalCostDispatch,RTGeneratorProfitDual,gap,SSProfit
ObjectiveValue,-1917275586.656423,206954.07012166508,-1917275586.656423,0.0,13747734.455027465
