,GeneratorProfitDual,TotalCostDispatch,RTGeneratorProfitDual,gap,SSProfit
ObjectiveValue,3086.795884683085,147697.52112151188,3086.795884683085,29.0969,3086.7958846813954
