,GeneratorProfitDual,TotalCostDispatch,RTGeneratorProfitDual,gap,SSProfit
ObjectiveValue,1586.3855390300848,337437.87378001935,1586.3855390300848,15.1208,1586.385539027216
