,GeneratorProfitDual,TotalCostDispatch,RTGeneratorProfitDual,gap,SSProfit
ObjectiveValue,58216.704442283386,74537.40300366553,58216.704442283386,45092.2,58216.70444227938
