,GeneratorProfitDual,TotalCostDispatch,RTGeneratorProfitDual,gap,SSProfit
ObjectiveValue,58216.704442280534,74537.40300366841,58216.704442280534,11779.1,58216.70444227938
