,GeneratorProfitDual,TotalCostDispatch,RTGeneratorProfitDual,gap,SSProfit
ObjectiveValue,48441.516672320126,175436.27726477993,48441.516672320126,0.0,48996.7549097284
