,GeneratorProfitDual,TotalCostDispatch,RTGeneratorProfitDual,gap,SSProfit
ObjectiveValue,1797.4042294830872,302740.24656564865,1797.4042294830872,0.0,2037.1891049999872
