,GeneratorProfitDual,TotalCostDispatch,RTGeneratorProfitDual,gap,SSProfit
ObjectiveValue,3439.2562961915455,18971.581678146667,3439.2562961915455,18.1093,3439.256296190991
