,GeneratorProfitDual,TotalCostDispatch,RTGeneratorProfitDual,gap,SSProfit
ObjectiveValue,5410.245460641725,16827.31123266006,5410.245460641725,0.0,5410.24546064136
