,GeneratorProfitDual,TotalCostDispatch,RTGeneratorProfitDual,gap,SSProfit
ObjectiveValue,67527.1578904933,332855.25340393145,67527.1578904933,0.0,67527.15789049304
