,GeneratorProfitDual,TotalCostDispatch,RTGeneratorProfitDual,gap,SSProfit
ObjectiveValue,-1920924455.4604194,126364.67602530673,-1920924455.4604194,0.0,21342427.97962021
