,GeneratorProfitDual,TotalCostDispatch,RTGeneratorProfitDual,gap,SSProfit
ObjectiveValue,2217.04192238833,12091.63898277202,2217.04192238833,0.0,2217.0419223879544
