,GeneratorProfitDual,TotalCostDispatch,RTGeneratorProfitDual,gap,SSProfit
ObjectiveValue,106281.69222902798,174748.12934960486,106281.69222902798,18158.3,106281.69222902549
