,GeneratorProfitDual,TotalCostDispatch,RTGeneratorProfitDual,gap,SSProfit
ObjectiveValue,106281.69222902844,174748.12934960471,106281.69222902844,20389.2,106281.69222902547
