,GeneratorProfitDual,TotalCostDispatch,RTGeneratorProfitDual,gap,SSProfit
ObjectiveValue,106990.8954512661,174748.33600954822,106990.8954512661,22786.5,106991.10211120699
