,GeneratorProfitDual,TotalCostDispatch,RTGeneratorProfitDual,gap,SSProfit
ObjectiveValue,9668.256421463628,22165.736006265593,9668.256421463628,92.2443,9668.256421463455
