,GeneratorProfitDual,TotalCostDispatch,RTGeneratorProfitDual,gap,SSProfit
ObjectiveValue,3151.789698767086,36558.16129075948,3151.789698767086,0.0,3151.7896987669033
