,GeneratorProfitDual,TotalCostDispatch,RTGeneratorProfitDual,gap,SSProfit
ObjectiveValue,2106.5818468742664,74506.08464404049,2106.5818468742664,153.422,6651.363823649444
