,GeneratorProfitDual,TotalCostDispatch,RTGeneratorProfitDual,gap,SSProfit
ObjectiveValue,-1730450840.855653,255008.18782874692,-1730450840.855653,0.0,6612572.564474568
