,GeneratorProfitDual,TotalCostDispatch,RTGeneratorProfitDual,gap,SSProfit
ObjectiveValue,41023.22707009889,255192.4371504975,41023.22707009889,5350.43,41295.3241778652
