,GeneratorProfitDual,TotalCostDispatch,RTGeneratorProfitDual,gap,SSProfit
ObjectiveValue,-1926183754.3364317,255008.18782874686,-1926183754.3364317,0.0,5913242.788446631
