,GeneratorProfitDual,TotalCostDispatch,RTGeneratorProfitDual,gap,SSProfit
ObjectiveValue,-1922875178.3807726,258178.51514184597,-1922875178.3807726,0.0,5995643.670264029
