,GeneratorProfitDual,TotalCostDispatch,RTGeneratorProfitDual,gap,SSProfit
ObjectiveValue,35799.116300389396,335990.4153362352,35799.116300389396,297.92,35799.11630038565
