,GeneratorProfitDual,TotalCostDispatch,RTGeneratorProfitDual,gap,SSProfit
ObjectiveValue,29718.904368979915,17779.040042116292,29718.904368979915,284.208,29718.904368978074
