,GeneratorProfitDual,TotalCostDispatch,RTGeneratorProfitDual,gap,SSProfit
ObjectiveValue,25507.146807548466,169626.75466718388,25507.146807548466,0.0,57715.694505677064
