,GeneratorProfitDual,TotalCostDispatch,RTGeneratorProfitDual,gap,SSProfit
ObjectiveValue,59813.46002819956,169511.13296886976,59813.46002819956,57678.2,59975.63279922009
