,GeneratorProfitDual,TotalCostDispatch,RTGeneratorProfitDual,gap,SSProfit
ObjectiveValue,115191.83712393079,65688.81848718367,115191.83712393079,2165.95,115192.28162114303
