,GeneratorProfitDual,TotalCostDispatch,RTGeneratorProfitDual,gap,SSProfit
ObjectiveValue,-14763492364.789257,263140.3158789125,-14763492364.789257,0.0,-4639270.676159046
