,GeneratorProfitDual,TotalCostDispatch,RTGeneratorProfitDual,gap,SSProfit
ObjectiveValue,82483.65973667342,259091.50264998374,82483.65973667342,7329.83,82487.97455089245
