,GeneratorProfitDual,TotalCostDispatch,RTGeneratorProfitDual,gap,SSProfit
ObjectiveValue,12648.636111793954,74856.11794647807,12648.636111793954,25743.8,12844.018063851592
