,GeneratorProfitDual,TotalCostDispatch,RTGeneratorProfitDual,gap,SSProfit
ObjectiveValue,52554.62264020551,351108.87427554064,52554.62264020551,547.309,52514.08783915481
