,GeneratorProfitDual,TotalCostDispatch,RTGeneratorProfitDual,gap,SSProfit
ObjectiveValue,39912.77141073576,277316.43954043434,39912.77141073576,398.696,39922.676682573336
