,GeneratorProfitDual,TotalCostDispatch,RTGeneratorProfitDual,gap,SSProfit
ObjectiveValue,35961.08032225178,274366.23203005956,35961.08032225178,176.917,36199.66642562625
