,GeneratorProfitDual,TotalCostDispatch,RTGeneratorProfitDual,gap,SSProfit
ObjectiveValue,18449.090616876438,133130.81003243857,18449.090616876438,457.775,19155.962916267585
