,GeneratorProfitDual,TotalCostDispatch,RTGeneratorProfitDual,gap,SSProfit
ObjectiveValue,2914.355179969715,34585.3877328187,2914.355179969715,0.0,2914.355179969166
