,GeneratorProfitDual,TotalCostDispatch,RTGeneratorProfitDual,gap,SSProfit
ObjectiveValue,318.7761354360632,552973.4360545953,318.7761354360632,0.609343,318.8357719906844
