,GeneratorProfitDual,TotalCostDispatch,RTGeneratorProfitDual,gap,SSProfit
ObjectiveValue,3403.025792234501,386980.55459834705,3403.025792234501,32.2905,3639.8357262117656
