,GeneratorProfitDual,TotalCostDispatch,RTGeneratorProfitDual,gap,SSProfit
ObjectiveValue,1760.7994895950383,307497.658180026,1760.7994895950383,0.0,1760.799489591769
