,GeneratorProfitDual,TotalCostDispatch,RTGeneratorProfitDual,gap,SSProfit
ObjectiveValue,7916.157244380897,238000.95898394773,7916.157244380897,61.9019,8051.793434082072
