,GeneratorProfitDual,TotalCostDispatch,RTGeneratorProfitDual,gap,SSProfit
ObjectiveValue,-1941139121.409318,212542.90958496742,-1941139121.409318,0.0,9576698.468933314
