,GeneratorProfitDual,TotalCostDispatch,RTGeneratorProfitDual,gap,SSProfit
ObjectiveValue,3097.392979320853,24205.325933448723,3097.392979320853,22.1421,3097.392979320505
