,GeneratorProfitDual,TotalCostDispatch,RTGeneratorProfitDual,gap,SSProfit
ObjectiveValue,5807.103206543231,70995.78895024543,5807.103206543231,628.09,6658.877202352989
