,GeneratorProfitDual,TotalCostDispatch,RTGeneratorProfitDual,gap,SSProfit
ObjectiveValue,833.4740488971279,406013.9375691376,833.4740488971279,0.874774,816.3892102732365
