,GeneratorProfitDual,TotalCostDispatch,RTGeneratorProfitDual,gap,SSProfit
ObjectiveValue,-1934316746.724461,161341.24979568538,-1934316746.724461,0.0,9994965.427563014
