,GeneratorProfitDual,TotalCostDispatch,RTGeneratorProfitDual,gap,SSProfit
ObjectiveValue,90177.86687785744,161341.24979568424,90177.86687785744,694.895,90177.86687785752
