,GeneratorProfitDual,TotalCostDispatch,RTGeneratorProfitDual,gap,SSProfit
ObjectiveValue,89574.17899627518,225885.09941827823,89574.17899627518,10244.4,89588.3441497937
