,GeneratorProfitDual,TotalCostDispatch,RTGeneratorProfitDual,gap,SSProfit
ObjectiveValue,59299.964909200426,204490.89882655806,59299.964909200426,1888.48,61095.83886406945
