,GeneratorProfitDual,TotalCostDispatch,RTGeneratorProfitDual,gap,SSProfit
ObjectiveValue,55782.866002025476,268885.5945050399,55782.866002025476,7185.31,55782.866002024864
