,GeneratorProfitDual,TotalCostDispatch,RTGeneratorProfitDual,gap,SSProfit
ObjectiveValue,95719.27265359882,247526.53035231377,95719.27265359882,5672.21,95719.27265359506
