,GeneratorProfitDual,TotalCostDispatch,RTGeneratorProfitDual,gap,SSProfit
ObjectiveValue,88282.44641966939,246736.81947927308,88282.44641966939,8391.43,88282.44641966705
