,GeneratorProfitDual,TotalCostDispatch,RTGeneratorProfitDual,gap,SSProfit
ObjectiveValue,-1965447212.9676547,140085.665113805,-1965447212.9676547,0.0,9710169.164844971
