,GeneratorProfitDual,TotalCostDispatch,RTGeneratorProfitDual,gap,SSProfit
ObjectiveValue,-1908207679.5998979,59272.27717956662,-1908207679.5998979,0.0,13095522.383388095
