,GeneratorProfitDual,TotalCostDispatch,RTGeneratorProfitDual,gap,SSProfit
ObjectiveValue,5640.365991572406,30719.723802442306,5640.365991572406,40.4391,5640.365991571594
