,GeneratorProfitDual,TotalCostDispatch,RTGeneratorProfitDual,gap,SSProfit
ObjectiveValue,1868.3852935979066,11553.102415186877,1868.3852935979066,0.0,1868.385293597361
