,GeneratorProfitDual,TotalCostDispatch,RTGeneratorProfitDual,gap,SSProfit
ObjectiveValue,104752.28459733476,180018.3901160421,104752.28459733476,51061.9,104752.28459733233
