,GeneratorProfitDual,TotalCostDispatch,RTGeneratorProfitDual,gap,SSProfit
ObjectiveValue,11277.663822930874,77821.30938973009,11277.663822930874,3131.14,11277.663822928038
