,GeneratorProfitDual,TotalCostDispatch,RTGeneratorProfitDual,gap,SSProfit
ObjectiveValue,-1919069738.0838416,16691.11382082991,-1919069738.0838416,0.0,18155065.56712445
