,GeneratorProfitDual,TotalCostDispatch,RTGeneratorProfitDual,gap,SSProfit
ObjectiveValue,7073.599290504229,451338.8189674083,7073.599290504229,2.69624,7073.599290500541
