,GeneratorProfitDual,TotalCostDispatch,RTGeneratorProfitDual,gap,SSProfit
ObjectiveValue,1868.3852935985574,26021.747557038027,1868.3852935985574,0.0,1868.3852935973498
