,GeneratorProfitDual,TotalCostDispatch,RTGeneratorProfitDual,gap,SSProfit
ObjectiveValue,16497.266227163695,16718.750109282755,16497.266227163695,0.0,16497.266227163476
