,GeneratorProfitDual,TotalCostDispatch,RTGeneratorProfitDual,gap,SSProfit
ObjectiveValue,8053.542396002974,282748.93752538285,8053.542396002974,0.0,8053.542395999983
