,GeneratorProfitDual,TotalCostDispatch,RTGeneratorProfitDual,gap,SSProfit
ObjectiveValue,17945.601196469903,126284.7395029896,17945.601196469903,352.834,17945.60119646927
