,GeneratorProfitDual,TotalCostDispatch,RTGeneratorProfitDual,gap,SSProfit
ObjectiveValue,37931.76654601926,299500.8580488001,37931.76654601926,2396.33,38018.788568592914
