,GeneratorProfitDual,TotalCostDispatch,RTGeneratorProfitDual,gap,SSProfit
ObjectiveValue,2266.0758669680313,23564.2597456106,2266.0758669680313,0.0,2266.0758669678344
