,GeneratorProfitDual,TotalCostDispatch,RTGeneratorProfitDual,gap,SSProfit
ObjectiveValue,21225.571231508573,19123.341719811724,21225.571231508573,1721.0,21225.571231506074
