,GeneratorProfitDual,TotalCostDispatch,RTGeneratorProfitDual,gap,SSProfit
ObjectiveValue,21225.571231506612,19123.34171981337,21225.571231506612,284.271,21225.5712315061
