,GeneratorProfitDual,TotalCostDispatch,RTGeneratorProfitDual,gap,SSProfit
ObjectiveValue,7927.272147752095,184317.5304392811,7927.272147752095,0.0,7927.272147744938
