,GeneratorProfitDual,TotalCostDispatch,RTGeneratorProfitDual,gap,SSProfit
ObjectiveValue,-17268894528.466198,306432.9789904398,-17268894528.466198,0.0,-8961954.885211704
