,GeneratorProfitDual,TotalCostDispatch,RTGeneratorProfitDual,gap,SSProfit
ObjectiveValue,34438.475886808,589823.9922927996,34438.475886808,350.703,34854.882768718686
