,GeneratorProfitDual,TotalCostDispatch,RTGeneratorProfitDual,gap,SSProfit
ObjectiveValue,-15895568919.280869,113584.77980530437,-15895568919.280869,0.0,-26334960.41023466
