,GeneratorProfitDual,TotalCostDispatch,RTGeneratorProfitDual,gap,SSProfit
ObjectiveValue,-1925683836.2661302,292452.3750216092,-1925683836.2661302,0.0,4884385.38984016
