,GeneratorProfitDual,TotalCostDispatch,RTGeneratorProfitDual,gap,SSProfit
ObjectiveValue,-1922053788.921293,292452.3750216092,-1922053788.921293,0.0,4674370.746872387
