,GeneratorProfitDual,TotalCostDispatch,RTGeneratorProfitDual,gap,SSProfit
ObjectiveValue,21305.36681195852,320091.401573152,21305.36681195852,2905.08,26335.2054853629
