,GeneratorProfitDual,TotalCostDispatch,RTGeneratorProfitDual,gap,SSProfit
ObjectiveValue,-1922501936.823374,296516.69463707006,-1922501936.823374,0.0,5012636.390848154
