,GeneratorProfitDual,TotalCostDispatch,RTGeneratorProfitDual,gap,SSProfit
ObjectiveValue,43503.41610845879,182832.3605642616,43503.41610845879,41884.6,43503.288652205214
