,GeneratorProfitDual,TotalCostDispatch,RTGeneratorProfitDual,gap,SSProfit
ObjectiveValue,-1969483907.307813,27324.991167645294,-1969483907.307813,0.0,11484682.391782833
