,GeneratorProfitDual,TotalCostDispatch,RTGeneratorProfitDual,gap,SSProfit
ObjectiveValue,-1920405905.4575665,129007.59690330675,-1920405905.4575665,0.0,21148145.014622353
