,GeneratorProfitDual,TotalCostDispatch,RTGeneratorProfitDual,gap,SSProfit
ObjectiveValue,-16271961266.068098,94019.03931576804,-16271961266.068098,0.0,-33743048.30947057
