,GeneratorProfitDual,TotalCostDispatch,RTGeneratorProfitDual,gap,SSProfit
ObjectiveValue,7958.539021588755,31881.943426637736,7958.539021588755,0.0,7958.539021588378
