,GeneratorProfitDual,TotalCostDispatch,RTGeneratorProfitDual,gap,SSProfit
ObjectiveValue,7163.334656728923,39836.663892842516,7163.334656728923,1303.79,7163.334656728536
