,GeneratorProfitDual,TotalCostDispatch,RTGeneratorProfitDual,gap,SSProfit
ObjectiveValue,7163.3346567292365,39836.66389284222,7163.3346567292365,0.0,7163.334656728536
