,GeneratorProfitDual,TotalCostDispatch,RTGeneratorProfitDual,gap,SSProfit
ObjectiveValue,3315.9521089504465,229913.58400804317,3315.9521089504465,21.6942,3380.9711968046663
