,GeneratorProfitDual,TotalCostDispatch,RTGeneratorProfitDual,gap,SSProfit
ObjectiveValue,-15315097385.847128,356231.5064452545,-15315097385.847128,0.0,-5175708.970758977
