,GeneratorProfitDual,TotalCostDispatch,RTGeneratorProfitDual,gap,SSProfit
ObjectiveValue,7706.54725697251,151163.67046602513,7706.54725697251,74.7944,7876.673885999991
