,GeneratorProfitDual,TotalCostDispatch,RTGeneratorProfitDual,gap,SSProfit
ObjectiveValue,5670.447773105349,63343.41002577728,5670.447773105349,6003.28,5670.447773103011
