,GeneratorProfitDual,TotalCostDispatch,RTGeneratorProfitDual,gap,SSProfit
ObjectiveValue,8053.542396000588,351108.87427554256,8053.542396000588,0.0,8053.54239599999
