,GeneratorProfitDual,TotalCostDispatch,RTGeneratorProfitDual,gap,SSProfit
ObjectiveValue,33869.57029636539,315837.7465318871,33869.57029636539,314.392,33869.570296363985
