,GeneratorProfitDual,TotalCostDispatch,RTGeneratorProfitDual,gap,SSProfit
ObjectiveValue,33902.32783021954,316980.0943698557,33902.32783021954,225.37,37806.43808549721
