,GeneratorProfitDual,TotalCostDispatch,RTGeneratorProfitDual,gap,SSProfit
ObjectiveValue,30573.485048432976,188212.7780199453,30573.485048432976,505.492,30683.120772303453
