,GeneratorProfitDual,TotalCostDispatch,RTGeneratorProfitDual,gap,SSProfit
ObjectiveValue,5901.497388004376,344864.6651721943,5901.497388004376,34.0041,5917.862956940371
