,GeneratorProfitDual,TotalCostDispatch,RTGeneratorProfitDual,gap,SSProfit
ObjectiveValue,3964.381317001887,262435.4272458046,3964.381317001887,0.0,3964.381317000023
