,GeneratorProfitDual,TotalCostDispatch,RTGeneratorProfitDual,gap,SSProfit
ObjectiveValue,-1759741460.7406049,123311.80746445814,-1759741460.7406049,0.0,16035607.64896501
