,GeneratorProfitDual,TotalCostDispatch,RTGeneratorProfitDual,gap,SSProfit
ObjectiveValue,-16272014340.484806,28991.426712004908,-16272014340.484806,0.0,-62835377.73981246
