,GeneratorProfitDual,TotalCostDispatch,RTGeneratorProfitDual,gap,SSProfit
ObjectiveValue,24673.63439765372,31096.636198225227,24673.63439765372,242.725,38356.690758428274
