,GeneratorProfitDual,TotalCostDispatch,RTGeneratorProfitDual,gap,SSProfit
ObjectiveValue,36879.913727189974,207705.2554765625,36879.913727189974,347.395,36879.913727187784
