,GeneratorProfitDual,TotalCostDispatch,RTGeneratorProfitDual,gap,SSProfit
ObjectiveValue,13426.550136689368,46220.30556463285,13426.550136689368,302.414,13426.550136688023
