,GeneratorProfitDual,TotalCostDispatch,RTGeneratorProfitDual,gap,SSProfit
ObjectiveValue,13426.550136691134,46220.3055646312,13426.550136691134,0.0,13426.550136688065
