,GeneratorProfitDual,TotalCostDispatch,RTGeneratorProfitDual,gap,SSProfit
ObjectiveValue,3742.955261456904,308297.6696771798,3742.955261456904,284.597,3729.1101116301124
