,GeneratorProfitDual,TotalCostDispatch,RTGeneratorProfitDual,gap,SSProfit
ObjectiveValue,55387.47731294026,254424.4148927619,55387.47731294026,554.034,55520.64195140481
