,GeneratorProfitDual,TotalCostDispatch,RTGeneratorProfitDual,gap,SSProfit
ObjectiveValue,-16955504441.469799,148430.4041711186,-16955504441.469799,0.0,-58506273.62904381
