,GeneratorProfitDual,TotalCostDispatch,RTGeneratorProfitDual,gap,SSProfit
ObjectiveValue,-14145451718.412167,386674.9944756038,-14145451718.412167,0.0,-913792.6290341229
