,GeneratorProfitDual,TotalCostDispatch,RTGeneratorProfitDual,gap,SSProfit
ObjectiveValue,-1996599984.6972768,29144.764035794156,-1996599984.6972768,0.0,15747889.50131475
