,GeneratorProfitDual,TotalCostDispatch,RTGeneratorProfitDual,gap,SSProfit
ObjectiveValue,12.115148952279924,582268.5857584137,12.115148952279924,0.0,12.115148939977757
