,GeneratorProfitDual,TotalCostDispatch,RTGeneratorProfitDual,gap,SSProfit
ObjectiveValue,46819.20739825115,129344.8711055906,46819.20739825115,3156.86,46819.20739825069
