,GeneratorProfitDual,TotalCostDispatch,RTGeneratorProfitDual,gap,SSProfit
ObjectiveValue,-1964306822.8655982,29819.070140452255,-1964306822.8655982,0.0,11351770.120493311
