,GeneratorProfitDual,TotalCostDispatch,RTGeneratorProfitDual,gap,SSProfit
ObjectiveValue,43382.99846169964,552965.5466698045,43382.99846169964,203.621,43362.62644137368
