,GeneratorProfitDual,TotalCostDispatch,RTGeneratorProfitDual,gap,SSProfit
ObjectiveValue,13246.489929377345,63743.6037370157,13246.489929377345,450.206,13246.489929376625
