,GeneratorProfitDual,TotalCostDispatch,RTGeneratorProfitDual,gap,SSProfit
ObjectiveValue,13246.489929377161,63743.60373701563,13246.489929377161,255.864,13246.48992937653
