,GeneratorProfitDual,TotalCostDispatch,RTGeneratorProfitDual,gap,SSProfit
ObjectiveValue,6.759819370927289e-10,23194.14349200553,6.759819370927289e-10,5343.69,-2.039621185570438e-10
