,GeneratorProfitDual,TotalCostDispatch,RTGeneratorProfitDual,gap,SSProfit
ObjectiveValue,31247.531199206907,121012.36522492986,31247.531199206907,49213.4,31247.531199203513
