,GeneratorProfitDual,TotalCostDispatch,RTGeneratorProfitDual,gap,SSProfit
ObjectiveValue,4241.734464007824,495040.75104732765,4241.734464007824,9.96142,4241.734464008797
