,GeneratorProfitDual,TotalCostDispatch,RTGeneratorProfitDual,gap,SSProfit
ObjectiveValue,39907.78222903917,529867.5755382561,39907.78222903917,409.612,39907.78222903609
