,GeneratorProfitDual,TotalCostDispatch,RTGeneratorProfitDual,gap,SSProfit
ObjectiveValue,39907.782229038916,529867.5755382561,39907.782229038916,380.31,39907.78222903613
