,GeneratorProfitDual,TotalCostDispatch,RTGeneratorProfitDual,gap,SSProfit
ObjectiveValue,-1921640382.6273568,280787.22592423647,-1921640382.6273568,0.0,3564666.107243284
