,GeneratorProfitDual,TotalCostDispatch,RTGeneratorProfitDual,gap,SSProfit
ObjectiveValue,60708.20623096356,38905.32767710677,60708.20623096356,606.977,91406.85242053156
