,GeneratorProfitDual,TotalCostDispatch,RTGeneratorProfitDual,gap,SSProfit
ObjectiveValue,7940.456370637089,243504.56565364898,7940.456370637089,17.8486,7976.972946291554
