,GeneratorProfitDual,TotalCostDispatch,RTGeneratorProfitDual,gap,SSProfit
ObjectiveValue,16514.704180410376,502559.9420197135,16514.704180410376,226.75,17000.40142664921
