,GeneratorProfitDual,TotalCostDispatch,RTGeneratorProfitDual,gap,SSProfit
ObjectiveValue,53411.99600258031,560308.9602161843,53411.99600258031,398.857,53411.99600257651
