,GeneratorProfitDual,TotalCostDispatch,RTGeneratorProfitDual,gap,SSProfit
ObjectiveValue,53412.04063508549,560309.3682592128,53412.04063508549,398.295,53412.126187792775
