,GeneratorProfitDual,TotalCostDispatch,RTGeneratorProfitDual,gap,SSProfit
ObjectiveValue,72754.47402427602,190893.69214645232,72754.47402427602,725.555,95482.78066360397
