,GeneratorProfitDual,TotalCostDispatch,RTGeneratorProfitDual,gap,SSProfit
ObjectiveValue,8424.925110012398,150970.37580027923,8424.925110012398,0.0,8628.581863195688
