,GeneratorProfitDual,TotalCostDispatch,RTGeneratorProfitDual,gap,SSProfit
ObjectiveValue,46049.97329923068,270725.66038723645,46049.97329923068,257.361,46032.29722010241
