,GeneratorProfitDual,TotalCostDispatch,RTGeneratorProfitDual,gap,SSProfit
ObjectiveValue,-18808301236.639465,214041.275331076,-18808301236.639465,0.0,-12149343.655368323
