,GeneratorProfitDual,TotalCostDispatch,RTGeneratorProfitDual,gap,SSProfit
ObjectiveValue,37145.356422845674,55288.412230727954,37145.356422845674,371.42,37145.35642284501
