,GeneratorProfitDual,TotalCostDispatch,RTGeneratorProfitDual,gap,SSProfit
ObjectiveValue,32604.291122966206,55198.16437155099,32604.291122966206,476.339,32604.291122965486
