,GeneratorProfitDual,TotalCostDispatch,RTGeneratorProfitDual,gap,SSProfit
ObjectiveValue,51027.86516485719,113016.989350596,51027.86516485719,33009.7,51027.865164855626
