,GeneratorProfitDual,TotalCostDispatch,RTGeneratorProfitDual,gap,SSProfit
ObjectiveValue,51015.207225164464,112982.45973790204,51015.207225164464,5671.12,51055.955178128286
