,GeneratorProfitDual,TotalCostDispatch,RTGeneratorProfitDual,gap,SSProfit
ObjectiveValue,-1928964563.0507002,170138.45341709282,-1928964563.0507002,0.0,3634375.949015325
