,GeneratorProfitDual,TotalCostDispatch,RTGeneratorProfitDual,gap,SSProfit
ObjectiveValue,7334.069540954855,170138.45341709163,7334.069540954855,1342.21,7432.533784749137
