,GeneratorProfitDual,TotalCostDispatch,RTGeneratorProfitDual,gap,SSProfit
ObjectiveValue,-1715513152.384607,170138.45341709277,-1715513152.384607,0.0,8881097.707945194
