,GeneratorProfitDual,TotalCostDispatch,RTGeneratorProfitDual,gap,SSProfit
ObjectiveValue,-1928704071.521556,170138.45341709277,-1928704071.521556,0.0,4752774.428234531
