,GeneratorProfitDual,TotalCostDispatch,RTGeneratorProfitDual,gap,SSProfit
ObjectiveValue,-1957798029.2334585,29819.070140452255,-1957798029.2334585,0.0,11111654.805707289
