,GeneratorProfitDual,TotalCostDispatch,RTGeneratorProfitDual,gap,SSProfit
ObjectiveValue,3969.01354700309,108636.13111104326,3969.01354700309,0.0,3963.0207900000078
