,GeneratorProfitDual,TotalCostDispatch,RTGeneratorProfitDual,gap,SSProfit
ObjectiveValue,114324.99740097398,582267.9118675739,114324.99740097398,990.526,114324.99740096743
