,GeneratorProfitDual,TotalCostDispatch,RTGeneratorProfitDual,gap,SSProfit
ObjectiveValue,114324.99740097436,582267.911867574,114324.99740097436,801.553,114324.99740096733
