,GeneratorProfitDual,TotalCostDispatch,RTGeneratorProfitDual,gap,SSProfit
ObjectiveValue,24560.865527358063,36680.01302388671,24560.865527358063,39155.7,24560.865527358113
