,GeneratorProfitDual,TotalCostDispatch,RTGeneratorProfitDual,gap,SSProfit
ObjectiveValue,62801.377800699265,234113.86339843986,62801.377800699265,480.279,63056.87970832935
