,GeneratorProfitDual,TotalCostDispatch,RTGeneratorProfitDual,gap,SSProfit
ObjectiveValue,63265.01229029061,234257.01536370898,63265.01229029061,0.0,63265.01229028973
