,GeneratorProfitDual,TotalCostDispatch,RTGeneratorProfitDual,gap,SSProfit
ObjectiveValue,53709.256547534846,328358.0594173584,53709.256547534846,483.954,53571.78148493088
