,GeneratorProfitDual,TotalCostDispatch,RTGeneratorProfitDual,gap,SSProfit
ObjectiveValue,-1949521732.2992067,69810.58309802144,-1949521732.2992067,0.0,13821418.28940634
