,GeneratorProfitDual,TotalCostDispatch,RTGeneratorProfitDual,gap,SSProfit
ObjectiveValue,-18350429161.734238,119182.37100769504,-18350429161.734238,0.0,-49072549.39665475
