,GeneratorProfitDual,TotalCostDispatch,RTGeneratorProfitDual,gap,SSProfit
ObjectiveValue,6560.337408925866,37824.453078936276,6560.337408925866,2015.7,6560.337408924804
