,GeneratorProfitDual,TotalCostDispatch,RTGeneratorProfitDual,gap,SSProfit
ObjectiveValue,110271.12875517539,539339.8813246905,110271.12875517539,2240.92,110317.13868611123
