,GeneratorProfitDual,TotalCostDispatch,RTGeneratorProfitDual,gap,SSProfit
ObjectiveValue,-14900827346.113897,33734.47907727454,-14900827346.113897,0.0,-52563061.27841876
