,GeneratorProfitDual,TotalCostDispatch,RTGeneratorProfitDual,gap,SSProfit
ObjectiveValue,-1922359828.884559,122400.29470830684,-1922359828.884559,0.0,21373774.628143378
