,GeneratorProfitDual,TotalCostDispatch,RTGeneratorProfitDual,gap,SSProfit
ObjectiveValue,7219.237940398918,311984.40892503393,7219.237940398918,0.0,7236.961250471877
