,GeneratorProfitDual,TotalCostDispatch,RTGeneratorProfitDual,gap,SSProfit
ObjectiveValue,6795.142919342289,31537.289654503747,6795.142919342289,64.7433,6795.142919340408
