,GeneratorProfitDual,TotalCostDispatch,RTGeneratorProfitDual,gap,SSProfit
ObjectiveValue,17940.603929326324,58596.02075499,17940.603929326324,8934.6,18062.845626243554
