,GeneratorProfitDual,TotalCostDispatch,RTGeneratorProfitDual,gap,SSProfit
ObjectiveValue,6653.357026255031,334186.59023433115,6653.357026255031,34.598,7072.713896401289
