,GeneratorProfitDual,TotalCostDispatch,RTGeneratorProfitDual,gap,SSProfit
ObjectiveValue,7892.637619126397,250460.73468736812,7892.637619126397,1.88713,7892.637619123258
