,GeneratorProfitDual,TotalCostDispatch,RTGeneratorProfitDual,gap,SSProfit
ObjectiveValue,25915.318261454508,102719.03721258827,25915.318261454508,408.446,25891.07015460585
