,GeneratorProfitDual,TotalCostDispatch,RTGeneratorProfitDual,gap,SSProfit
ObjectiveValue,25915.318261456763,102719.03721258587,25915.318261456763,463.765,25891.070154605855
