,GeneratorProfitDual,TotalCostDispatch,RTGeneratorProfitDual,gap,SSProfit
ObjectiveValue,86965.44076472023,338729.59549463534,86965.44076472023,855.33,86965.44076471939
