,GeneratorProfitDual,TotalCostDispatch,RTGeneratorProfitDual,gap,SSProfit
ObjectiveValue,86968.13460818023,338726.90165117546,86968.13460818023,870.312,87017.44445571776
