,GeneratorProfitDual,TotalCostDispatch,RTGeneratorProfitDual,gap,SSProfit
ObjectiveValue,7025.159533558795,157373.7514052737,7025.159533558795,52.4878,7025.159533557668
