,GeneratorProfitDual,TotalCostDispatch,RTGeneratorProfitDual,gap,SSProfit
ObjectiveValue,60048.583914860064,357655.9440444093,60048.583914860064,247.561,60154.41067594546
