,GeneratorProfitDual,TotalCostDispatch,RTGeneratorProfitDual,gap,SSProfit
ObjectiveValue,-1697134845.6515126,229646.53935182528,-1697134845.6515126,0.0,10724063.962607868
