,GeneratorProfitDual,TotalCostDispatch,RTGeneratorProfitDual,gap,SSProfit
ObjectiveValue,34095.6583662239,244464.16543611162,34095.6583662239,520.492,34095.65836622278
