,GeneratorProfitDual,TotalCostDispatch,RTGeneratorProfitDual,gap,SSProfit
ObjectiveValue,30495.744306181186,58691.207550051804,30495.744306181186,19809.8,30495.744306179826
