,GeneratorProfitDual,TotalCostDispatch,RTGeneratorProfitDual,gap,SSProfit
ObjectiveValue,47479.35694991347,57959.26207363968,47479.35694991347,19407.3,47479.35694991279
