,GeneratorProfitDual,TotalCostDispatch,RTGeneratorProfitDual,gap,SSProfit
ObjectiveValue,33201.72549787185,55007.57416724464,33201.72549787185,19750.1,33201.725497871026
