,GeneratorProfitDual,TotalCostDispatch,RTGeneratorProfitDual,gap,SSProfit
ObjectiveValue,2341.9521269416514,370689.9212400513,2341.9521269416514,0.989225,2341.952126938418
