,GeneratorProfitDual,TotalCostDispatch,RTGeneratorProfitDual,gap,SSProfit
ObjectiveValue,1245.590195731828,889.150315570013,1245.590195731828,0.0,1245.5901957315778
