,GeneratorProfitDual,TotalCostDispatch,RTGeneratorProfitDual,gap,SSProfit
ObjectiveValue,1245.5901957316296,889.1503155701992,1245.5901957316296,8.10801,1245.5901957315664
