,GeneratorProfitDual,TotalCostDispatch,RTGeneratorProfitDual,gap,SSProfit
ObjectiveValue,27.12931846617721,589442.0474134062,27.12931846617721,3.50087e-09,27.129318450829032
