,GeneratorProfitDual,TotalCostDispatch,RTGeneratorProfitDual,gap,SSProfit
ObjectiveValue,2914.355179969817,41400.433459064276,2914.355179969817,0.0,2914.3551799691672
