,GeneratorProfitDual,TotalCostDispatch,RTGeneratorProfitDual,gap,SSProfit
ObjectiveValue,88528.82326367885,246400.31020333208,88528.82326367885,0.0,89157.14345168247
