,GeneratorProfitDual,TotalCostDispatch,RTGeneratorProfitDual,gap,SSProfit
ObjectiveValue,48099.6145064309,230123.42258206278,48099.6145064309,0.0,48115.89816762367
