,GeneratorProfitDual,TotalCostDispatch,RTGeneratorProfitDual,gap,SSProfit
ObjectiveValue,48084.29146083502,230138.74562765742,48084.29146083502,49631.3,48115.89816762307
