,GeneratorProfitDual,TotalCostDispatch,RTGeneratorProfitDual,gap,SSProfit
ObjectiveValue,62173.322352095194,198191.93905577905,62173.322352095194,610.561,62173.38198865475
