,GeneratorProfitDual,TotalCostDispatch,RTGeneratorProfitDual,gap,SSProfit
ObjectiveValue,67263.98318045934,335455.25963926,67263.98318045934,706.337,67239.58486808842
