,GeneratorProfitDual,TotalCostDispatch,RTGeneratorProfitDual,gap,SSProfit
ObjectiveValue,6542.438927544303,112517.89284878323,6542.438927544303,0.0,6542.438927543475
