,GeneratorProfitDual,TotalCostDispatch,RTGeneratorProfitDual,gap,SSProfit
ObjectiveValue,24246.466056377627,327135.7344762124,24246.466056377627,241.337,24246.466056376303
