,GeneratorProfitDual,TotalCostDispatch,RTGeneratorProfitDual,gap,SSProfit
ObjectiveValue,25013.657809706907,326268.44449703407,25013.657809706907,122.013,25139.528900009365
