,GeneratorProfitDual,TotalCostDispatch,RTGeneratorProfitDual,gap,SSProfit
ObjectiveValue,3914.0277286554337,281505.31502941187,3914.0277286554337,7.13871,3914.0277286529176
