,GeneratorProfitDual,TotalCostDispatch,RTGeneratorProfitDual,gap,SSProfit
ObjectiveValue,4827.562057897039,218403.96980662717,4827.562057897039,181.187,3964.3813170000035
