,GeneratorProfitDual,TotalCostDispatch,RTGeneratorProfitDual,gap,SSProfit
ObjectiveValue,4013.5289767752147,82595.54237546721,4013.5289767752147,0.0,4013.528976773784
