,GeneratorProfitDual,TotalCostDispatch,RTGeneratorProfitDual,gap,SSProfit
ObjectiveValue,67948.1777481143,407336.5091419892,67948.1777481143,0.0,50622.323409150325
