,GeneratorProfitDual,TotalCostDispatch,RTGeneratorProfitDual,gap,SSProfit
ObjectiveValue,81230.35969473222,323394.55586572684,81230.35969473222,5914.45,81230.35969472937
