,GeneratorProfitDual,TotalCostDispatch,RTGeneratorProfitDual,gap,SSProfit
ObjectiveValue,25413.088343441017,268850.6899650977,25413.088343441017,575.11,25400.26051743621
