,GeneratorProfitDual,TotalCostDispatch,RTGeneratorProfitDual,gap,SSProfit
ObjectiveValue,31673.435432410763,47648.565623424656,31673.435432410763,4372.91,31673.43543240983
