,GeneratorProfitDual,TotalCostDispatch,RTGeneratorProfitDual,gap,SSProfit
ObjectiveValue,31673.43543241069,47648.56562342468,31673.43543241069,490.845,31673.435432409828
