,GeneratorProfitDual,TotalCostDispatch,RTGeneratorProfitDual,gap,SSProfit
ObjectiveValue,2618.555188986814,172424.9122657932,2618.555188986814,11.2585,2624.426293983526
