,GeneratorProfitDual,TotalCostDispatch,RTGeneratorProfitDual,gap,SSProfit
ObjectiveValue,8375.619292534131,46570.65662079524,8375.619292534131,224.029,8375.619292533109
