,GeneratorProfitDual,TotalCostDispatch,RTGeneratorProfitDual,gap,SSProfit
ObjectiveValue,-1908955507.2826345,73907.42577805319,-1908955507.2826345,0.0,16990139.28748254
