,GeneratorProfitDual,TotalCostDispatch,RTGeneratorProfitDual,gap,SSProfit
ObjectiveValue,54287.722807129336,38587.3199033796,54287.722807129336,542.745,64996.82524741368
