,GeneratorProfitDual,TotalCostDispatch,RTGeneratorProfitDual,gap,SSProfit
ObjectiveValue,2359.7369010005027,13769.655818980635,2359.7369010005027,0.0,2359.7369009999984
