,GeneratorProfitDual,TotalCostDispatch,RTGeneratorProfitDual,gap,SSProfit
ObjectiveValue,43372.192557698625,324822.48279501486,43372.192557698625,17133.3,43372.192557696966
