,GeneratorProfitDual,TotalCostDispatch,RTGeneratorProfitDual,gap,SSProfit
ObjectiveValue,43328.16654182036,324866.5088108934,43328.16654182036,758.209,43338.040171142085
