,GeneratorProfitDual,TotalCostDispatch,RTGeneratorProfitDual,gap,SSProfit
ObjectiveValue,21501.80515068845,171944.29527923572,21501.80515068845,779.99,21501.805150687735
