,GeneratorProfitDual,TotalCostDispatch,RTGeneratorProfitDual,gap,SSProfit
ObjectiveValue,76672.46722590366,151810.68347890963,76672.46722590366,763.834,76672.4672259012
