,GeneratorProfitDual,TotalCostDispatch,RTGeneratorProfitDual,gap,SSProfit
ObjectiveValue,3414.635560569317,79263.92954039012,3414.635560569317,0.0,3414.6355605682716
