,GeneratorProfitDual,TotalCostDispatch,RTGeneratorProfitDual,gap,SSProfit
ObjectiveValue,-1709543140.2772434,48442.99809630501,-1709543140.2772434,0.0,17572761.503693916
