,GeneratorProfitDual,TotalCostDispatch,RTGeneratorProfitDual,gap,SSProfit
ObjectiveValue,27524.785285317965,263412.2990288825,27524.785285317965,270.094,27536.049272061624
