,GeneratorProfitDual,TotalCostDispatch,RTGeneratorProfitDual,gap,SSProfit
ObjectiveValue,27503.33877957189,263421.6847832748,27503.33877957189,364.683,27503.33877956931
