,GeneratorProfitDual,TotalCostDispatch,RTGeneratorProfitDual,gap,SSProfit
ObjectiveValue,43090.22217709547,112976.09700385305,43090.22217709547,36699.7,43090.222177088275
