,GeneratorProfitDual,TotalCostDispatch,RTGeneratorProfitDual,gap,SSProfit
ObjectiveValue,77604.19502274958,234988.3421815936,77604.19502274958,2502.03,78858.64400587324
