,GeneratorProfitDual,TotalCostDispatch,RTGeneratorProfitDual,gap,SSProfit
ObjectiveValue,33670.41423004499,55343.71066767642,33670.41423004499,7183.5,33670.4142300442
