,GeneratorProfitDual,TotalCostDispatch,RTGeneratorProfitDual,gap,SSProfit
ObjectiveValue,33698.20051301044,55330.85548407469,33698.20051301044,15504.7,33698.200513009695
