,GeneratorProfitDual,TotalCostDispatch,RTGeneratorProfitDual,gap,SSProfit
ObjectiveValue,33866.1693470736,55343.71066767643,33866.1693470736,13778.6,33903.3246917465
