,GeneratorProfitDual,TotalCostDispatch,RTGeneratorProfitDual,gap,SSProfit
ObjectiveValue,3942.0722530880266,79629.7821845497,3942.0722530880266,1.56793,3942.072253087702
