,GeneratorProfitDual,TotalCostDispatch,RTGeneratorProfitDual,gap,SSProfit
ObjectiveValue,14948.222869703299,13537.669681949064,14948.222869703299,498.851,14948.22286970109
