,GeneratorProfitDual,TotalCostDispatch,RTGeneratorProfitDual,gap,SSProfit
ObjectiveValue,14948.222869701583,13537.66968195063,14948.222869701583,265.201,14948.222869701109
