,GeneratorProfitDual,TotalCostDispatch,RTGeneratorProfitDual,gap,SSProfit
ObjectiveValue,22135.496683123652,171509.239719697,22135.496683123652,0.0,22331.08734045287
