,GeneratorProfitDual,TotalCostDispatch,RTGeneratorProfitDual,gap,SSProfit
ObjectiveValue,32083.36713555744,233159.95797205425,32083.36713555744,580.152,32160.090106305233
