,GeneratorProfitDual,TotalCostDispatch,RTGeneratorProfitDual,gap,SSProfit
ObjectiveValue,-1996025797.8541198,94131.16467706325,-1996025797.8541198,0.0,13089201.448831419
