,GeneratorProfitDual,TotalCostDispatch,RTGeneratorProfitDual,gap,SSProfit
ObjectiveValue,7952.528275970119,253714.70743041718,7952.528275970119,1.61059,7952.528275968527
