,GeneratorProfitDual,TotalCostDispatch,RTGeneratorProfitDual,gap,SSProfit
ObjectiveValue,42202.73092423684,491275.7294737928,42202.73092423684,7770.65,42295.53864503758
