,GeneratorProfitDual,TotalCostDispatch,RTGeneratorProfitDual,gap,SSProfit
ObjectiveValue,41984.14697088972,491214.27171484445,41984.14697088972,419.617,42222.82275282951
