,GeneratorProfitDual,TotalCostDispatch,RTGeneratorProfitDual,gap,SSProfit
ObjectiveValue,7307.632250809128,180011.296759623,7307.632250809128,195.333,7498.750016879539
