,GeneratorProfitDual,TotalCostDispatch,RTGeneratorProfitDual,gap,SSProfit
ObjectiveValue,-14776462741.124481,160987.5683819983,-14776462741.124481,0.0,-9560833.435556948
