,GeneratorProfitDual,TotalCostDispatch,RTGeneratorProfitDual,gap,SSProfit
ObjectiveValue,-15484569952.040667,122400.29470830681,-15484569952.040667,0.0,-25095670.84759161
