,GeneratorProfitDual,TotalCostDispatch,RTGeneratorProfitDual,gap,SSProfit
ObjectiveValue,2108.1998674959664,102102.38386077498,2108.1998674959664,19.8618,2108.19986749333
