,GeneratorProfitDual,TotalCostDispatch,RTGeneratorProfitDual,gap,SSProfit
ObjectiveValue,36568.69883127947,65771.12657611507,36568.69883127947,6432.61,36568.69883127585
