,GeneratorProfitDual,TotalCostDispatch,RTGeneratorProfitDual,gap,SSProfit
ObjectiveValue,32363.343429625278,318591.49347685237,32363.343429625278,210.793,33780.28695886283
