,GeneratorProfitDual,TotalCostDispatch,RTGeneratorProfitDual,gap,SSProfit
ObjectiveValue,7000.599964602461,94019.03931576696,7000.599964602461,24.3148,7000.599964601393
