,GeneratorProfitDual,TotalCostDispatch,RTGeneratorProfitDual,gap,SSProfit
ObjectiveValue,52268.60003863526,203587.57534065034,52268.60003863526,521.767,52268.600038634904
