,GeneratorProfitDual,TotalCostDispatch,RTGeneratorProfitDual,gap,SSProfit
ObjectiveValue,45903.631261432936,202758.3712092489,45903.631261432936,520.474,45903.69624366625
