,GeneratorProfitDual,TotalCostDispatch,RTGeneratorProfitDual,gap,SSProfit
ObjectiveValue,44385.40077632783,179559.29684334918,44385.40077632783,4895.27,44577.90466414221
