,GeneratorProfitDual,TotalCostDispatch,RTGeneratorProfitDual,gap,SSProfit
ObjectiveValue,47367.74660026396,179566.3996600063,47367.74660026396,391.052,51639.792170913715
