,GeneratorProfitDual,TotalCostDispatch,RTGeneratorProfitDual,gap,SSProfit
ObjectiveValue,7745.836326266456,124832.94115062345,7745.836326266456,74.9876,7876.673886000003
