,GeneratorProfitDual,TotalCostDispatch,RTGeneratorProfitDual,gap,SSProfit
ObjectiveValue,3840.7360090218035,103233.2474939272,3840.7360090218035,26.6531,3840.7360091167807
