,GeneratorProfitDual,TotalCostDispatch,RTGeneratorProfitDual,gap,SSProfit
ObjectiveValue,46753.88801746845,177254.94853737915,46753.88801746845,5754.58,46753.88801746695
