,GeneratorProfitDual,TotalCostDispatch,RTGeneratorProfitDual,gap,SSProfit
ObjectiveValue,29990.94581639371,58390.05435243471,29990.94581639371,151.057,29990.94581639308
