,GeneratorProfitDual,TotalCostDispatch,RTGeneratorProfitDual,gap,SSProfit
ObjectiveValue,30140.919534465847,58240.08063436293,30140.919534465847,315.07,30542.873912454943
