,GeneratorProfitDual,TotalCostDispatch,RTGeneratorProfitDual,gap,SSProfit
ObjectiveValue,54320.73528443554,222146.3828764009,54320.73528443554,2999.65,54320.7352844342
