,GeneratorProfitDual,TotalCostDispatch,RTGeneratorProfitDual,gap,SSProfit
ObjectiveValue,2290.892078509248,489200.7920791671,2290.892078509248,3.77368,2290.9517150641823
