,GeneratorProfitDual,TotalCostDispatch,RTGeneratorProfitDual,gap,SSProfit
ObjectiveValue,5751.072117222244,18971.581678145358,5751.072117222244,97.9753,5751.072117220513
