,GeneratorProfitDual,TotalCostDispatch,RTGeneratorProfitDual,gap,SSProfit
ObjectiveValue,3598.110181463431,227101.6619171738,3598.110181463431,1.1956,4026.771197999991
