,GeneratorProfitDual,TotalCostDispatch,RTGeneratorProfitDual,gap,SSProfit
ObjectiveValue,-1972184843.9265344,140553.0328933872,-1972184843.9265344,0.0,11641191.214105029
