,GeneratorProfitDual,TotalCostDispatch,RTGeneratorProfitDual,gap,SSProfit
ObjectiveValue,-2004548725.5510101,29144.764035794156,-2004548725.5510101,0.0,15758433.702841396
