,GeneratorProfitDual,TotalCostDispatch,RTGeneratorProfitDual,gap,SSProfit
ObjectiveValue,8053.542396002422,335449.71527411614,8053.542396002422,0.0,8053.542395999994
