,GeneratorProfitDual,TotalCostDispatch,RTGeneratorProfitDual,gap,SSProfit
ObjectiveValue,13842.887123487144,21753.734347395726,13842.887123487144,18062.3,13842.887123486507
