,GeneratorProfitDual,TotalCostDispatch,RTGeneratorProfitDual,gap,SSProfit
ObjectiveValue,83003.75329117983,338726.9016511755,83003.75329117983,830.634,83053.06313871776
