,GeneratorProfitDual,TotalCostDispatch,RTGeneratorProfitDual,gap,SSProfit
ObjectiveValue,83029.79766517977,338726.90165117563,83029.79766517977,791.874,83053.06313871763
