,GeneratorProfitDual,TotalCostDispatch,RTGeneratorProfitDual,gap,SSProfit
ObjectiveValue,13117.045731279528,334197.20713103435,13117.045731279528,46.1788,13238.602007362337
