,GeneratorProfitDual,TotalCostDispatch,RTGeneratorProfitDual,gap,SSProfit
ObjectiveValue,25353.646765783833,31832.667232790227,25353.646765783833,253.494,25353.64676578455
