,GeneratorProfitDual,TotalCostDispatch,RTGeneratorProfitDual,gap,SSProfit
ObjectiveValue,5441.731659850333,29996.003003891095,5441.731659850333,253.218,5441.731659849807
