,GeneratorProfitDual,TotalCostDispatch,RTGeneratorProfitDual,gap,SSProfit
ObjectiveValue,25353.64678301801,31832.6672327902,25353.64678301801,253.441,25353.646792266027
