,GeneratorProfitDual,TotalCostDispatch,RTGeneratorProfitDual,gap,SSProfit
ObjectiveValue,49733.28277815779,251059.08226762238,49733.28277815779,478.858,49897.01608889226
