,GeneratorProfitDual,TotalCostDispatch,RTGeneratorProfitDual,gap,SSProfit
ObjectiveValue,3635.797078603765,412201.1244036743,3635.797078603765,12.2678,4026.771197999982
