,GeneratorProfitDual,TotalCostDispatch,RTGeneratorProfitDual,gap,SSProfit
ObjectiveValue,65638.57824896152,495018.495562804,65638.57824896152,1987.89,65958.90694549437
