,GeneratorProfitDual,TotalCostDispatch,RTGeneratorProfitDual,gap,SSProfit
ObjectiveValue,65215.35979388714,495034.2705973749,65215.35979388714,668.93,65964.85736625482
