,GeneratorProfitDual,TotalCostDispatch,RTGeneratorProfitDual,gap,SSProfit
ObjectiveValue,1534.5151940434162,38274.435400189046,1534.5151940434162,8852.54,1534.5151940430842
