,GeneratorProfitDual,TotalCostDispatch,RTGeneratorProfitDual,gap,SSProfit
ObjectiveValue,7163.334656728886,39836.663892842436,7163.334656728886,553.811,7163.334656728545
