,GeneratorProfitDual,TotalCostDispatch,RTGeneratorProfitDual,gap,SSProfit
ObjectiveValue,32258.245046774657,25082.33022740225,32258.245046774657,2477.87,32258.2450467744
