,GeneratorProfitDual,TotalCostDispatch,RTGeneratorProfitDual,gap,SSProfit
ObjectiveValue,32251.622207604087,25003.404039413374,32251.622207604087,475.822,32400.739189023807
