,GeneratorProfitDual,TotalCostDispatch,RTGeneratorProfitDual,gap,SSProfit
ObjectiveValue,32251.622207604163,25003.40403941337,32251.622207604163,5800.07,32400.7391890239
