,GeneratorProfitDual,TotalCostDispatch,RTGeneratorProfitDual,gap,SSProfit
ObjectiveValue,11191.717776795098,132591.9887197191,11191.717776795098,0.0,12850.228962237394
