,GeneratorProfitDual,TotalCostDispatch,RTGeneratorProfitDual,gap,SSProfit
ObjectiveValue,-17038458457.502783,383652.0456140286,-17038458457.502783,0.0,-25544283.082362957
