,GeneratorProfitDual,TotalCostDispatch,RTGeneratorProfitDual,gap,SSProfit
ObjectiveValue,24054.400166863485,186644.72022766876,24054.400166863485,128.326,24099.690921425285
