,GeneratorProfitDual,TotalCostDispatch,RTGeneratorProfitDual,gap,SSProfit
ObjectiveValue,27196.261051578338,80154.38946717032,27196.261051578338,17875.3,27196.26105157648
