,GeneratorProfitDual,TotalCostDispatch,RTGeneratorProfitDual,gap,SSProfit
ObjectiveValue,1876.5342300344341,20554.140268119012,1876.5342300344341,0.0,1876.5342300341201
