,GeneratorProfitDual,TotalCostDispatch,RTGeneratorProfitDual,gap,SSProfit
ObjectiveValue,58650.53001428897,274949.0279179832,58650.53001428897,0.0,58650.15866020685
