,GeneratorProfitDual,TotalCostDispatch,RTGeneratorProfitDual,gap,SSProfit
ObjectiveValue,14215.921034666197,16276.467633096017,14215.921034666197,12.312,14215.921034666053
