,GeneratorProfitDual,TotalCostDispatch,RTGeneratorProfitDual,gap,SSProfit
ObjectiveValue,14215.921034666262,16276.467633095981,14215.921034666262,0.0,14215.921034666038
