,GeneratorProfitDual,TotalCostDispatch,RTGeneratorProfitDual,gap,SSProfit
ObjectiveValue,81998.65220756673,484001.4991944491,81998.65220756673,22148.6,82028.97409840478
