,GeneratorProfitDual,TotalCostDispatch,RTGeneratorProfitDual,gap,SSProfit
ObjectiveValue,81786.31741761406,484090.25172150205,81786.31741761406,246.154,81959.03766794952
