,GeneratorProfitDual,TotalCostDispatch,RTGeneratorProfitDual,gap,SSProfit
ObjectiveValue,29033.045077567687,104673.09867106241,29033.045077567687,308.915,29033.04507756716
