,GeneratorProfitDual,TotalCostDispatch,RTGeneratorProfitDual,gap,SSProfit
ObjectiveValue,29033.045077567785,104673.09867106244,29033.045077567785,40.0581,29033.045077567192
