,GeneratorProfitDual,TotalCostDispatch,RTGeneratorProfitDual,gap,SSProfit
ObjectiveValue,29033.045077567756,104673.09867106243,29033.045077567756,0.0,29033.045077567185
