,GeneratorProfitDual,TotalCostDispatch,RTGeneratorProfitDual,gap,SSProfit
ObjectiveValue,5507.350389817519,129290.55763380675,5507.350389817519,4413.0,5870.765157189342
