,GeneratorProfitDual,TotalCostDispatch,RTGeneratorProfitDual,gap,SSProfit
ObjectiveValue,821.6700724801112,142512.68831640587,821.6700724801112,31.5799,3576.839794470307
