,GeneratorProfitDual,TotalCostDispatch,RTGeneratorProfitDual,gap,SSProfit
ObjectiveValue,-15710985466.810072,486366.57145114883,-15710985466.810072,0.0,-9681010.79973412
