,GeneratorProfitDual,TotalCostDispatch,RTGeneratorProfitDual,gap,SSProfit
ObjectiveValue,67553.28910137307,332829.12219305395,67553.28910137307,133.769,67553.28910137086
