,GeneratorProfitDual,TotalCostDispatch,RTGeneratorProfitDual,gap,SSProfit
ObjectiveValue,67553.2891013727,332829.12219305406,67553.2891013727,195.197,67553.28910137093
