,GeneratorProfitDual,TotalCostDispatch,RTGeneratorProfitDual,gap,SSProfit
ObjectiveValue,67553.28910137231,332829.1221930542,67553.28910137231,0.0,67553.28910137094
