,GeneratorProfitDual,TotalCostDispatch,RTGeneratorProfitDual,gap,SSProfit
ObjectiveValue,58650.333993715605,412877.07550181856,58650.333993715605,747.993,58651.48621370635
