,GeneratorProfitDual,TotalCostDispatch,RTGeneratorProfitDual,gap,SSProfit
ObjectiveValue,-1969181556.1180575,136132.22495279895,-1969181556.1180575,0.0,9687458.257478284
