,GeneratorProfitDual,TotalCostDispatch,RTGeneratorProfitDual,gap,SSProfit
ObjectiveValue,114325.11670326172,582267.9118675705,114325.11670326172,1027.04,114325.11670325138
