,GeneratorProfitDual,TotalCostDispatch,RTGeneratorProfitDual,gap,SSProfit
ObjectiveValue,114325.11670324921,582267.9118675739,114325.11670324921,1286.0,114325.11670325126
