,GeneratorProfitDual,TotalCostDispatch,RTGeneratorProfitDual,gap,SSProfit
ObjectiveValue,3368.837123773398,159143.63077238074,3368.837123773398,26.1529,3368.8371237701813
