,GeneratorProfitDual,TotalCostDispatch,RTGeneratorProfitDual,gap,SSProfit
ObjectiveValue,35653.58068288523,468111.94622454303,35653.58068288523,85.6861,35689.02164281145
