,GeneratorProfitDual,TotalCostDispatch,RTGeneratorProfitDual,gap,SSProfit
ObjectiveValue,-1943475747.7614064,132287.23567107585,-1943475747.7614064,0.0,3389380.406027889
