,GeneratorProfitDual,TotalCostDispatch,RTGeneratorProfitDual,gap,SSProfit
ObjectiveValue,34025.70097543831,216991.10699125132,34025.70097543831,263.055,34109.75965267765
