,GeneratorProfitDual,TotalCostDispatch,RTGeneratorProfitDual,gap,SSProfit
ObjectiveValue,29873.051188781745,217064.70774167977,29873.051188781745,20556.7,34020.080572928564
