,GeneratorProfitDual,TotalCostDispatch,RTGeneratorProfitDual,gap,SSProfit
ObjectiveValue,-1963002721.8136256,27324.991167645294,-1963002721.8136256,0.0,11288783.597764736
