,GeneratorProfitDual,TotalCostDispatch,RTGeneratorProfitDual,gap,SSProfit
ObjectiveValue,-16726672539.224041,465756.11263390316,-16726672539.224041,0.0,-10047725.007493036
