,GeneratorProfitDual,TotalCostDispatch,RTGeneratorProfitDual,gap,SSProfit
ObjectiveValue,1192.3506476701982,246523.55879048802,1192.3506476701982,1.10409,1192.3506476669818
