,GeneratorProfitDual,TotalCostDispatch,RTGeneratorProfitDual,gap,SSProfit
ObjectiveValue,1324.4419448341969,246361.69253160147,1324.4419448341969,2.15567,2017.7656056149463
