,GeneratorProfitDual,TotalCostDispatch,RTGeneratorProfitDual,gap,SSProfit
ObjectiveValue,98184.36681826961,108999.7278481486,98184.36681826961,2470.03,98339.41171173568
