,GeneratorProfitDual,TotalCostDispatch,RTGeneratorProfitDual,gap,SSProfit
ObjectiveValue,98018.86634273054,108924.9565369252,98018.86634273054,2335.27,98018.86634272964
