,GeneratorProfitDual,TotalCostDispatch,RTGeneratorProfitDual,gap,SSProfit
ObjectiveValue,81222.76157238278,108266.7125054427,81222.76157238278,8418.01,81244.00055095715
