,GeneratorProfitDual,TotalCostDispatch,RTGeneratorProfitDual,gap,SSProfit
ObjectiveValue,76627.21816398781,107884.32357357684,76627.21816398781,1114.19,77054.7543009743
