,GeneratorProfitDual,TotalCostDispatch,RTGeneratorProfitDual,gap,SSProfit
ObjectiveValue,95987.27485504454,108827.96934973434,95987.27485504454,5116.63,96133.17414375932
