,GeneratorProfitDual,TotalCostDispatch,RTGeneratorProfitDual,gap,SSProfit
ObjectiveValue,2236.1104587703953,198687.87965255827,2236.1104587703953,13.4626,2341.5996939482084
