,GeneratorProfitDual,TotalCostDispatch,RTGeneratorProfitDual,gap,SSProfit
ObjectiveValue,-1965973143.956589,38274.43540018939,-1965973143.956589,0.0,18922897.804695956
