,GeneratorProfitDual,TotalCostDispatch,RTGeneratorProfitDual,gap,SSProfit
ObjectiveValue,3182.841480835582,50879.24105212317,3182.841480835582,3.58916,3182.84148083914
