,GeneratorProfitDual,TotalCostDispatch,RTGeneratorProfitDual,gap,SSProfit
ObjectiveValue,12594.051823646947,664627.2942498958,12594.051823646947,78.3953,12679.486505247365
