,GeneratorProfitDual,TotalCostDispatch,RTGeneratorProfitDual,gap,SSProfit
ObjectiveValue,12599.653649410488,664608.8440901602,12599.653649410488,4.78472,12686.155049275665
