,GeneratorProfitDual,TotalCostDispatch,RTGeneratorProfitDual,gap,SSProfit
ObjectiveValue,-1733819886.0615718,136323.69838168446,-1733819886.0615718,0.0,10497470.85296495
