,GeneratorProfitDual,TotalCostDispatch,RTGeneratorProfitDual,gap,SSProfit
ObjectiveValue,-1942597908.3213758,136323.69838168446,-1942597908.3213758,0.0,5771827.1148997815
