,GeneratorProfitDual,TotalCostDispatch,RTGeneratorProfitDual,gap,SSProfit
ObjectiveValue,64324.074341354426,47815.80257267316,64324.074341354426,662.497,64324.0743413542
