,GeneratorProfitDual,TotalCostDispatch,RTGeneratorProfitDual,gap,SSProfit
ObjectiveValue,3482.613704547183,98809.01809371392,3482.613704547183,0.0,3482.613704543496
