,GeneratorProfitDual,TotalCostDispatch,RTGeneratorProfitDual,gap,SSProfit
ObjectiveValue,3482.6137045446662,98809.01809371648,3482.6137045446662,0.0,3482.6137045434757
