,GeneratorProfitDual,TotalCostDispatch,RTGeneratorProfitDual,gap,SSProfit
ObjectiveValue,-1941399256.837643,123963.68057520628,-1941399256.837643,0.0,6694751.60419629
