,GeneratorProfitDual,TotalCostDispatch,RTGeneratorProfitDual,gap,SSProfit
ObjectiveValue,-2015807162.5528448,29144.764035794156,-2015807162.5528448,0.0,15814418.781659981
