,GeneratorProfitDual,TotalCostDispatch,RTGeneratorProfitDual,gap,SSProfit
ObjectiveValue,39262.27273189397,73731.04248452625,39262.27273189397,769.329,39262.27273189224
