,GeneratorProfitDual,TotalCostDispatch,RTGeneratorProfitDual,gap,SSProfit
ObjectiveValue,-19549904844.962467,333235.9782667053,-19549904844.962467,0.0,-11120101.422392821
