,GeneratorProfitDual,TotalCostDispatch,RTGeneratorProfitDual,gap,SSProfit
ObjectiveValue,119668.29938994086,108973.75991902538,119668.29938994086,1865.09,119689.53836851563
