,GeneratorProfitDual,TotalCostDispatch,RTGeneratorProfitDual,gap,SSProfit
ObjectiveValue,-15575407470.638163,154642.2628039018,-15575407470.638163,0.0,-44480773.70132674
