,GeneratorProfitDual,TotalCostDispatch,RTGeneratorProfitDual,gap,SSProfit
ObjectiveValue,-16495179545.591038,337482.9330847296,-16495179545.591038,0.0,-3071920.4137948635
