,GeneratorProfitDual,TotalCostDispatch,RTGeneratorProfitDual,gap,SSProfit
ObjectiveValue,36475.428760871735,81464.00159375969,36475.428760871735,17515.8,36475.428760866926
