,GeneratorProfitDual,TotalCostDispatch,RTGeneratorProfitDual,gap,SSProfit
ObjectiveValue,36475.42876086807,81464.00159376336,36475.42876086807,817.055,36475.428760866846
