,GeneratorProfitDual,TotalCostDispatch,RTGeneratorProfitDual,gap,SSProfit
ObjectiveValue,-1914515321.495109,66541.67212556134,-1914515321.495109,0.0,14294781.116897404
