,GeneratorProfitDual,TotalCostDispatch,RTGeneratorProfitDual,gap,SSProfit
ObjectiveValue,-17154420613.536232,279182.35247734806,-17154420613.536232,7545.33,-26406988.473660152
