,GeneratorProfitDual,TotalCostDispatch,RTGeneratorProfitDual,gap,SSProfit
ObjectiveValue,41941.07480455528,279182.35247734707,41941.07480455528,3823.03,42221.00830060378
