,GeneratorProfitDual,TotalCostDispatch,RTGeneratorProfitDual,gap,SSProfit
ObjectiveValue,-15564264205.036076,179495.26117172337,-15564264205.036076,0.0,-22522073.624753326
