,GeneratorProfitDual,TotalCostDispatch,RTGeneratorProfitDual,gap,SSProfit
ObjectiveValue,3988.2426179078593,337483.36690882134,3988.2426179078593,7.21152,3988.242617906436
