,GeneratorProfitDual,TotalCostDispatch,RTGeneratorProfitDual,gap,SSProfit
ObjectiveValue,59646.76709605699,93677.73473851898,59646.76709605699,66215.7,59646.767096053045
