,GeneratorProfitDual,TotalCostDispatch,RTGeneratorProfitDual,gap,SSProfit
ObjectiveValue,59646.767096056414,93677.73473851914,59646.767096056414,143152.0,59646.76709605304
