,GeneratorProfitDual,TotalCostDispatch,RTGeneratorProfitDual,gap,SSProfit
ObjectiveValue,1868.3852935974614,7375.471454603891,1868.3852935974614,0.0,1868.3852935973496
