,GeneratorProfitDual,TotalCostDispatch,RTGeneratorProfitDual,gap,SSProfit
ObjectiveValue,-1728974402.6085858,260570.9883534567,-1728974402.6085858,0.0,10413152.94117647
