,GeneratorProfitDual,TotalCostDispatch,RTGeneratorProfitDual,gap,SSProfit
ObjectiveValue,81958.61011273964,104851.904443614,81958.61011273964,883.56,82129.56356347127
