,GeneratorProfitDual,TotalCostDispatch,RTGeneratorProfitDual,gap,SSProfit
ObjectiveValue,1868.3852935978443,12198.793460589433,1868.3852935978443,0.0,1868.3852935973496
