,GeneratorProfitDual,TotalCostDispatch,RTGeneratorProfitDual,gap,SSProfit
ObjectiveValue,1868.3852935977516,12198.793460589735,1868.3852935977516,0.0,1868.3852935973496
