,GeneratorProfitDual,TotalCostDispatch,RTGeneratorProfitDual,gap,SSProfit
ObjectiveValue,58014.171904344614,154957.8967740529,58014.171904344614,584.804,58014.17190434329
