,GeneratorProfitDual,TotalCostDispatch,RTGeneratorProfitDual,gap,SSProfit
ObjectiveValue,1011.4213787417782,379492.9233910622,1011.4213787417782,10.1099,1082.797322911751
