,GeneratorProfitDual,TotalCostDispatch,RTGeneratorProfitDual,gap,SSProfit
ObjectiveValue,40712.68197795875,546464.591538593,40712.68197795875,25.9946,40799.019839952714
