,GeneratorProfitDual,TotalCostDispatch,RTGeneratorProfitDual,gap,SSProfit
ObjectiveValue,40565.03731354745,546459.2352109903,40565.03731354745,314.671,40582.37291531152
