,GeneratorProfitDual,TotalCostDispatch,RTGeneratorProfitDual,gap,SSProfit
ObjectiveValue,4051.1695103703896,335455.25963926077,4051.1695103703896,7.15709,4026.771198000017
