,GeneratorProfitDual,TotalCostDispatch,RTGeneratorProfitDual,gap,SSProfit
ObjectiveValue,9664.344178670923,63343.41002577954,9664.344178670923,174.333,9664.34417867024
