,GeneratorProfitDual,TotalCostDispatch,RTGeneratorProfitDual,gap,SSProfit
ObjectiveValue,9664.344178670577,63343.41002577972,9664.344178670577,161.413,9664.344178670184
