,GeneratorProfitDual,TotalCostDispatch,RTGeneratorProfitDual,gap,SSProfit
ObjectiveValue,9634.712921431132,63358.44985631945,9634.712921431132,0.0,9634.712921430106
