,GeneratorProfitDual,TotalCostDispatch,RTGeneratorProfitDual,gap,SSProfit
ObjectiveValue,-16948743147.550035,492448.34225666145,-16948743147.550035,0.0,-9412549.368742445
