,GeneratorProfitDual,TotalCostDispatch,RTGeneratorProfitDual,gap,SSProfit
ObjectiveValue,-16352755908.306437,413246.95176289167,-16352755908.306437,0.0,-534847.3162076861
