,GeneratorProfitDual,TotalCostDispatch,RTGeneratorProfitDual,gap,SSProfit
ObjectiveValue,44544.490853577096,107442.35437455033,44544.490853577096,704.496,47978.10711829584
