,GeneratorProfitDual,TotalCostDispatch,RTGeneratorProfitDual,gap,SSProfit
ObjectiveValue,-1973424834.0207274,23194.143492006373,-1973424834.0207274,0.0,15849515.254702004
