,GeneratorProfitDual,TotalCostDispatch,RTGeneratorProfitDual,gap,SSProfit
ObjectiveValue,80807.6074931242,192303.00125409127,80807.6074931242,3118.22,80807.6074931223
