,GeneratorProfitDual,TotalCostDispatch,RTGeneratorProfitDual,gap,SSProfit
ObjectiveValue,3482.6137045452524,118003.50892289059,3482.6137045452524,0.0,3482.6137045434757
