,GeneratorProfitDual,TotalCostDispatch,RTGeneratorProfitDual,gap,SSProfit
ObjectiveValue,48454.298506090636,143098.80998739658,48454.298506090636,562.247,48456.76183316805
