,GeneratorProfitDual,TotalCostDispatch,RTGeneratorProfitDual,gap,SSProfit
ObjectiveValue,48448.86805975079,143104.24043373662,48448.86805975079,466.58,48451.331386828024
