,GeneratorProfitDual,TotalCostDispatch,RTGeneratorProfitDual,gap,SSProfit
ObjectiveValue,48500.05067000175,143094.3652977929,48500.05067000175,1928.46,48552.67663180464
