,GeneratorProfitDual,TotalCostDispatch,RTGeneratorProfitDual,gap,SSProfit
ObjectiveValue,13476.606331822197,655419.3784775037,13476.606331822197,85.3472,13476.606331816054
