,GeneratorProfitDual,TotalCostDispatch,RTGeneratorProfitDual,gap,SSProfit
ObjectiveValue,248.53520409519626,39354.378084740136,248.53520409519626,0.0,248.53520409476508
