,GeneratorProfitDual,TotalCostDispatch,RTGeneratorProfitDual,gap,SSProfit
ObjectiveValue,7211.267383107126,776613.5624904406,7211.267383107126,9.83673,7211.267383092268
