,GeneratorProfitDual,TotalCostDispatch,RTGeneratorProfitDual,gap,SSProfit
ObjectiveValue,7211.267383096925,776613.5624904516,7211.267383096925,10.0817,7211.267383092267
