,GeneratorProfitDual,TotalCostDispatch,RTGeneratorProfitDual,gap,SSProfit
ObjectiveValue,-1706435480.851186,59640.56638314032,-1706435480.851186,0.0,19541193.379915785
