,GeneratorProfitDual,TotalCostDispatch,RTGeneratorProfitDual,gap,SSProfit
ObjectiveValue,2423.207201876037,68864.69063586018,2423.207201876037,0.0,6246.529058900433
