,GeneratorProfitDual,TotalCostDispatch,RTGeneratorProfitDual,gap,SSProfit
ObjectiveValue,-1930578292.7529836,59640.5663831403,-1930578292.7529836,0.0,13456659.378215242
