,GeneratorProfitDual,TotalCostDispatch,RTGeneratorProfitDual,gap,SSProfit
ObjectiveValue,11613.93882666018,59640.5663831397,11613.93882666018,23794.2,11735.179240611918
