,GeneratorProfitDual,TotalCostDispatch,RTGeneratorProfitDual,gap,SSProfit
ObjectiveValue,-1930506994.5497565,59640.566383140336,-1930506994.5497565,0.0,14859032.61404719
