,GeneratorProfitDual,TotalCostDispatch,RTGeneratorProfitDual,gap,SSProfit
ObjectiveValue,-75951.36554810975,535125.0538020063,-75951.36554810975,0.0,1806.2882370000052
