,GeneratorProfitDual,TotalCostDispatch,RTGeneratorProfitDual,gap,SSProfit
ObjectiveValue,52924.042314169346,346635.83305095683,52924.042314169346,79.7668,52903.245687168645
