,GeneratorProfitDual,TotalCostDispatch,RTGeneratorProfitDual,gap,SSProfit
ObjectiveValue,46013.68457424994,279186.3398361754,46013.68457424994,1641.37,46248.24777094983
