,GeneratorProfitDual,TotalCostDispatch,RTGeneratorProfitDual,gap,SSProfit
ObjectiveValue,46231.67962889577,279185.01088244864,46231.67962889577,1871.26,46343.55144471024
