,GeneratorProfitDual,TotalCostDispatch,RTGeneratorProfitDual,gap,SSProfit
ObjectiveValue,-19703964438.52838,279182.35247734823,-19703964438.52838,868.823,-90981088.53814201
