,GeneratorProfitDual,TotalCostDispatch,RTGeneratorProfitDual,gap,SSProfit
ObjectiveValue,16343.932272959535,55056.59151732566,16343.932272959535,12488.8,16490.95690547801
