,GeneratorProfitDual,TotalCostDispatch,RTGeneratorProfitDual,gap,SSProfit
ObjectiveValue,3886.031050793715,362007.35622347775,3886.031050793715,0.0,4026.771197999994
