,GeneratorProfitDual,TotalCostDispatch,RTGeneratorProfitDual,gap,SSProfit
ObjectiveValue,9192.437386913869,710997.0447159149,9192.437386913869,48.5356,9477.729730613954
