,GeneratorProfitDual,TotalCostDispatch,RTGeneratorProfitDual,gap,SSProfit
ObjectiveValue,3960.5339084889465,309979.98483933456,3960.5339084889465,27.8854,3965.15762791268
