,GeneratorProfitDual,TotalCostDispatch,RTGeneratorProfitDual,gap,SSProfit
ObjectiveValue,983.5228882051117,56446.745232643996,983.5228882051117,6.68539,1046.026047633766
