,GeneratorProfitDual,TotalCostDispatch,RTGeneratorProfitDual,gap,SSProfit
ObjectiveValue,4718.024750861692,353573.49495933874,4718.024750861692,25.4508,4718.024750859111
