,GeneratorProfitDual,TotalCostDispatch,RTGeneratorProfitDual,gap,SSProfit
ObjectiveValue,4663.431129691329,29791.25328524574,4663.431129691329,4.03504,4663.4311296901415
