,GeneratorProfitDual,TotalCostDispatch,RTGeneratorProfitDual,gap,SSProfit
ObjectiveValue,49928.995053568266,303322.02276819374,49928.995053568266,386.536,49990.86793430662
