,GeneratorProfitDual,TotalCostDispatch,RTGeneratorProfitDual,gap,SSProfit
ObjectiveValue,-373438759132.76013,303309.6626952914,-373438759132.76013,497.159,-2160749078.0515
