,GeneratorProfitDual,TotalCostDispatch,RTGeneratorProfitDual,gap,SSProfit
ObjectiveValue,11072.844777420782,28621.059700281963,11072.844777420782,8317.11,14350.439212649973
