,GeneratorProfitDual,TotalCostDispatch,RTGeneratorProfitDual,gap,SSProfit
ObjectiveValue,49725.19196261477,65184.82338322813,49725.19196261477,15028.0,49725.191962612356
