,GeneratorProfitDual,TotalCostDispatch,RTGeneratorProfitDual,gap,SSProfit
ObjectiveValue,70269.81509741636,161701.24776984233,70269.81509741636,0.0,46472.15318969423
