,GeneratorProfitDual,TotalCostDispatch,RTGeneratorProfitDual,gap,SSProfit
ObjectiveValue,4004.7303775092046,224505.70295213084,4004.7303775092046,4.64549,4004.730377507756
