,GeneratorProfitDual,TotalCostDispatch,RTGeneratorProfitDual,gap,SSProfit
ObjectiveValue,8612.424115963984,28425.80167097626,8612.424115963984,4878.87,8612.424115963506
