,GeneratorProfitDual,TotalCostDispatch,RTGeneratorProfitDual,gap,SSProfit
ObjectiveValue,8612.424115964806,28425.801670975277,8612.424115964806,1509.92,8612.42411596353
