,GeneratorProfitDual,TotalCostDispatch,RTGeneratorProfitDual,gap,SSProfit
ObjectiveValue,4666.081190649706,501080.1227351108,4666.081190649706,249368.0,4686.626793000008
