,GeneratorProfitDual,TotalCostDispatch,RTGeneratorProfitDual,gap,SSProfit
ObjectiveValue,13086.567149317838,48114.865684043056,13086.567149317838,226.404,13086.567149317669
