,GeneratorProfitDual,TotalCostDispatch,RTGeneratorProfitDual,gap,SSProfit
ObjectiveValue,13086.567149317714,48114.86568404304,13086.567149317714,157.829,13086.567149317689
