,GeneratorProfitDual,TotalCostDispatch,RTGeneratorProfitDual,gap,SSProfit
ObjectiveValue,-1958742385.0677304,36669.749131004544,-1958742385.0677304,0.0,11344254.287931725
