,GeneratorProfitDual,TotalCostDispatch,RTGeneratorProfitDual,gap,SSProfit
ObjectiveValue,76500.3356039462,273923.63904029026,76500.3356039462,7915.5,76500.33560394368
