,GeneratorProfitDual,TotalCostDispatch,RTGeneratorProfitDual,gap,SSProfit
ObjectiveValue,76492.23992774013,273922.86937073024,76492.23992774013,608.074,76494.2524428738
