,GeneratorProfitDual,TotalCostDispatch,RTGeneratorProfitDual,gap,SSProfit
ObjectiveValue,10746.843650341638,65624.13180549744,10746.843650341638,10669.7,10746.843650341305
