,GeneratorProfitDual,TotalCostDispatch,RTGeneratorProfitDual,gap,SSProfit
ObjectiveValue,3205.1543862205435,39034.28620115855,3205.1543862205435,129.761,3205.15438622025
