,GeneratorProfitDual,TotalCostDispatch,RTGeneratorProfitDual,gap,SSProfit
ObjectiveValue,3205.1543862206136,39034.28620115842,3205.1543862206136,9460.15,3205.1543862202498
