,GeneratorProfitDual,TotalCostDispatch,RTGeneratorProfitDual,gap,SSProfit
ObjectiveValue,3205.1543862206645,39034.28620115833,3205.1543862206645,223.426,3205.1543862202507
