,GeneratorProfitDual,TotalCostDispatch,RTGeneratorProfitDual,gap,SSProfit
ObjectiveValue,-15878889381.030285,459464.91276139015,-15878889381.030285,0.0,-3715274.683278771
