,GeneratorProfitDual,TotalCostDispatch,RTGeneratorProfitDual,gap,SSProfit
ObjectiveValue,22354.3232627484,112517.89284878055,22354.3232627484,392.891,22354.32326274521
