,GeneratorProfitDual,TotalCostDispatch,RTGeneratorProfitDual,gap,SSProfit
ObjectiveValue,74686.8858271569,378935.0609808376,74686.8858271569,6245.09,74774.64449320213
