,GeneratorProfitDual,TotalCostDispatch,RTGeneratorProfitDual,gap,SSProfit
ObjectiveValue,83520.02063631294,379347.9046381999,83520.02063631294,9839.75,83524.03794861112
