,GeneratorProfitDual,TotalCostDispatch,RTGeneratorProfitDual,gap,SSProfit
ObjectiveValue,60208.51285251774,125043.21558630615,60208.51285251774,863.455,60794.941069540546
