,GeneratorProfitDual,TotalCostDispatch,RTGeneratorProfitDual,gap,SSProfit
ObjectiveValue,73391.29921033571,125879.5271303156,73391.29921033571,11149.4,73459.38386857945
