,GeneratorProfitDual,TotalCostDispatch,RTGeneratorProfitDual,gap,SSProfit
ObjectiveValue,7177.8736128991895,48857.13391662092,7177.8736128991895,81.3907,7177.873612898779
