,GeneratorProfitDual,TotalCostDispatch,RTGeneratorProfitDual,gap,SSProfit
ObjectiveValue,2565.6990797962494,74882.42221675653,2565.6990797962494,22.4508,2590.832129999998
