,GeneratorProfitDual,TotalCostDispatch,RTGeneratorProfitDual,gap,SSProfit
ObjectiveValue,27046.1105443862,625405.1498189204,27046.1105443862,270.57,27184.072107341115
