,GeneratorProfitDual,TotalCostDispatch,RTGeneratorProfitDual,gap,SSProfit
ObjectiveValue,26705.766154583856,625663.6589322222,26705.766154583856,270.2,27206.687104662065
