,GeneratorProfitDual,TotalCostDispatch,RTGeneratorProfitDual,gap,SSProfit
ObjectiveValue,7928.762634002654,151810.68347890963,7928.762634002654,0.0,7928.762634000019
