,GeneratorProfitDual,TotalCostDispatch,RTGeneratorProfitDual,gap,SSProfit
ObjectiveValue,12748.670009085781,74843.51111163052,12748.670009085781,0.0,12799.062070398457
