,GeneratorProfitDual,TotalCostDispatch,RTGeneratorProfitDual,gap,SSProfit
ObjectiveValue,54640.90227220008,327916.13039822335,54640.90227220008,1704.24,54795.58626565078
