,GeneratorProfitDual,TotalCostDispatch,RTGeneratorProfitDual,gap,SSProfit
ObjectiveValue,67391.07311663589,276939.474034241,67391.07311663589,30876.6,67391.07311663446
