,GeneratorProfitDual,TotalCostDispatch,RTGeneratorProfitDual,gap,SSProfit
ObjectiveValue,67391.07311663896,276939.47403423797,67391.07311663896,892.887,67391.07311663464
