,GeneratorProfitDual,TotalCostDispatch,RTGeneratorProfitDual,gap,SSProfit
ObjectiveValue,47313.86284553461,262952.20962023037,47313.86284553461,3567.18,47483.560193212375
