,GeneratorProfitDual,TotalCostDispatch,RTGeneratorProfitDual,gap,SSProfit
ObjectiveValue,7285.417267115759,120331.93891324087,7285.417267115759,0.0,7285.417267115089
