,GeneratorProfitDual,TotalCostDispatch,RTGeneratorProfitDual,gap,SSProfit
ObjectiveValue,-1977607054.442497,23194.143492006373,-1977607054.442497,0.0,16207329.262764608
