,GeneratorProfitDual,TotalCostDispatch,RTGeneratorProfitDual,gap,SSProfit
ObjectiveValue,62737.277595418,211599.34652604754,62737.277595418,751.857,62789.90355722088
