,GeneratorProfitDual,TotalCostDispatch,RTGeneratorProfitDual,gap,SSProfit
ObjectiveValue,-16071663992.921463,64016.75577393855,-16071663992.921463,0.0,-89410909.17794086
