,GeneratorProfitDual,TotalCostDispatch,RTGeneratorProfitDual,gap,SSProfit
ObjectiveValue,4004.0168381448734,330612.3328540433,4004.0168381448734,39.139,4022.3008950000235
