,GeneratorProfitDual,TotalCostDispatch,RTGeneratorProfitDual,gap,SSProfit
ObjectiveValue,-1965293734.6487885,73731.04248452777,-1965293734.6487885,0.0,11490158.759783778
