,GeneratorProfitDual,TotalCostDispatch,RTGeneratorProfitDual,gap,SSProfit
ObjectiveValue,-1760964829.2116957,203963.17155114573,-1760964829.2116957,0.0,10650767.516842242
