,GeneratorProfitDual,TotalCostDispatch,RTGeneratorProfitDual,gap,SSProfit
ObjectiveValue,7825.982462156792,143072.15418011232,7825.982462156792,0.0,7825.98246215562
