,GeneratorProfitDual,TotalCostDispatch,RTGeneratorProfitDual,gap,SSProfit
ObjectiveValue,3318.539845446316,78930.29360180219,3318.539845446316,2.96079,3318.539845446188
