,GeneratorProfitDual,TotalCostDispatch,RTGeneratorProfitDual,gap,SSProfit
ObjectiveValue,-18313019898.97827,151109.74142569446,-18313019898.97827,302.983,-54919962.8800474
