,GeneratorProfitDual,TotalCostDispatch,RTGeneratorProfitDual,gap,SSProfit
ObjectiveValue,43357.00085899667,151163.9985910391,43357.00085899667,14289.3,43577.3582671878
