,GeneratorProfitDual,TotalCostDispatch,RTGeneratorProfitDual,gap,SSProfit
ObjectiveValue,23756.588273531164,66684.01767125702,23756.588273531164,77314.5,23756.588273530404
