,GeneratorProfitDual,TotalCostDispatch,RTGeneratorProfitDual,gap,SSProfit
ObjectiveValue,29607.748357142056,66686.96484144591,29607.748357142056,8887.34,30063.211709481493
