,GeneratorProfitDual,TotalCostDispatch,RTGeneratorProfitDual,gap,SSProfit
ObjectiveValue,20049.614695236916,452027.92406948825,20049.614695236916,196.153,20265.582439391907
