,GeneratorProfitDual,TotalCostDispatch,RTGeneratorProfitDual,gap,SSProfit
ObjectiveValue,786.5789670007134,66550.72746434684,786.5789670007134,0.0,786.5789670000148
