,GeneratorProfitDual,TotalCostDispatch,RTGeneratorProfitDual,gap,SSProfit
ObjectiveValue,-74.84109880218102,303310.3818309892,-74.84109880218102,0.0,3.3934098182859316
