,GeneratorProfitDual,TotalCostDispatch,RTGeneratorProfitDual,gap,SSProfit
ObjectiveValue,-1981032356.504408,124901.37656388165,-1981032356.504408,0.0,10081601.519098686
