,GeneratorProfitDual,TotalCostDispatch,RTGeneratorProfitDual,gap,SSProfit
ObjectiveValue,3964.381317000606,267368.9945967241,3964.381317000606,0.0,3964.3813170000067
