,GeneratorProfitDual,TotalCostDispatch,RTGeneratorProfitDual,gap,SSProfit
ObjectiveValue,21517.54839169083,171944.29527923252,21517.54839169083,9172.19,21501.805150687742
