,GeneratorProfitDual,TotalCostDispatch,RTGeneratorProfitDual,gap,SSProfit
ObjectiveValue,21501.80515069214,171944.29527923217,21501.80515069214,210.569,21501.805150687745
