,GeneratorProfitDual,TotalCostDispatch,RTGeneratorProfitDual,gap,SSProfit
ObjectiveValue,48573.75811733592,135267.19113738526,48573.75811733592,483.256,48573.75811733423
