,GeneratorProfitDual,TotalCostDispatch,RTGeneratorProfitDual,gap,SSProfit
ObjectiveValue,369.9740684481246,486390.39480873337,369.9740684481246,2.92494,452.96809712142965
