,GeneratorProfitDual,TotalCostDispatch,RTGeneratorProfitDual,gap,SSProfit
ObjectiveValue,6801.0125634397245,483211.1983738006,6801.0125634397245,0.176351,6959.749403011012
