,GeneratorProfitDual,TotalCostDispatch,RTGeneratorProfitDual,gap,SSProfit
ObjectiveValue,6801.012563436185,483211.1983738006,6801.012563436185,0.176351,6959.749403010993
