,GeneratorProfitDual,TotalCostDispatch,RTGeneratorProfitDual,gap,SSProfit
ObjectiveValue,41353.49823194014,260570.98835345122,41353.49823194014,588.745,41353.49823193629
