,GeneratorProfitDual,TotalCostDispatch,RTGeneratorProfitDual,gap,SSProfit
ObjectiveValue,-1914581485.5695803,65742.44185930409,-1914581485.5695803,0.0,14436878.332333148
