,GeneratorProfitDual,TotalCostDispatch,RTGeneratorProfitDual,gap,SSProfit
ObjectiveValue,40486.83712281768,546487.4888430355,40486.83712281768,94.3353,40495.044858278525
