,GeneratorProfitDual,TotalCostDispatch,RTGeneratorProfitDual,gap,SSProfit
ObjectiveValue,40464.6126221503,546468.1605829243,40464.6126221503,326.436,40464.612622144574
