,GeneratorProfitDual,TotalCostDispatch,RTGeneratorProfitDual,gap,SSProfit
ObjectiveValue,5404.95996356819,78471.19485101712,5404.95996356819,0.0,3883.1885605323737
