,GeneratorProfitDual,TotalCostDispatch,RTGeneratorProfitDual,gap,SSProfit
ObjectiveValue,3482.6137045446726,139293.05884712745,3482.6137045446726,0.0,3482.6137045434743
