,GeneratorProfitDual,TotalCostDispatch,RTGeneratorProfitDual,gap,SSProfit
ObjectiveValue,3726.216517302765,166804.28782284484,3726.216517302765,215.035,3964.3813169999858
