,GeneratorProfitDual,TotalCostDispatch,RTGeneratorProfitDual,gap,SSProfit
ObjectiveValue,7619.767605313547,211603.28152590903,7619.767605313547,7.89275,7969.343745128825
