,GeneratorProfitDual,TotalCostDispatch,RTGeneratorProfitDual,gap,SSProfit
ObjectiveValue,46773.02919111594,181241.78193473126,46773.02919111594,15620.6,46773.02919111499
