,GeneratorProfitDual,TotalCostDispatch,RTGeneratorProfitDual,gap,SSProfit
ObjectiveValue,50834.96378441998,181241.78193473126,50834.96378441998,5000.1,50834.96378441972
