,GeneratorProfitDual,TotalCostDispatch,RTGeneratorProfitDual,gap,SSProfit
ObjectiveValue,2828.5087283897574,64163.68656880105,2828.5087283897574,0.0,3128.8555524858075
