,GeneratorProfitDual,TotalCostDispatch,RTGeneratorProfitDual,gap,SSProfit
ObjectiveValue,-1917892951.2610183,340804.50932603603,-1917892951.2610183,0.0,600905.324755019
