,GeneratorProfitDual,TotalCostDispatch,RTGeneratorProfitDual,gap,SSProfit
ObjectiveValue,9332.657325968987,36308.183171807876,9332.657325968987,19402.8,9332.657325966393
