,GeneratorProfitDual,TotalCostDispatch,RTGeneratorProfitDual,gap,SSProfit
ObjectiveValue,9332.657325968867,36308.183171808,9332.657325968867,50103.1,9332.657325966391
