,GeneratorProfitDual,TotalCostDispatch,RTGeneratorProfitDual,gap,SSProfit
ObjectiveValue,27650.420018916157,60690.68980724498,27650.420018916157,247.247,27650.42001891579
