,GeneratorProfitDual,TotalCostDispatch,RTGeneratorProfitDual,gap,SSProfit
ObjectiveValue,27650.420018916408,60690.68980724495,27650.420018916408,365.862,27650.420018915796
