,GeneratorProfitDual,TotalCostDispatch,RTGeneratorProfitDual,gap,SSProfit
ObjectiveValue,3614.765796068119,53949.165445836385,3614.765796068119,17.6328,3614.76579606814
