,GeneratorProfitDual,TotalCostDispatch,RTGeneratorProfitDual,gap,SSProfit
ObjectiveValue,2230.6780168682867,439806.1020417836,2230.6780168682867,13.8715,2680.2042362166194
