,GeneratorProfitDual,TotalCostDispatch,RTGeneratorProfitDual,gap,SSProfit
ObjectiveValue,4231.490311167887,162514.14860631683,4231.490311167887,7024.85,4231.490311166664
