,GeneratorProfitDual,TotalCostDispatch,RTGeneratorProfitDual,gap,SSProfit
ObjectiveValue,17939.44223154458,139648.68151506872,17939.44223154458,159.761,17939.4422315417
