,GeneratorProfitDual,TotalCostDispatch,RTGeneratorProfitDual,gap,SSProfit
ObjectiveValue,2675.5721599330473,22391.698176532154,2675.5721599330473,18.6783,2675.572159932543
