,GeneratorProfitDual,TotalCostDispatch,RTGeneratorProfitDual,gap,SSProfit
ObjectiveValue,12636.509922444042,73647.07346103076,12636.509922444042,10337.6,13416.021957646562
