,GeneratorProfitDual,TotalCostDispatch,RTGeneratorProfitDual,gap,SSProfit
ObjectiveValue,2831.8719720081717,293828.2474646167,2831.8719720081717,5.70307,3072.2992315492434
