,GeneratorProfitDual,TotalCostDispatch,RTGeneratorProfitDual,gap,SSProfit
ObjectiveValue,-1719518223.130108,274082.2993733225,-1719518223.130108,0.0,3997455.824060246
