,GeneratorProfitDual,TotalCostDispatch,RTGeneratorProfitDual,gap,SSProfit
ObjectiveValue,8353.598548457245,57696.83957955084,8353.598548457245,0.0,8353.598548456986
