,GeneratorProfitDual,TotalCostDispatch,RTGeneratorProfitDual,gap,SSProfit
ObjectiveValue,-28438.01021491824,91150.79416533312,-28438.01021491824,1602.21,-16862.517299790445
