,GeneratorProfitDual,TotalCostDispatch,RTGeneratorProfitDual,gap,SSProfit
ObjectiveValue,-28413.762105068312,91150.79416533103,-28413.762105068312,8804.37,-16259.073749431742
