,GeneratorProfitDual,TotalCostDispatch,RTGeneratorProfitDual,gap,SSProfit
ObjectiveValue,37672.33524431923,244465.7047752316,37672.33524431923,482.678,37672.33524431819
