,GeneratorProfitDual,TotalCostDispatch,RTGeneratorProfitDual,gap,SSProfit
ObjectiveValue,37672.72007909939,244463.01093177163,37672.72007909939,1122.78,37730.36652375204
