,GeneratorProfitDual,TotalCostDispatch,RTGeneratorProfitDual,gap,SSProfit
ObjectiveValue,1058.7021169564212,1673.0577958090073,1058.7021169564212,0.0,1058.7021169563823
