,GeneratorProfitDual,TotalCostDispatch,RTGeneratorProfitDual,gap,SSProfit
ObjectiveValue,36539.47911141747,68594.07575559532,36539.47911141747,550.927,36539.479111416724
