,GeneratorProfitDual,TotalCostDispatch,RTGeneratorProfitDual,gap,SSProfit
ObjectiveValue,3542.9966068171107,460615.3387760384,3542.9966068171107,30.8363,3554.1297527314427
