,GeneratorProfitDual,TotalCostDispatch,RTGeneratorProfitDual,gap,SSProfit
ObjectiveValue,3454.873797694134,182028.89019347396,3454.873797694134,113.18,3677.2978496983746
