,GeneratorProfitDual,TotalCostDispatch,RTGeneratorProfitDual,gap,SSProfit
ObjectiveValue,51138.928909229515,151109.74142569336,51138.928909229515,1407.64,51369.24582295548
