,GeneratorProfitDual,TotalCostDispatch,RTGeneratorProfitDual,gap,SSProfit
ObjectiveValue,51377.99444885841,151163.67046602498,51377.99444885841,541.42,51574.165451886955
