,GeneratorProfitDual,TotalCostDispatch,RTGeneratorProfitDual,gap,SSProfit
ObjectiveValue,2988.2472570813457,37528.51431920121,2988.2472570813457,0.0,2988.2472570803566
