,GeneratorProfitDual,TotalCostDispatch,RTGeneratorProfitDual,gap,SSProfit
ObjectiveValue,33618.59888117853,86994.79821405592,33618.59888117853,17557.4,33805.11239800006
