,GeneratorProfitDual,TotalCostDispatch,RTGeneratorProfitDual,gap,SSProfit
ObjectiveValue,3933.7746141366015,445088.9055534357,3933.7746141366015,38.2127,3912.977987133886
