,GeneratorProfitDual,TotalCostDispatch,RTGeneratorProfitDual,gap,SSProfit
ObjectiveValue,-16975423122.662333,335758.1416498335,-16975423122.662333,0.0,-10718540.034971295
