,GeneratorProfitDual,TotalCostDispatch,RTGeneratorProfitDual,gap,SSProfit
ObjectiveValue,82700.96545445558,370964.176621463,82700.96545445558,1048.29,83159.58944283071
