,GeneratorProfitDual,TotalCostDispatch,RTGeneratorProfitDual,gap,SSProfit
ObjectiveValue,104512.28441205503,371514.1359720971,104512.28441205503,1028.83,104512.34404855435
