,GeneratorProfitDual,TotalCostDispatch,RTGeneratorProfitDual,gap,SSProfit
ObjectiveValue,49487.908537561,238066.46228931457,49487.908537561,8869.63,49487.90853756023
