,GeneratorProfitDual,TotalCostDispatch,RTGeneratorProfitDual,gap,SSProfit
ObjectiveValue,11966.469326912473,217946.18600395118,11966.469326912473,12553.1,11966.469326910732
