,GeneratorProfitDual,TotalCostDispatch,RTGeneratorProfitDual,gap,SSProfit
ObjectiveValue,-1787865783.773737,49771.97696366856,-1787865783.773737,0.0,17256574.79260218
