,GeneratorProfitDual,TotalCostDispatch,RTGeneratorProfitDual,gap,SSProfit
ObjectiveValue,3079.9864098313137,34242.63938550314,3079.9864098313137,15.4275,3079.9864098298794
