,GeneratorProfitDual,TotalCostDispatch,RTGeneratorProfitDual,gap,SSProfit
ObjectiveValue,31715.363745964383,278326.30521845503,31715.363745964383,0.0,32475.210255464503
