,GeneratorProfitDual,TotalCostDispatch,RTGeneratorProfitDual,gap,SSProfit
ObjectiveValue,32213.38644235171,278105.0152042791,32213.38644235171,321.481,32448.949808948368
