,GeneratorProfitDual,TotalCostDispatch,RTGeneratorProfitDual,gap,SSProfit
ObjectiveValue,29641.360193205455,95569.8044262833,29641.360193205455,110.414,29641.360193201588
