,GeneratorProfitDual,TotalCostDispatch,RTGeneratorProfitDual,gap,SSProfit
ObjectiveValue,29641.360193202912,95569.80442628615,29641.360193202912,0.0,29641.360193201574
