,GeneratorProfitDual,TotalCostDispatch,RTGeneratorProfitDual,gap,SSProfit
ObjectiveValue,66354.5495140305,258313.91099303556,66354.5495140305,4106.71,66357.22835484726
