,GeneratorProfitDual,TotalCostDispatch,RTGeneratorProfitDual,gap,SSProfit
ObjectiveValue,51382.220715573254,360478.3672291047,51382.220715573254,173.273,51383.52158391474
