,GeneratorProfitDual,TotalCostDispatch,RTGeneratorProfitDual,gap,SSProfit
ObjectiveValue,7918.893362665601,171025.79269203826,7918.893362665601,0.515559,7918.893362664743
