,GeneratorProfitDual,TotalCostDispatch,RTGeneratorProfitDual,gap,SSProfit
ObjectiveValue,49946.22344707307,303310.3818309892,49946.22344707307,488.411,50024.4579556926
