,GeneratorProfitDual,TotalCostDispatch,RTGeneratorProfitDual,gap,SSProfit
ObjectiveValue,4047.567825007863,258210.20348627088,4047.567825007863,0.0,4026.7711980000245
