,GeneratorProfitDual,TotalCostDispatch,RTGeneratorProfitDual,gap,SSProfit
ObjectiveValue,25469.380487656792,19123.341719813365,25469.380487656792,2743.12,25469.38048765613
