,GeneratorProfitDual,TotalCostDispatch,RTGeneratorProfitDual,gap,SSProfit
ObjectiveValue,8053.542396001578,302679.6918491897,8053.542396001578,0.0,8053.542396000033
