,GeneratorProfitDual,TotalCostDispatch,RTGeneratorProfitDual,gap,SSProfit
ObjectiveValue,4434.157020559493,57739.845428475644,4434.157020559493,0.0,4434.157020557493
