,GeneratorProfitDual,TotalCostDispatch,RTGeneratorProfitDual,gap,SSProfit
ObjectiveValue,39355.4780177112,501888.8399989776,39355.4780177112,788.631,39355.47801770577
