,GeneratorProfitDual,TotalCostDispatch,RTGeneratorProfitDual,gap,SSProfit
ObjectiveValue,25846.4816115569,139648.6815150709,25846.4816115569,254.694,25846.48161155567
