,GeneratorProfitDual,TotalCostDispatch,RTGeneratorProfitDual,gap,SSProfit
ObjectiveValue,25846.481611556752,139648.6815150714,25846.481611556752,2482.47,25846.48161155566
