,GeneratorProfitDual,TotalCostDispatch,RTGeneratorProfitDual,gap,SSProfit
ObjectiveValue,17424.29727698879,105149.19190906388,17424.29727698879,11539.3,17424.297276984067
