,GeneratorProfitDual,TotalCostDispatch,RTGeneratorProfitDual,gap,SSProfit
ObjectiveValue,9733.24820934741,107543.82784086588,9733.24820934741,33760.4,9733.248209345675
