,GeneratorProfitDual,TotalCostDispatch,RTGeneratorProfitDual,gap,SSProfit
ObjectiveValue,5024.925953486965,107442.8682970672,5024.925953486965,433.107,5024.925953486319
