,GeneratorProfitDual,TotalCostDispatch,RTGeneratorProfitDual,gap,SSProfit
ObjectiveValue,46571.21651459727,212359.3663439968,46571.21651459727,45237.2,50760.14120090239
