,GeneratorProfitDual,TotalCostDispatch,RTGeneratorProfitDual,gap,SSProfit
ObjectiveValue,3374.411755145832,84964.99728669775,3374.411755145832,0.0,3391.6975944390997
