,GeneratorProfitDual,TotalCostDispatch,RTGeneratorProfitDual,gap,SSProfit
ObjectiveValue,11804.860615244033,57696.83957954855,11804.860615244033,69.1118,11804.860615240868
