,GeneratorProfitDual,TotalCostDispatch,RTGeneratorProfitDual,gap,SSProfit
ObjectiveValue,11789.048561330092,57725.84826673283,11789.048561330092,14.4277,11789.048561329379
