,GeneratorProfitDual,TotalCostDispatch,RTGeneratorProfitDual,gap,SSProfit
ObjectiveValue,11804.860615241292,57696.83957955098,11804.860615241292,0.0,11804.860615240837
