,GeneratorProfitDual,TotalCostDispatch,RTGeneratorProfitDual,gap,SSProfit
ObjectiveValue,1574.5816767650192,396839.47782987414,1574.5816767650192,14.3073,1574.5816767625079
