,GeneratorProfitDual,TotalCostDispatch,RTGeneratorProfitDual,gap,SSProfit
ObjectiveValue,72595.79171738107,334985.04547867284,72595.79171738107,0.0,48479.28836567484
