,GeneratorProfitDual,TotalCostDispatch,RTGeneratorProfitDual,gap,SSProfit
ObjectiveValue,-16490869675.176373,400475.85416401125,-16490869675.176373,0.0,852053.0095349211
