,GeneratorProfitDual,TotalCostDispatch,RTGeneratorProfitDual,gap,SSProfit
ObjectiveValue,23915.290363296965,645453.4578969154,23915.290363296965,118.379,24049.056188016297
