,GeneratorProfitDual,TotalCostDispatch,RTGeneratorProfitDual,gap,SSProfit
ObjectiveValue,23968.750078738605,645502.3542103572,23968.750078738605,137.777,24052.272668205314
