,GeneratorProfitDual,TotalCostDispatch,RTGeneratorProfitDual,gap,SSProfit
ObjectiveValue,31998.52682059749,30140.17623788255,31998.52682059749,47615.8,31998.526820596966
