,GeneratorProfitDual,TotalCostDispatch,RTGeneratorProfitDual,gap,SSProfit
ObjectiveValue,17110.574856323085,16276.467633095614,17110.574856323085,163.197,17110.57485632242
