,GeneratorProfitDual,TotalCostDispatch,RTGeneratorProfitDual,gap,SSProfit
ObjectiveValue,17110.574856323557,16276.467633095075,17110.574856323557,168.752,17110.574856322433
