,GeneratorProfitDual,TotalCostDispatch,RTGeneratorProfitDual,gap,SSProfit
ObjectiveValue,-9637.013813660189,199961.8853796341,-9637.013813660189,0.0,1808.1878041530813
