,GeneratorProfitDual,TotalCostDispatch,RTGeneratorProfitDual,gap,SSProfit
ObjectiveValue,5088.422931053921,436245.3875691661,5088.422931053921,6.91985,5111.5003861375235
