,GeneratorProfitDual,TotalCostDispatch,RTGeneratorProfitDual,gap,SSProfit
ObjectiveValue,21437.378474662542,126275.57592934041,21437.378474662542,395.772,21440.51525164313
