,GeneratorProfitDual,TotalCostDispatch,RTGeneratorProfitDual,gap,SSProfit
ObjectiveValue,21428.21490101332,126284.73950298959,21428.21490101332,24959.0,21428.214901012816
