,GeneratorProfitDual,TotalCostDispatch,RTGeneratorProfitDual,gap,SSProfit
ObjectiveValue,-18816239986.572464,155580.54608206567,-18816239986.572464,0.0,-24378393.544703055
