,GeneratorProfitDual,TotalCostDispatch,RTGeneratorProfitDual,gap,SSProfit
ObjectiveValue,64355.163834604966,99302.58273588984,64355.163834604966,25686.3,64355.16383460404
