,GeneratorProfitDual,TotalCostDispatch,RTGeneratorProfitDual,gap,SSProfit
ObjectiveValue,64355.16383460731,99302.58273588735,64355.16383460731,18463.0,64355.163834604115
