,GeneratorProfitDual,TotalCostDispatch,RTGeneratorProfitDual,gap,SSProfit
ObjectiveValue,-1893073452.5943139,280705.9030936085,-1893073452.5943139,0.0,8830327.143360537
