,GeneratorProfitDual,TotalCostDispatch,RTGeneratorProfitDual,gap,SSProfit
ObjectiveValue,4527.295584413806,50653.444570936685,4527.295584413806,25.9116,4527.295584412646
