,GeneratorProfitDual,TotalCostDispatch,RTGeneratorProfitDual,gap,SSProfit
ObjectiveValue,-18819782638.341927,161948.04572850632,-18819782638.341927,0.0,-22756714.949772537
