,GeneratorProfitDual,TotalCostDispatch,RTGeneratorProfitDual,gap,SSProfit
ObjectiveValue,7062.154110705336,300047.8507905584,7062.154110705336,0.0,7145.925101286773
