,GeneratorProfitDual,TotalCostDispatch,RTGeneratorProfitDual,gap,SSProfit
ObjectiveValue,-1937907442.7309995,59272.27717956663,-1937907442.7309995,0.0,19892915.544246458
