,GeneratorProfitDual,TotalCostDispatch,RTGeneratorProfitDual,gap,SSProfit
ObjectiveValue,47771.7073917493,17440.32012172051,47771.7073917493,477.554,47771.707391748765
