,GeneratorProfitDual,TotalCostDispatch,RTGeneratorProfitDual,gap,SSProfit
ObjectiveValue,47771.70976795091,17440.32010434546,47771.70976795091,6250.59,47771.70759525177
