,GeneratorProfitDual,TotalCostDispatch,RTGeneratorProfitDual,gap,SSProfit
ObjectiveValue,36145.31984665481,140010.35872884927,36145.31984665481,210.806,36145.31984665427
