,GeneratorProfitDual,TotalCostDispatch,RTGeneratorProfitDual,gap,SSProfit
ObjectiveValue,3611.645370488557,342824.08273340465,3611.645370488557,5.15672,3610.347038999998
