,GeneratorProfitDual,TotalCostDispatch,RTGeneratorProfitDual,gap,SSProfit
ObjectiveValue,3387.5139890422265,157417.0939329417,3387.5139890422265,0.0,3933.1533876301983
