,GeneratorProfitDual,TotalCostDispatch,RTGeneratorProfitDual,gap,SSProfit
ObjectiveValue,1932.8240745574258,133097.97855836255,1932.8240745574258,0.0,2326.040713454565
