,GeneratorProfitDual,TotalCostDispatch,RTGeneratorProfitDual,gap,SSProfit
ObjectiveValue,20329.257804968784,39034.3816900878,20329.257804968784,463.002,20329.257804968056
