,GeneratorProfitDual,TotalCostDispatch,RTGeneratorProfitDual,gap,SSProfit
ObjectiveValue,-1920801029.9322796,127686.13646430681,-1920801029.9322796,0.0,21311537.865288742
