,GeneratorProfitDual,TotalCostDispatch,RTGeneratorProfitDual,gap,SSProfit
ObjectiveValue,51432.228608225756,182832.3605642615,51432.228608225756,10873.2,51432.228608224184
