,GeneratorProfitDual,TotalCostDispatch,RTGeneratorProfitDual,gap,SSProfit
ObjectiveValue,51432.22860822618,182832.36056426156,51432.22860822618,10414.4,51432.22860822421
