,GeneratorProfitDual,TotalCostDispatch,RTGeneratorProfitDual,gap,SSProfit
ObjectiveValue,51432.228608226185,182832.36056426156,51432.228608226185,0.0,51432.228608224286
