,GeneratorProfitDual,TotalCostDispatch,RTGeneratorProfitDual,gap,SSProfit
ObjectiveValue,27656.093772922795,90304.81957609192,27656.093772922795,427.003,27656.093772921697
