,GeneratorProfitDual,TotalCostDispatch,RTGeneratorProfitDual,gap,SSProfit
ObjectiveValue,27656.093772922744,90304.81957609192,27656.093772922744,434.116,27656.093772921777
