,GeneratorProfitDual,TotalCostDispatch,RTGeneratorProfitDual,gap,SSProfit
ObjectiveValue,11715.377747878369,147697.52112151182,11715.377747878369,114.552,11715.377747877075
