,GeneratorProfitDual,TotalCostDispatch,RTGeneratorProfitDual,gap,SSProfit
ObjectiveValue,11715.377747878108,147697.52112151185,11715.377747878108,115.594,11715.377747877088
