,GeneratorProfitDual,TotalCostDispatch,RTGeneratorProfitDual,gap,SSProfit
ObjectiveValue,11710.398561624166,147675.44630808884,11710.398561624166,98.7459,11710.398561623047
