,GeneratorProfitDual,TotalCostDispatch,RTGeneratorProfitDual,gap,SSProfit
ObjectiveValue,7283.490838632816,101379.6751755104,7283.490838632816,36.3083,7283.490838631659
