,GeneratorProfitDual,TotalCostDispatch,RTGeneratorProfitDual,gap,SSProfit
ObjectiveValue,23915.592858313314,645453.1554018989,23915.592858313314,125.216,24049.056188016384
