,GeneratorProfitDual,TotalCostDispatch,RTGeneratorProfitDual,gap,SSProfit
ObjectiveValue,38578.44591918685,61591.1551105555,38578.44591918685,883.828,38578.445919186095
