,GeneratorProfitDual,TotalCostDispatch,RTGeneratorProfitDual,gap,SSProfit
ObjectiveValue,23169.369173324816,124564.11261330027,23169.369173324816,0.0,23169.369173323605
