,GeneratorProfitDual,TotalCostDispatch,RTGeneratorProfitDual,gap,SSProfit
ObjectiveValue,1868.3852935973998,82425.84891302774,1868.3852935973998,0.0,1868.3852935973493
