,GeneratorProfitDual,TotalCostDispatch,RTGeneratorProfitDual,gap,SSProfit
ObjectiveValue,53279.34108911526,428961.89611805556,53279.34108911526,0.837831,53258.54446211279
