,GeneratorProfitDual,TotalCostDispatch,RTGeneratorProfitDual,gap,SSProfit
ObjectiveValue,55556.78780267635,182563.24237373122,55556.78780267635,555.283,55556.78780267559
