,GeneratorProfitDual,TotalCostDispatch,RTGeneratorProfitDual,gap,SSProfit
ObjectiveValue,45451.56875211591,182563.24237373113,45451.56875211591,6508.2,45451.568752114945
