,GeneratorProfitDual,TotalCostDispatch,RTGeneratorProfitDual,gap,SSProfit
ObjectiveValue,3469.4677594863806,761890.7167282129,3469.4677594863806,22.0135,3589.6115213854273
