,GeneratorProfitDual,TotalCostDispatch,RTGeneratorProfitDual,gap,SSProfit
ObjectiveValue,3467.329788493571,761892.8546992124,3467.329788493571,26.3076,3589.611521385426
