,GeneratorProfitDual,TotalCostDispatch,RTGeneratorProfitDual,gap,SSProfit
ObjectiveValue,12292.71893966745,16276.467633094791,12292.71893966745,0.0,12292.71893966604
