,GeneratorProfitDual,TotalCostDispatch,RTGeneratorProfitDual,gap,SSProfit
ObjectiveValue,7928.7626340009765,177558.77303784358,7928.7626340009765,0.0,7928.762634000076
