,GeneratorProfitDual,TotalCostDispatch,RTGeneratorProfitDual,gap,SSProfit
ObjectiveValue,1868.3852935975651,3585.4332584214444,1868.3852935975651,0.0,1868.3852935973496
