,GeneratorProfitDual,TotalCostDispatch,RTGeneratorProfitDual,gap,SSProfit
ObjectiveValue,1868.3852935975106,3585.4332584215467,1868.3852935975106,0.0,1868.3852935973496
