,GeneratorProfitDual,TotalCostDispatch,RTGeneratorProfitDual,gap,SSProfit
ObjectiveValue,25836.936967289294,112517.89284878322,25836.936967289294,541.063,25836.936967288642
