,GeneratorProfitDual,TotalCostDispatch,RTGeneratorProfitDual,gap,SSProfit
ObjectiveValue,25836.936967289355,112517.89284878314,25836.936967289355,3201.72,25836.936967288526
