,GeneratorProfitDual,TotalCostDispatch,RTGeneratorProfitDual,gap,SSProfit
ObjectiveValue,12292.718939667426,16276.467633094802,12292.718939667426,0.0,12292.718939666043
