,GeneratorProfitDual,TotalCostDispatch,RTGeneratorProfitDual,gap,SSProfit
ObjectiveValue,12292.718939667187,16276.46763309503,12292.718939667187,121.833,12292.71893966604
