,GeneratorProfitDual,TotalCostDispatch,RTGeneratorProfitDual,gap,SSProfit
ObjectiveValue,-1711110253.9161584,182563.2423737343,-1711110253.9161584,0.0,9724283.682742126
