,GeneratorProfitDual,TotalCostDispatch,RTGeneratorProfitDual,gap,SSProfit
ObjectiveValue,26506.8065022363,81464.00159375992,26506.8065022363,35998.2,26506.806502232113
