,GeneratorProfitDual,TotalCostDispatch,RTGeneratorProfitDual,gap,SSProfit
ObjectiveValue,26506.80650223726,81464.00159375966,26506.80650223726,40605.2,26506.806502232103
