,GeneratorProfitDual,TotalCostDispatch,RTGeneratorProfitDual,gap,SSProfit
ObjectiveValue,35191.649880881756,229663.6879686398,35191.649880881756,4107.49,35396.474636798026
