,GeneratorProfitDual,TotalCostDispatch,RTGeneratorProfitDual,gap,SSProfit
ObjectiveValue,54201.94664367176,236472.36505995816,54201.94664367176,542.005,57796.14259785562
