,GeneratorProfitDual,TotalCostDispatch,RTGeneratorProfitDual,gap,SSProfit
ObjectiveValue,-16378552908.392334,334825.2366540855,-16378552908.392334,0.0,-11225163.596633267
