,GeneratorProfitDual,TotalCostDispatch,RTGeneratorProfitDual,gap,SSProfit
ObjectiveValue,84248.81594726944,192234.0742716898,84248.81594726944,902.515,84249.57316755307
