,GeneratorProfitDual,TotalCostDispatch,RTGeneratorProfitDual,gap,SSProfit
ObjectiveValue,27642.00554170283,186478.00581185438,27642.00554170283,862.215,28139.79677037539
