,GeneratorProfitDual,TotalCostDispatch,RTGeneratorProfitDual,gap,SSProfit
ObjectiveValue,25089.285447818125,91375.19531123884,25089.285447818125,409.49,25089.28544781605
