,GeneratorProfitDual,TotalCostDispatch,RTGeneratorProfitDual,gap,SSProfit
ObjectiveValue,10358.19688690722,79629.78218454967,10358.19688690722,163.491,10358.196886906735
