,GeneratorProfitDual,TotalCostDispatch,RTGeneratorProfitDual,gap,SSProfit
ObjectiveValue,10358.19688690774,79629.78218454905,10358.19688690774,35110.0,10358.196886906762
