,GeneratorProfitDual,TotalCostDispatch,RTGeneratorProfitDual,gap,SSProfit
ObjectiveValue,10358.196886907153,79629.78218454984,10358.196886907153,54537.6,10358.19688690674
