,GeneratorProfitDual,TotalCostDispatch,RTGeneratorProfitDual,gap,SSProfit
ObjectiveValue,-1933004721.9401312,137197.50468864042,-1933004721.9401312,0.0,6504637.980426786
