,GeneratorProfitDual,TotalCostDispatch,RTGeneratorProfitDual,gap,SSProfit
ObjectiveValue,71370.03118413799,153787.881549567,71370.03118413799,6077.97,71370.03118413618
