,GeneratorProfitDual,TotalCostDispatch,RTGeneratorProfitDual,gap,SSProfit
ObjectiveValue,71370.03118413857,153787.88154956623,71370.03118413857,33824.8,71370.03118413624
