,GeneratorProfitDual,TotalCostDispatch,RTGeneratorProfitDual,gap,SSProfit
ObjectiveValue,1445.3454125000374,293858.05509787734,1445.3454125000374,15.2641,1835.1022552499885
