,GeneratorProfitDual,TotalCostDispatch,RTGeneratorProfitDual,gap,SSProfit
ObjectiveValue,167.70097742637302,323394.5558657269,167.70097742637302,0.118042,167.70097742326743
