,GeneratorProfitDual,TotalCostDispatch,RTGeneratorProfitDual,gap,SSProfit
ObjectiveValue,1353.6637736229188,370640.0245280267,1353.6637736229188,0.989226,1353.6637736199225
