,GeneratorProfitDual,TotalCostDispatch,RTGeneratorProfitDual,gap,SSProfit
ObjectiveValue,-1935686196.7295573,31881.943426637965,-1935686196.7295573,0.0,17054728.22222634
