,GeneratorProfitDual,TotalCostDispatch,RTGeneratorProfitDual,gap,SSProfit
ObjectiveValue,653.916919249179,510295.45031497325,653.916919249179,2.43157,654.0361923658712
