,GeneratorProfitDual,TotalCostDispatch,RTGeneratorProfitDual,gap,SSProfit
ObjectiveValue,58145.23954331586,211725.3256429305,58145.23954331586,0.0,58145.23954331029
