,GeneratorProfitDual,TotalCostDispatch,RTGeneratorProfitDual,gap,SSProfit
ObjectiveValue,7922.202391083805,168089.05527630053,7922.202391083805,0.0,7981.739133702576
