,GeneratorProfitDual,TotalCostDispatch,RTGeneratorProfitDual,gap,SSProfit
ObjectiveValue,114204.86258630831,582268.5857584138,114204.86258630831,1108.72,114204.86258630235
