,GeneratorProfitDual,TotalCostDispatch,RTGeneratorProfitDual,gap,SSProfit
ObjectiveValue,114204.86258631015,582268.5857584124,114204.86258631015,1152.05,114204.86258630245
