,GeneratorProfitDual,TotalCostDispatch,RTGeneratorProfitDual,gap,SSProfit
ObjectiveValue,7089.14493065203,84782.94630857036,7089.14493065203,409.326,7089.144930651303
