,GeneratorProfitDual,TotalCostDispatch,RTGeneratorProfitDual,gap,SSProfit
ObjectiveValue,7089.144930652021,84782.94630857029,7089.144930652021,20319.7,7089.14493065129
