,GeneratorProfitDual,TotalCostDispatch,RTGeneratorProfitDual,gap,SSProfit
ObjectiveValue,5607.710950558961,711474.0534976956,5607.710950558961,502.106,5702.111320582588
