,GeneratorProfitDual,TotalCostDispatch,RTGeneratorProfitDual,gap,SSProfit
ObjectiveValue,5398.261632239157,711711.8999752166,5398.261632239157,1.48232,5702.613158076589
