,GeneratorProfitDual,TotalCostDispatch,RTGeneratorProfitDual,gap,SSProfit
ObjectiveValue,53029.531806316525,328584.7043358401,53029.531806316525,246.914,53687.54826602697
