,GeneratorProfitDual,TotalCostDispatch,RTGeneratorProfitDual,gap,SSProfit
ObjectiveValue,44412.10977558575,30745.83044666922,44412.10977558575,6190.55,44412.109775585704
