,GeneratorProfitDual,TotalCostDispatch,RTGeneratorProfitDual,gap,SSProfit
ObjectiveValue,33220.63467055236,175493.42702628896,33220.63467055236,729.992,33220.634670547675
