,GeneratorProfitDual,TotalCostDispatch,RTGeneratorProfitDual,gap,SSProfit
ObjectiveValue,33220.6346705506,175493.42702628922,33220.6346705506,23837.1,33220.634670547675
