,GeneratorProfitDual,TotalCostDispatch,RTGeneratorProfitDual,gap,SSProfit
ObjectiveValue,32786.11579274352,249394.67342361755,32786.11579274352,6383.53,36507.329137715205
