,GeneratorProfitDual,TotalCostDispatch,RTGeneratorProfitDual,gap,SSProfit
ObjectiveValue,-17315901925.73734,137134.69897329356,-17315901925.73734,0.0,-10029718.060757399
