,GeneratorProfitDual,TotalCostDispatch,RTGeneratorProfitDual,gap,SSProfit
ObjectiveValue,548.2944965696604,248159.29599134793,548.2944965696604,5.44935,1272.5983895710342
