,GeneratorProfitDual,TotalCostDispatch,RTGeneratorProfitDual,gap,SSProfit
ObjectiveValue,7174.683095813979,102749.49017451056,7174.683095813979,49.7586,7233.851776434582
