,GeneratorProfitDual,TotalCostDispatch,RTGeneratorProfitDual,gap,SSProfit
ObjectiveValue,25469.380487656792,19123.341719813365,25469.380487656792,338.618,25469.38048765613
