,GeneratorProfitDual,TotalCostDispatch,RTGeneratorProfitDual,gap,SSProfit
ObjectiveValue,25469.380487657294,19123.34171981341,25469.380487657294,293.668,25469.3804876561
