,GeneratorProfitDual,TotalCostDispatch,RTGeneratorProfitDual,gap,SSProfit
ObjectiveValue,12256.05350605101,59694.06504141849,12256.05350605101,479.962,12256.053506050159
