,GeneratorProfitDual,TotalCostDispatch,RTGeneratorProfitDual,gap,SSProfit
<<<<<<< HEAD
ObjectiveValue,38578.44591918562,61591.15511055686,38578.44591918562,2413.65,38578.44591918481
=======
ObjectiveValue,39237.53562969624,61075.26339527079,39237.53562969624,4899.34,40526.74240843323
>>>>>>> 0fc2bb057e3a036bded0708a083aff86faa40229
