,GeneratorProfitDual,TotalCostDispatch,RTGeneratorProfitDual,gap,SSProfit
ObjectiveValue,38578.44591918562,61591.15511055686,38578.44591918562,2413.65,38578.44591918481
