,GeneratorProfitDual,TotalCostDispatch,RTGeneratorProfitDual,gap,SSProfit
ObjectiveValue,39237.53562969624,61075.26339527079,39237.53562969624,4899.34,40526.74240843323
