,GeneratorProfitDual,TotalCostDispatch,RTGeneratorProfitDual,gap,SSProfit
ObjectiveValue,-1982141324.2500176,62403.70540570368,-1982141324.2500176,0.0,9919956.279772086
