,GeneratorProfitDual,TotalCostDispatch,RTGeneratorProfitDual,gap,SSProfit
ObjectiveValue,7543.745850746974,9910.8452171122,7543.745850746974,93.9988,7543.745850746614
