,GeneratorProfitDual,TotalCostDispatch,RTGeneratorProfitDual,gap,SSProfit
ObjectiveValue,7543.745850746709,9910.845217112435,7543.745850746709,0.0,7543.745850746605
