,GeneratorProfitDual,TotalCostDispatch,RTGeneratorProfitDual,gap,SSProfit
ObjectiveValue,54749.83291765326,263404.61327972094,54749.83291765326,185.602,54749.832917648826
