,GeneratorProfitDual,TotalCostDispatch,RTGeneratorProfitDual,gap,SSProfit
ObjectiveValue,-1969910953.9956884,136102.2519292844,-1969910953.9956884,0.0,9687458.257478284
