,GeneratorProfitDual,TotalCostDispatch,RTGeneratorProfitDual,gap,SSProfit
ObjectiveValue,-14138811851.909657,45661.77954968714,-14138811851.909657,0.0,-14580172.780328916
