,GeneratorProfitDual,TotalCostDispatch,RTGeneratorProfitDual,gap,SSProfit
ObjectiveValue,334.62055809910566,560564.0610761202,334.62055809910566,10649.9,426.22632962536767
