,GeneratorProfitDual,TotalCostDispatch,RTGeneratorProfitDual,gap,SSProfit
ObjectiveValue,3428.46663321254,142547.72732556323,3428.46663321254,7338.69,3622.4557769376315
