,GeneratorProfitDual,TotalCostDispatch,RTGeneratorProfitDual,gap,SSProfit
ObjectiveValue,2294.7471622333046,142518.05549264996,2294.7471622333046,7488.03,3622.455776937636
