,GeneratorProfitDual,TotalCostDispatch,RTGeneratorProfitDual,gap,SSProfit
ObjectiveValue,24201.167510604802,204948.06107011682,24201.167510604802,7336.97,24409.38971906553
