,GeneratorProfitDual,TotalCostDispatch,RTGeneratorProfitDual,gap,SSProfit
ObjectiveValue,64115.45094448757,93677.7347385217,64115.45094448757,24809.1,64115.45094448635
