,GeneratorProfitDual,TotalCostDispatch,RTGeneratorProfitDual,gap,SSProfit
ObjectiveValue,64115.45094449037,93677.73473851905,64115.45094449037,0.0,64115.45094448624
