,GeneratorProfitDual,TotalCostDispatch,RTGeneratorProfitDual,gap,SSProfit
ObjectiveValue,7728.8633121183975,86749.91902443023,7728.8633121183975,26.1215,7793.690562057172
