,GeneratorProfitDual,TotalCostDispatch,RTGeneratorProfitDual,gap,SSProfit
ObjectiveValue,-10487.970580127045,108477.47317340982,-10487.970580127045,7767.01,16172.759485308086
