,GeneratorProfitDual,TotalCostDispatch,RTGeneratorProfitDual,gap,SSProfit
ObjectiveValue,-1931693321.1485624,108955.54147765244,-1931693321.1485624,0.0,4541416.911770968
