,GeneratorProfitDual,TotalCostDispatch,RTGeneratorProfitDual,gap,SSProfit
ObjectiveValue,-1931689078.5083456,104712.90126081205,-1931689078.5083456,0.0,4507861.660985909
