,GeneratorProfitDual,TotalCostDispatch,RTGeneratorProfitDual,gap,SSProfit
ObjectiveValue,-1930486755.6505952,102102.38386077584,-1930486755.6505952,0.0,7151403.735573296
