,GeneratorProfitDual,TotalCostDispatch,RTGeneratorProfitDual,gap,SSProfit
ObjectiveValue,-1931686467.9909453,102102.38386077582,-1931686467.9909453,0.0,5188941.101938783
