,GeneratorProfitDual,TotalCostDispatch,RTGeneratorProfitDual,gap,SSProfit
ObjectiveValue,23731.31620380249,258164.8582578416,23731.31620380249,208.736,23796.836055479722
