,GeneratorProfitDual,TotalCostDispatch,RTGeneratorProfitDual,gap,SSProfit
ObjectiveValue,582.1461770689941,505642.0734097525,582.1461770689941,24.1421,582.1461770641813
