,GeneratorProfitDual,TotalCostDispatch,RTGeneratorProfitDual,gap,SSProfit
ObjectiveValue,-14181.539983133549,254045.40476290666,-14181.539983133549,176.341,2642.9208779999967
