,GeneratorProfitDual,TotalCostDispatch,RTGeneratorProfitDual,gap,SSProfit
ObjectiveValue,35529.640565461465,37824.45307893395,35529.640565461465,418.831,35529.64056545834
