,GeneratorProfitDual,TotalCostDispatch,RTGeneratorProfitDual,gap,SSProfit
ObjectiveValue,35529.640565459,37824.453078936276,35529.640565459,417.49,35529.64056545826
