,GeneratorProfitDual,TotalCostDispatch,RTGeneratorProfitDual,gap,SSProfit
ObjectiveValue,25532.043155889816,232166.10186356225,25532.043155889816,9943.66,31976.995284766093
