,GeneratorProfitDual,TotalCostDispatch,RTGeneratorProfitDual,gap,SSProfit
ObjectiveValue,33657.441519811415,231207.59127275145,33657.441519811415,1918.63,33862.26627572824
