,GeneratorProfitDual,TotalCostDispatch,RTGeneratorProfitDual,gap,SSProfit
ObjectiveValue,15894.354908716896,131845.6655354141,15894.354908716896,188.75,16210.806581513838
