,GeneratorProfitDual,TotalCostDispatch,RTGeneratorProfitDual,gap,SSProfit
ObjectiveValue,-1997689019.1740215,29144.764035794156,-1997689019.1740215,0.0,15742217.486625182
