,GeneratorProfitDual,TotalCostDispatch,RTGeneratorProfitDual,gap,SSProfit
ObjectiveValue,76382.30430023686,184317.53043928553,76382.30430023686,869.624,76382.3043002351
