,GeneratorProfitDual,TotalCostDispatch,RTGeneratorProfitDual,gap,SSProfit
ObjectiveValue,76382.30430023701,184317.5304392855,76382.30430023701,6989.68,76382.30430023489
