,GeneratorProfitDual,TotalCostDispatch,RTGeneratorProfitDual,gap,SSProfit
ObjectiveValue,15455.202901502067,50585.37646805488,15455.202901502067,307.249,15455.202901501274
