,GeneratorProfitDual,TotalCostDispatch,RTGeneratorProfitDual,gap,SSProfit
ObjectiveValue,15455.202901502029,50585.37646805489,15455.202901502029,12939.7,15455.202901501272
