,GeneratorProfitDual,TotalCostDispatch,RTGeneratorProfitDual,gap,SSProfit
ObjectiveValue,19453.80029108271,62881.349179122386,19453.80029108271,124.243,19478.435459527325
