,GeneratorProfitDual,TotalCostDispatch,RTGeneratorProfitDual,gap,SSProfit
ObjectiveValue,14321.704517447866,62879.39341625894,14321.704517447866,236.181,15790.664382851228
