,GeneratorProfitDual,TotalCostDispatch,RTGeneratorProfitDual,gap,SSProfit
ObjectiveValue,3509.486078433837,84782.9463085703,3509.486078433837,0.0,3509.486078433298
