,GeneratorProfitDual,TotalCostDispatch,RTGeneratorProfitDual,gap,SSProfit
ObjectiveValue,11244.554844892738,76277.58705220593,11244.554844892738,1692.25,11244.554844889979
