,GeneratorProfitDual,TotalCostDispatch,RTGeneratorProfitDual,gap,SSProfit
ObjectiveValue,11244.554844892555,76277.58705220601,11244.554844892555,294.37,11244.554844889979
