,GeneratorProfitDual,TotalCostDispatch,RTGeneratorProfitDual,gap,SSProfit
ObjectiveValue,-1956699247.5393903,232328.82065934208,-1956699247.5393903,0.0,10662163.62964081
