,GeneratorProfitDual,TotalCostDispatch,RTGeneratorProfitDual,gap,SSProfit
ObjectiveValue,2512.876347753643,542543.3233434934,2512.876347753643,25.0637,2512.3748031452733
