,GeneratorProfitDual,TotalCostDispatch,RTGeneratorProfitDual,gap,SSProfit
ObjectiveValue,29052.690242875335,303764.5540419091,29052.690242875335,326.75,29054.22958199174
