,GeneratorProfitDual,TotalCostDispatch,RTGeneratorProfitDual,gap,SSProfit
ObjectiveValue,29059.811023916503,303764.55404190905,29059.811023916503,398.931,29059.811023912833
