,GeneratorProfitDual,TotalCostDispatch,RTGeneratorProfitDual,gap,SSProfit
ObjectiveValue,-15558332800.766624,229860.04231057045,-15558332800.766624,0.0,-39924616.14502986
