,GeneratorProfitDual,TotalCostDispatch,RTGeneratorProfitDual,gap,SSProfit
ObjectiveValue,97.63678346344841,546523.7724693934,97.63678346344841,0.0,89.11551100000884
