,GeneratorProfitDual,TotalCostDispatch,RTGeneratorProfitDual,gap,SSProfit
ObjectiveValue,36589.5474426125,131978.25284785108,36589.5474426125,12698.3,36857.086920432026
