,GeneratorProfitDual,TotalCostDispatch,RTGeneratorProfitDual,gap,SSProfit
ObjectiveValue,7919.789085672179,256968.65216992536,7919.789085672179,1.72322,7919.789085670136
