,GeneratorProfitDual,TotalCostDispatch,RTGeneratorProfitDual,gap,SSProfit
ObjectiveValue,58385.06559695742,200528.67003418325,58385.06559695742,13435.8,58383.70506995365
