,GeneratorProfitDual,TotalCostDispatch,RTGeneratorProfitDual,gap,SSProfit
ObjectiveValue,58383.7050699555,200528.67003418607,58383.7050699555,27257.8,58383.70506995371
