,GeneratorProfitDual,TotalCostDispatch,RTGeneratorProfitDual,gap,SSProfit
ObjectiveValue,-16272808951.97524,131978.2528478519,-16272808951.97524,0.0,-54490664.264828324
