,GeneratorProfitDual,TotalCostDispatch,RTGeneratorProfitDual,gap,SSProfit
ObjectiveValue,-1970152927.0632267,29819.070140452255,-1970152927.0632267,0.0,11605537.99421572
