,GeneratorProfitDual,TotalCostDispatch,RTGeneratorProfitDual,gap,SSProfit
ObjectiveValue,25008.369514110134,110679.05701439967,25008.369514110134,74071.4,26051.39933895561
