,GeneratorProfitDual,TotalCostDispatch,RTGeneratorProfitDual,gap,SSProfit
ObjectiveValue,28122.438221822333,272342.86365604954,28122.438221822333,348.945,28122.438221821067
