,GeneratorProfitDual,TotalCostDispatch,RTGeneratorProfitDual,gap,SSProfit
ObjectiveValue,69342.29231515525,410699.7062142258,69342.29231515525,775.615,69418.95598559493
