,GeneratorProfitDual,TotalCostDispatch,RTGeneratorProfitDual,gap,SSProfit
ObjectiveValue,69476.36599393265,410728.4466255487,69476.36599393265,4173.42,69535.05073425487
