,GeneratorProfitDual,TotalCostDispatch,RTGeneratorProfitDual,gap,SSProfit
ObjectiveValue,78932.50063471962,338729.5954946352,78932.50063471962,512.712,79088.68182171803
