,GeneratorProfitDual,TotalCostDispatch,RTGeneratorProfitDual,gap,SSProfit
ObjectiveValue,51234.53811035206,250489.5807813368,51234.53811035206,3364.04,51625.7075041668
