,GeneratorProfitDual,TotalCostDispatch,RTGeneratorProfitDual,gap,SSProfit
ObjectiveValue,67755.9649893575,209535.60832784927,67755.9649893575,200.769,67755.9649893563
