,GeneratorProfitDual,TotalCostDispatch,RTGeneratorProfitDual,gap,SSProfit
ObjectiveValue,591.2391647135319,86017.83218752872,591.2391647135319,0.0,591.239164712598
