,GeneratorProfitDual,TotalCostDispatch,RTGeneratorProfitDual,gap,SSProfit
ObjectiveValue,25719.602336231288,91150.79416533314,25719.602336231288,6902.92,26426.474635623363
