,GeneratorProfitDual,TotalCostDispatch,RTGeneratorProfitDual,gap,SSProfit
ObjectiveValue,26383.068111780845,90484.94493685661,26383.068111780845,420.216,26426.47463562336
