,GeneratorProfitDual,TotalCostDispatch,RTGeneratorProfitDual,gap,SSProfit
ObjectiveValue,20685.327376102876,58193.79117285829,20685.327376102876,2502.25,20685.32737609923
