,GeneratorProfitDual,TotalCostDispatch,RTGeneratorProfitDual,gap,SSProfit
ObjectiveValue,-18808527274.02352,272342.86365605117,-18808527274.02352,0.0,-11287756.706237597
