,GeneratorProfitDual,TotalCostDispatch,RTGeneratorProfitDual,gap,SSProfit
ObjectiveValue,1085.9948655428364,502589.5014359011,1085.9948655428364,5.7736,1157.2399010723498
