,GeneratorProfitDual,TotalCostDispatch,RTGeneratorProfitDual,gap,SSProfit
ObjectiveValue,-15759183956.683472,136120.59408368752,-15759183956.683472,0.0,-42206448.308057845
