,GeneratorProfitDual,TotalCostDispatch,RTGeneratorProfitDual,gap,SSProfit
ObjectiveValue,7207.6576309365555,97950.09930610399,7207.6576309365555,70.5502,7371.629285786661
