,GeneratorProfitDual,TotalCostDispatch,RTGeneratorProfitDual,gap,SSProfit
ObjectiveValue,69615.70544755188,210824.91392266497,69615.70544755188,3851.17,69722.7234320073
