,GeneratorProfitDual,TotalCostDispatch,RTGeneratorProfitDual,gap,SSProfit
ObjectiveValue,72150.24904347687,420753.6270986859,72150.24904347687,661.069,72229.46947291675
