,GeneratorProfitDual,TotalCostDispatch,RTGeneratorProfitDual,gap,SSProfit
ObjectiveValue,13761.307996607686,186438.80261777338,13761.307996607686,495.459,14193.292937075106
