,GeneratorProfitDual,TotalCostDispatch,RTGeneratorProfitDual,gap,SSProfit
ObjectiveValue,55718.30258070894,122454.22374863752,55718.30258070894,23952.3,56187.90631226054
