,GeneratorProfitDual,TotalCostDispatch,RTGeneratorProfitDual,gap,SSProfit
ObjectiveValue,54956.37006269674,122434.12986208202,54956.37006269674,727.787,55627.326711136804
