,GeneratorProfitDual,TotalCostDispatch,RTGeneratorProfitDual,gap,SSProfit
ObjectiveValue,-1742195309.056633,170138.45341709282,-1742195309.056633,0.0,8521928.276195329
