,GeneratorProfitDual,TotalCostDispatch,RTGeneratorProfitDual,gap,SSProfit
ObjectiveValue,-1713505602.8402305,170138.4534170928,-1713505602.8402305,0.0,8779094.214911308
