,GeneratorProfitDual,TotalCostDispatch,RTGeneratorProfitDual,gap,SSProfit
ObjectiveValue,33387.96560223698,325451.52500361815,33387.96560223698,20933.4,33387.965602236065
