,GeneratorProfitDual,TotalCostDispatch,RTGeneratorProfitDual,gap,SSProfit
ObjectiveValue,-16508692678.55198,382279.1385644609,-16508692678.55198,0.0,-11653770.486808978
