,GeneratorProfitDual,TotalCostDispatch,RTGeneratorProfitDual,gap,SSProfit
ObjectiveValue,3409.869384000466,40220.75300153753,3409.869384000466,0.0,3409.869383999994
