,GeneratorProfitDual,TotalCostDispatch,RTGeneratorProfitDual,gap,SSProfit
ObjectiveValue,-2002087749.7988677,29144.764035794156,-2002087749.7988677,0.0,15823163.819515543
