,GeneratorProfitDual,TotalCostDispatch,RTGeneratorProfitDual,gap,SSProfit
ObjectiveValue,-18124268713.55632,34585.387732819116,-18124268713.55632,0.0,-57173596.13609149
