,GeneratorProfitDual,TotalCostDispatch,RTGeneratorProfitDual,gap,SSProfit
ObjectiveValue,5061.241888709181,21978.825812614745,5061.241888709181,2.53716,5061.241888708547
