,GeneratorProfitDual,TotalCostDispatch,RTGeneratorProfitDual,gap,SSProfit
ObjectiveValue,37314.51308008316,33641.044814963396,37314.51308008316,3331.91,37314.513080082885
