,GeneratorProfitDual,TotalCostDispatch,RTGeneratorProfitDual,gap,SSProfit
ObjectiveValue,37314.51308008139,33641.0448149639,37314.51308008139,6206.23,37314.51308008129
