,GeneratorProfitDual,TotalCostDispatch,RTGeneratorProfitDual,gap,SSProfit
ObjectiveValue,3256.4745422602036,131865.91898290446,3256.4745422602036,77.5827,3329.0785614999986
