,GeneratorProfitDual,TotalCostDispatch,RTGeneratorProfitDual,gap,SSProfit
ObjectiveValue,23000.86090806523,86722.03968591253,23000.86090806523,0.0,23065.466314686142
