,GeneratorProfitDual,TotalCostDispatch,RTGeneratorProfitDual,gap,SSProfit
ObjectiveValue,36132.164025276456,69687.98799356059,36132.164025276456,0.0,36132.164025275866
