,GeneratorProfitDual,TotalCostDispatch,RTGeneratorProfitDual,gap,SSProfit
ObjectiveValue,53726.169436418466,70764.16936693163,53726.169436418466,2671.28,53726.16943641791
