,GeneratorProfitDual,TotalCostDispatch,RTGeneratorProfitDual,gap,SSProfit
ObjectiveValue,51331.18026795741,505950.7843262481,51331.18026795741,724.79,51640.81971040976
