,GeneratorProfitDual,TotalCostDispatch,RTGeneratorProfitDual,gap,SSProfit
ObjectiveValue,9398.084053555725,710997.0447159149,9398.084053555725,71.4164,9683.376397252683
