,GeneratorProfitDual,TotalCostDispatch,RTGeneratorProfitDual,gap,SSProfit
ObjectiveValue,9404.67192769784,710997.044715915,9404.67192769784,18.3315,9689.96427139316
