,GeneratorProfitDual,TotalCostDispatch,RTGeneratorProfitDual,gap,SSProfit
ObjectiveValue,-1911402169.992444,186772.27006116483,-1911402169.992444,0.0,7543338.673092565
