,GeneratorProfitDual,TotalCostDispatch,RTGeneratorProfitDual,gap,SSProfit
ObjectiveValue,20311.785362189734,310706.1372082201,20311.785362189734,3.0916,20311.78536218836
