,GeneratorProfitDual,TotalCostDispatch,RTGeneratorProfitDual,gap,SSProfit
ObjectiveValue,72399.12903429386,169273.09110792424,72399.12903429386,723.924,72399.12903429416
