,GeneratorProfitDual,TotalCostDispatch,RTGeneratorProfitDual,gap,SSProfit
ObjectiveValue,58708.951794718865,169273.0911079242,58708.951794718865,19003.9,58708.951794717475
