,GeneratorProfitDual,TotalCostDispatch,RTGeneratorProfitDual,gap,SSProfit
ObjectiveValue,3711.1215879801466,243479.10081947123,3711.1215879801466,211.495,3959.133569999977
