,GeneratorProfitDual,TotalCostDispatch,RTGeneratorProfitDual,gap,SSProfit
ObjectiveValue,-1917038306.5072582,374827.02761921566,-1917038306.5072582,0.0,9265395.815781265
