,GeneratorProfitDual,TotalCostDispatch,RTGeneratorProfitDual,gap,SSProfit
ObjectiveValue,3481.8723543144506,145925.72182591428,3481.8723543144506,4311.1,3622.455776937629
