,GeneratorProfitDual,TotalCostDispatch,RTGeneratorProfitDual,gap,SSProfit
ObjectiveValue,-18341072918.625904,219625.14008585078,-18341072918.625904,0.0,-6582836.824261998
