,GeneratorProfitDual,TotalCostDispatch,RTGeneratorProfitDual,gap,SSProfit
ObjectiveValue,86679.14201118734,187363.79899996557,86679.14201118734,852.281,86696.43625295229
