,GeneratorProfitDual,TotalCostDispatch,RTGeneratorProfitDual,gap,SSProfit
ObjectiveValue,71521.39015201219,105199.77830181364,71521.39015201219,861.638,71535.04708818407
