,GeneratorProfitDual,TotalCostDispatch,RTGeneratorProfitDual,gap,SSProfit
ObjectiveValue,86291.57072387332,105731.32128875198,86291.57072387332,862.779,86305.91846225498
