,GeneratorProfitDual,TotalCostDispatch,RTGeneratorProfitDual,gap,SSProfit
ObjectiveValue,-17511399854.517475,139958.88941039148,-17511399854.517475,0.0,-7954570.29861736
