,GeneratorProfitDual,TotalCostDispatch,RTGeneratorProfitDual,gap,SSProfit
ObjectiveValue,28139.66021018691,258158.70090135845,28139.66021018691,345.181,28412.41386515054
