,GeneratorProfitDual,TotalCostDispatch,RTGeneratorProfitDual,gap,SSProfit
ObjectiveValue,74465.01038378433,306299.7158485696,74465.01038378433,875.132,74465.01038378189
