,GeneratorProfitDual,TotalCostDispatch,RTGeneratorProfitDual,gap,SSProfit
ObjectiveValue,-1930290939.5710227,296602.3534545524,-1930290939.5710227,0.0,9708491.47481051
