,GeneratorProfitDual,TotalCostDispatch,RTGeneratorProfitDual,gap,SSProfit
ObjectiveValue,-1927601953.3751485,296602.3534545524,-1927601953.3751485,0.0,10267838.410429195
