,GeneratorProfitDual,TotalCostDispatch,RTGeneratorProfitDual,gap,SSProfit
ObjectiveValue,81991.37429513423,484001.8027943313,81991.37429513423,479.653,82023.0567129727
