,GeneratorProfitDual,TotalCostDispatch,RTGeneratorProfitDual,gap,SSProfit
ObjectiveValue,4750.637720434703,74602.78146242723,4750.637720434703,13.7915,4750.637720434007
