,GeneratorProfitDual,TotalCostDispatch,RTGeneratorProfitDual,gap,SSProfit
ObjectiveValue,3286.1172267426837,50318.856923684834,3286.1172267426837,86.9956,3286.1172267421643
