,GeneratorProfitDual,TotalCostDispatch,RTGeneratorProfitDual,gap,SSProfit
ObjectiveValue,3286.1172267430884,50318.856923684456,3286.1172267430884,2047.17,3286.1172267421807
