,GeneratorProfitDual,TotalCostDispatch,RTGeneratorProfitDual,gap,SSProfit
ObjectiveValue,74809.31254039993,299660.12691244396,74809.31254039993,801.916,74809.31254039839
