,GeneratorProfitDual,TotalCostDispatch,RTGeneratorProfitDual,gap,SSProfit
ObjectiveValue,82247.98098037596,299473.598005486,82247.98098037596,646.506,82247.98098037405
