,GeneratorProfitDual,TotalCostDispatch,RTGeneratorProfitDual,gap,SSProfit
ObjectiveValue,74809.31254040005,299660.126912444,74809.31254040005,27.4832,74809.31254039869
