,GeneratorProfitDual,TotalCostDispatch,RTGeneratorProfitDual,gap,SSProfit
ObjectiveValue,50591.75255746027,211723.9668089918,50591.75255746027,4284.01,52612.775356370716
