,GeneratorProfitDual,TotalCostDispatch,RTGeneratorProfitDual,gap,SSProfit
ObjectiveValue,22920.75490278938,487475.72098316834,22920.75490278938,4024.17,23125.148219275263
