,GeneratorProfitDual,TotalCostDispatch,RTGeneratorProfitDual,gap,SSProfit
ObjectiveValue,17939.442231544257,139648.68151506886,17939.442231544257,17517.6,17939.44223154171
