,GeneratorProfitDual,TotalCostDispatch,RTGeneratorProfitDual,gap,SSProfit
ObjectiveValue,17939.442231545443,139648.6815150687,17939.442231545443,155.859,17939.442231541703
