,GeneratorProfitDual,TotalCostDispatch,RTGeneratorProfitDual,gap,SSProfit
ObjectiveValue,3969.350390541989,306435.79832668666,3969.350390541989,1996.81,3969.3503905416023
