,GeneratorProfitDual,TotalCostDispatch,RTGeneratorProfitDual,gap,SSProfit
ObjectiveValue,29659.896776393336,60021.36355986253,29659.896776393336,697.885,32385.93265427282
