,GeneratorProfitDual,TotalCostDispatch,RTGeneratorProfitDual,gap,SSProfit
ObjectiveValue,-18809092902.574043,235928.00735817154,-18809092902.574043,0.0,-11815485.193047259
