,GeneratorProfitDual,TotalCostDispatch,RTGeneratorProfitDual,gap,SSProfit
ObjectiveValue,21239.792494061316,108266.71250544282,21239.792494061316,212.288,21261.031472635823
