,GeneratorProfitDual,TotalCostDispatch,RTGeneratorProfitDual,gap,SSProfit
ObjectiveValue,21792.773407260363,107907.31273247718,21792.773407260363,153.468,22199.896947838854
