,GeneratorProfitDual,TotalCostDispatch,RTGeneratorProfitDual,gap,SSProfit
ObjectiveValue,73676.3900133237,275093.91554022755,73676.3900133237,777.439,73679.82917036669
