,GeneratorProfitDual,TotalCostDispatch,RTGeneratorProfitDual,gap,SSProfit
ObjectiveValue,2397.9071291017835,10762.489404080363,2397.9071291017835,0.0,2397.907129101474
