,GeneratorProfitDual,TotalCostDispatch,RTGeneratorProfitDual,gap,SSProfit
ObjectiveValue,-1916923548.6137338,16691.11382082991,-1916923548.6137338,0.0,18106416.9184758
