,GeneratorProfitDual,TotalCostDispatch,RTGeneratorProfitDual,gap,SSProfit
ObjectiveValue,-8927.28131310115,87375.00365272311,-8927.28131310115,234340.0,-4255.657479523534
