,GeneratorProfitDual,TotalCostDispatch,RTGeneratorProfitDual,gap,SSProfit
ObjectiveValue,8755.681387261055,192052.2810300204,8755.681387261055,7139.07,58957.255614074864
