,GeneratorProfitDual,TotalCostDispatch,RTGeneratorProfitDual,gap,SSProfit
ObjectiveValue,41035.52006713711,498282.16173775017,41035.52006713711,9447.68,41035.520067127276
