,GeneratorProfitDual,TotalCostDispatch,RTGeneratorProfitDual,gap,SSProfit
ObjectiveValue,37175.98567379199,202843.49066801782,37175.98567379199,439.563,37632.352640616904
