,GeneratorProfitDual,TotalCostDispatch,RTGeneratorProfitDual,gap,SSProfit
ObjectiveValue,24365.775129234276,33980.19952900445,24365.775129234276,588.618,24365.775129234065
