,GeneratorProfitDual,TotalCostDispatch,RTGeneratorProfitDual,gap,SSProfit
ObjectiveValue,19951.335179594756,33962.3210308533,19951.335179594756,413.655,19962.858701733003
