,GeneratorProfitDual,TotalCostDispatch,RTGeneratorProfitDual,gap,SSProfit
ObjectiveValue,25974.356410915967,34064.36579344422,25974.356410915967,256.041,26614.13394217264
