,GeneratorProfitDual,TotalCostDispatch,RTGeneratorProfitDual,gap,SSProfit
ObjectiveValue,-16726198021.050642,335449.71527411987,-16726198021.050642,0.0,-19377657.678238638
