,GeneratorProfitDual,TotalCostDispatch,RTGeneratorProfitDual,gap,SSProfit
ObjectiveValue,49941.56334685775,303309.66269529,49941.56334685775,341.503,50019.9943618148
