,GeneratorProfitDual,TotalCostDispatch,RTGeneratorProfitDual,gap,SSProfit
ObjectiveValue,6227.8825332549995,152366.3123763088,6227.8825332549995,61532.1,6571.503036804717
