,GeneratorProfitDual,TotalCostDispatch,RTGeneratorProfitDual,gap,SSProfit
ObjectiveValue,6256.592706027827,152045.8160285846,6256.592706027827,0.0,6560.596646969711
