,GeneratorProfitDual,TotalCostDispatch,RTGeneratorProfitDual,gap,SSProfit
ObjectiveValue,62851.433730517696,122400.29470830614,62851.433730517696,839.233,63402.43332647799
