,GeneratorProfitDual,TotalCostDispatch,RTGeneratorProfitDual,gap,SSProfit
ObjectiveValue,1251.63905700796,450742.67670162924,1251.63905700796,0.0,1252.0544993334192
