,GeneratorProfitDual,TotalCostDispatch,RTGeneratorProfitDual,gap,SSProfit
ObjectiveValue,17452.783589180744,207196.32640182425,17452.783589180744,16751.5,17452.78358917726
