,GeneratorProfitDual,TotalCostDispatch,RTGeneratorProfitDual,gap,SSProfit
ObjectiveValue,58714.21423465035,263404.61327972374,58714.21423465035,584.738,58714.21423464882
