,GeneratorProfitDual,TotalCostDispatch,RTGeneratorProfitDual,gap,SSProfit
ObjectiveValue,-1961693983.1057239,59293.515023799395,-1961693983.1057239,0.0,12150580.795624373
