,GeneratorProfitDual,TotalCostDispatch,RTGeneratorProfitDual,gap,SSProfit
ObjectiveValue,-1950605439.1770287,170664.46843117828,-1950605439.1770287,0.0,19482406.64870039
