,GeneratorProfitDual,TotalCostDispatch,RTGeneratorProfitDual,gap,SSProfit
ObjectiveValue,6984.3596843734085,50653.444570936656,6984.3596843734085,2098.13,6984.359684372025
