,GeneratorProfitDual,TotalCostDispatch,RTGeneratorProfitDual,gap,SSProfit
ObjectiveValue,6984.359684373875,50653.4445709364,6984.359684373875,0.0,6984.359684372024
