,GeneratorProfitDual,TotalCostDispatch,RTGeneratorProfitDual,gap,SSProfit
ObjectiveValue,-14105500719.944332,414943.6651519284,-14105500719.944332,0.0,-12011578.334182765
