,GeneratorProfitDual,TotalCostDispatch,RTGeneratorProfitDual,gap,SSProfit
ObjectiveValue,14416.634318265327,77827.76491809897,14416.634318265327,5768.46,14416.634318262435
