,GeneratorProfitDual,TotalCostDispatch,RTGeneratorProfitDual,gap,SSProfit
ObjectiveValue,78949.52337299989,542584.9487757713,78949.52337299989,791.895,79468.03880795756
