,GeneratorProfitDual,TotalCostDispatch,RTGeneratorProfitDual,gap,SSProfit
ObjectiveValue,78869.62681062488,542557.7349086619,78869.62681062488,5465.75,79355.3511713021
