,GeneratorProfitDual,TotalCostDispatch,RTGeneratorProfitDual,gap,SSProfit
ObjectiveValue,5750.178928316624,200924.58139473735,5750.178928316624,56610.2,5750.178928313637
