,GeneratorProfitDual,TotalCostDispatch,RTGeneratorProfitDual,gap,SSProfit
ObjectiveValue,46313.06742944265,55058.978880429204,46313.06742944265,181236.0,46313.06742943861
