,GeneratorProfitDual,TotalCostDispatch,RTGeneratorProfitDual,gap,SSProfit
ObjectiveValue,3360.498339705306,159119.1586110891,3360.498339705306,13.8788,3360.4983397038695
