,GeneratorProfitDual,TotalCostDispatch,RTGeneratorProfitDual,gap,SSProfit
ObjectiveValue,51428.32830136765,124727.35027413609,51428.32830136765,395.502,51428.3283013677
