,GeneratorProfitDual,TotalCostDispatch,RTGeneratorProfitDual,gap,SSProfit
ObjectiveValue,-1947864002.2476559,117352.62354836712,-1947864002.2476559,0.0,8598920.867163232
