,GeneratorProfitDual,TotalCostDispatch,RTGeneratorProfitDual,gap,SSProfit
ObjectiveValue,6194.059328876241,136463.0792701592,6194.059328876241,6256.8,7076.496500910395
