,GeneratorProfitDual,TotalCostDispatch,RTGeneratorProfitDual,gap,SSProfit
ObjectiveValue,5842.350605544933,105149.19190906736,5842.350605544933,0.0,5842.35060554347
