,GeneratorProfitDual,TotalCostDispatch,RTGeneratorProfitDual,gap,SSProfit
ObjectiveValue,3342.414745344428,90474.8068597551,3342.414745344428,58.2993,3463.8805725111456
