,GeneratorProfitDual,TotalCostDispatch,RTGeneratorProfitDual,gap,SSProfit
ObjectiveValue,4000.703473784404,392022.6343832617,4000.703473784404,27.9129,4203.782749095065
