,GeneratorProfitDual,TotalCostDispatch,RTGeneratorProfitDual,gap,SSProfit
ObjectiveValue,8604.610595105023,48089.74860017972,8604.610595105023,156.061,8604.610595104266
