,GeneratorProfitDual,TotalCostDispatch,RTGeneratorProfitDual,gap,SSProfit
ObjectiveValue,27158.19308890517,274118.22456757096,27158.19308890517,283.908,28429.32497808045
