,GeneratorProfitDual,TotalCostDispatch,RTGeneratorProfitDual,gap,SSProfit
ObjectiveValue,76419.21447513114,293787.2256933079,76419.21447513114,5235.57,76681.69753084333
