,GeneratorProfitDual,TotalCostDispatch,RTGeneratorProfitDual,gap,SSProfit
ObjectiveValue,7177.8736128998025,48857.133916620216,7177.8736128998025,6404.43,7177.873612898851
