,GeneratorProfitDual,TotalCostDispatch,RTGeneratorProfitDual,gap,SSProfit
ObjectiveValue,3426.661372398411,330310.61656695354,3426.661372398411,4.41266,3426.6613723963865
