,GeneratorProfitDual,TotalCostDispatch,RTGeneratorProfitDual,gap,SSProfit
ObjectiveValue,7193.60084375233,390330.7931574438,7193.60084375233,12.8159,7193.600843748901
