,GeneratorProfitDual,TotalCostDispatch,RTGeneratorProfitDual,gap,SSProfit
ObjectiveValue,54902.16659016214,437765.53482017765,54902.16659016214,244.535,55134.75332176642
