,GeneratorProfitDual,TotalCostDispatch,RTGeneratorProfitDual,gap,SSProfit
ObjectiveValue,8010.030517776685,273976.54162521794,8010.030517776685,36.2928,8053.542395999983
