,GeneratorProfitDual,TotalCostDispatch,RTGeneratorProfitDual,gap,SSProfit
ObjectiveValue,-1916559035.007068,208267.9102694461,-1916559035.007068,0.0,13747734.455027465
