,GeneratorProfitDual,TotalCostDispatch,RTGeneratorProfitDual,gap,SSProfit
ObjectiveValue,10117.930110464875,37528.514319199545,10117.930110464875,79.4305,10117.930110462888
