,GeneratorProfitDual,TotalCostDispatch,RTGeneratorProfitDual,gap,SSProfit
ObjectiveValue,10117.930110463223,37528.514319201146,10117.930110463223,0.0,10117.93011046283
