,GeneratorProfitDual,TotalCostDispatch,RTGeneratorProfitDual,gap,SSProfit
ObjectiveValue,3964.3813170005023,181523.15435484366,3964.3813170005023,0.0,3964.381316999984
