,GeneratorProfitDual,TotalCostDispatch,RTGeneratorProfitDual,gap,SSProfit
ObjectiveValue,-1758409725.2327137,53838.84355484906,-1758409725.2327137,0.0,16627660.073813971
