,GeneratorProfitDual,TotalCostDispatch,RTGeneratorProfitDual,gap,SSProfit
ObjectiveValue,-1960182245.3994725,16691.11382082991,-1960182245.3994725,0.0,14393030.217610158
