,GeneratorProfitDual,TotalCostDispatch,RTGeneratorProfitDual,gap,SSProfit
ObjectiveValue,1424.5822173186382,501443.9487573524,1424.5822173186382,25.1043,2960.002484717862
