,GeneratorProfitDual,TotalCostDispatch,RTGeneratorProfitDual,gap,SSProfit
ObjectiveValue,8616.15430908626,30729.36340946686,8616.15430908626,402.564,8616.153588299396
