,GeneratorProfitDual,TotalCostDispatch,RTGeneratorProfitDual,gap,SSProfit
ObjectiveValue,3862.09787297029,200257.6742290655,3862.09787297029,0.812293,3997.0339649999996
