,GeneratorProfitDual,TotalCostDispatch,RTGeneratorProfitDual,gap,SSProfit
ObjectiveValue,4322.497591491491,133343.7814039298,4322.497591491491,7.12171,4419.820870864399
