,GeneratorProfitDual,TotalCostDispatch,RTGeneratorProfitDual,gap,SSProfit
ObjectiveValue,12874.145343240321,510295.45031497517,12874.145343240321,5.10832,12853.40835279884
