,GeneratorProfitDual,TotalCostDispatch,RTGeneratorProfitDual,gap,SSProfit
ObjectiveValue,56500.30538308986,351138.1490386214,56500.30538308986,535.412,56500.30538308931
