,GeneratorProfitDual,TotalCostDispatch,RTGeneratorProfitDual,gap,SSProfit
ObjectiveValue,-1956080406.7946873,233671.07772534178,-1956080406.7946873,0.0,10662163.62964081
