,GeneratorProfitDual,TotalCostDispatch,RTGeneratorProfitDual,gap,SSProfit
ObjectiveValue,3738.928300430556,109341.90531895577,3738.928300430556,0.0,3738.928300429424
