,GeneratorProfitDual,TotalCostDispatch,RTGeneratorProfitDual,gap,SSProfit
ObjectiveValue,49940.711372783466,303309.66269528994,49940.711372783466,704.515,50018.94588140034
