,GeneratorProfitDual,TotalCostDispatch,RTGeneratorProfitDual,gap,SSProfit
ObjectiveValue,-1948974854.7510788,16691.11382082991,-1948974854.7510788,0.0,18106416.9184758
