,GeneratorProfitDual,TotalCostDispatch,RTGeneratorProfitDual,gap,SSProfit
ObjectiveValue,67391.07311663896,276939.47403423797,67391.07311663896,10585.9,67391.07311663464
