,GeneratorProfitDual,TotalCostDispatch,RTGeneratorProfitDual,gap,SSProfit
ObjectiveValue,-16350934437.352308,419224.03546631575,-16350934437.352308,0.0,-1032220.3733201512
