,GeneratorProfitDual,TotalCostDispatch,RTGeneratorProfitDual,gap,SSProfit
ObjectiveValue,26089.01531362118,80279.57305015081,26089.01531362118,974.244,26089.015313620606
