,GeneratorProfitDual,TotalCostDispatch,RTGeneratorProfitDual,gap,SSProfit
ObjectiveValue,-1961328000.0419638,29819.070140452255,-1961328000.0419638,0.0,11605537.99421572
