,GeneratorProfitDual,TotalCostDispatch,RTGeneratorProfitDual,gap,SSProfit
ObjectiveValue,-10179.571806019083,62462.371351590045,-10179.571806019083,21370.0,18871.988809602943
