,GeneratorProfitDual,TotalCostDispatch,RTGeneratorProfitDual,gap,SSProfit
ObjectiveValue,42238.90734519331,305337.36879076244,42238.90734519331,422.186,42238.90734518893
