,GeneratorProfitDual,TotalCostDispatch,RTGeneratorProfitDual,gap,SSProfit
ObjectiveValue,42238.90734519209,305337.3687907629,42238.90734519209,426.005,42238.90734518893
