,GeneratorProfitDual,TotalCostDispatch,RTGeneratorProfitDual,gap,SSProfit
ObjectiveValue,1868.3852935974846,4763.197417138359,1868.3852935974846,0.0,1868.3852935973496
