,GeneratorProfitDual,TotalCostDispatch,RTGeneratorProfitDual,gap,SSProfit
ObjectiveValue,3062.819389863642,450847.8585224562,3062.819389863642,20.4773,3062.819389859904
