,GeneratorProfitDual,TotalCostDispatch,RTGeneratorProfitDual,gap,SSProfit
ObjectiveValue,3865.158213354377,261717.30450771117,3865.158213354377,36.2515,3964.381316999979
