,GeneratorProfitDual,TotalCostDispatch,RTGeneratorProfitDual,gap,SSProfit
ObjectiveValue,3081.8166984287022,147675.44630808884,3081.8166984287022,15.8653,3081.81669842733
