,GeneratorProfitDual,TotalCostDispatch,RTGeneratorProfitDual,gap,SSProfit
ObjectiveValue,-1704701319.6314828,246972.4678094826,-1704701319.6314828,0.0,11476012.481293412
