,GeneratorProfitDual,TotalCostDispatch,RTGeneratorProfitDual,gap,SSProfit
ObjectiveValue,5156.9250096314,71063.03472212718,5156.9250096314,52.1665,5157.807129943052
