,GeneratorProfitDual,TotalCostDispatch,RTGeneratorProfitDual,gap,SSProfit
ObjectiveValue,82943.34674340309,621949.0402024543,82943.34674340309,827.557,83212.44285108971
