,GeneratorProfitDual,TotalCostDispatch,RTGeneratorProfitDual,gap,SSProfit
ObjectiveValue,3535.673438208002,123017.77305600375,3535.673438208002,0.0,3535.6734382072545
