,GeneratorProfitDual,TotalCostDispatch,RTGeneratorProfitDual,gap,SSProfit
ObjectiveValue,-15206985801.49496,386398.0002842703,-15206985801.49496,0.0,-17470844.375737913
