,GeneratorProfitDual,TotalCostDispatch,RTGeneratorProfitDual,gap,SSProfit
ObjectiveValue,8051.8472692964215,202844.2609260744,8051.8472692964215,4.64814,8101.743923999993
