,GeneratorProfitDual,TotalCostDispatch,RTGeneratorProfitDual,gap,SSProfit
ObjectiveValue,37147.820373631774,248147.88596412554,37147.820373631774,71.502,37228.61256075702
