,GeneratorProfitDual,TotalCostDispatch,RTGeneratorProfitDual,gap,SSProfit
ObjectiveValue,3416.8801795180166,761900.0382817725,3416.8801795180166,31.8551,3586.6646199034312
