,GeneratorProfitDual,TotalCostDispatch,RTGeneratorProfitDual,gap,SSProfit
ObjectiveValue,27666.453939048137,24820.271471128213,27666.453939048137,376.727,27666.453939047507
