,GeneratorProfitDual,TotalCostDispatch,RTGeneratorProfitDual,gap,SSProfit
ObjectiveValue,27666.453939048075,24820.27147112825,27666.453939048075,484.41,27666.453939047628
