,GeneratorProfitDual,TotalCostDispatch,RTGeneratorProfitDual,gap,SSProfit
ObjectiveValue,27666.453939048133,24820.271471128213,27666.453939048133,404.925,27666.45393904766
