,GeneratorProfitDual,TotalCostDispatch,RTGeneratorProfitDual,gap,SSProfit
ObjectiveValue,31378.57462742896,244461.47159265156,31378.57462742896,7681.6,31572.676795164636
