,GeneratorProfitDual,TotalCostDispatch,RTGeneratorProfitDual,gap,SSProfit
ObjectiveValue,-1964759172.6077673,38274.43540018939,-1964759172.6077673,0.0,19031313.289303027
