,GeneratorProfitDual,TotalCostDispatch,RTGeneratorProfitDual,gap,SSProfit
ObjectiveValue,31910.11639934543,90356.5275296909,31910.11639934543,475.137,31910.116399344377
