,GeneratorProfitDual,TotalCostDispatch,RTGeneratorProfitDual,gap,SSProfit
ObjectiveValue,31925.83654067344,90340.80738836239,31925.83654067344,5785.48,31925.83654067272
