,GeneratorProfitDual,TotalCostDispatch,RTGeneratorProfitDual,gap,SSProfit
ObjectiveValue,51137.44449798141,145254.13962207508,51137.44449798141,2557.66,51524.96029929857
