,GeneratorProfitDual,TotalCostDispatch,RTGeneratorProfitDual,gap,SSProfit
ObjectiveValue,48670.4080837483,145254.13962207502,48670.4080837483,8071.98,48670.40808374704
