,GeneratorProfitDual,TotalCostDispatch,RTGeneratorProfitDual,gap,SSProfit
ObjectiveValue,7380.842600218524,166752.50767191753,7380.842600218524,20.7711,7380.842600217104
