,GeneratorProfitDual,TotalCostDispatch,RTGeneratorProfitDual,gap,SSProfit
ObjectiveValue,2628.9902395003255,33481.76324160105,2628.9902395003255,0.0,2628.990239499996
