,GeneratorProfitDual,TotalCostDispatch,RTGeneratorProfitDual,gap,SSProfit
ObjectiveValue,10586.573747416587,20313.90838600488,10586.573747416587,40.645,10586.573747416438
