,GeneratorProfitDual,TotalCostDispatch,RTGeneratorProfitDual,gap,SSProfit
ObjectiveValue,36925.21430396527,366229.7361188984,36925.21430396527,440.272,36925.21430396097
