,GeneratorProfitDual,TotalCostDispatch,RTGeneratorProfitDual,gap,SSProfit
ObjectiveValue,24975.615596075906,311335.567729274,24975.615596075906,246.092,24975.61559607526
