,GeneratorProfitDual,TotalCostDispatch,RTGeneratorProfitDual,gap,SSProfit
ObjectiveValue,7530.70143971763,48032.5925084429,7530.70143971763,907.865,7530.701439717385
