,GeneratorProfitDual,TotalCostDispatch,RTGeneratorProfitDual,gap,SSProfit
ObjectiveValue,29641.360193205106,95569.80442628326,29641.360193205106,2206.86,29641.360193201588
