,GeneratorProfitDual,TotalCostDispatch,RTGeneratorProfitDual,gap,SSProfit
ObjectiveValue,7211.267383117014,776613.5624904406,7211.267383117014,39.2177,7211.267383092254
