,GeneratorProfitDual,TotalCostDispatch,RTGeneratorProfitDual,gap,SSProfit
ObjectiveValue,22801.371028780828,356247.7743020664,22801.371028780828,4.52609,22935.149110246803
