,GeneratorProfitDual,TotalCostDispatch,RTGeneratorProfitDual,gap,SSProfit
ObjectiveValue,59431.844576312724,302704.9587791898,59431.844576312724,626.193,59431.84457631035
