,GeneratorProfitDual,TotalCostDispatch,RTGeneratorProfitDual,gap,SSProfit
ObjectiveValue,32572.809401079205,377324.4356819801,32572.809401079205,15744.1,32556.15924399277
