,GeneratorProfitDual,TotalCostDispatch,RTGeneratorProfitDual,gap,SSProfit
ObjectiveValue,18331.917175696508,47648.56562342261,18331.917175696508,20843.8,18331.91717569358
