,GeneratorProfitDual,TotalCostDispatch,RTGeneratorProfitDual,gap,SSProfit
ObjectiveValue,40644.99548333402,135267.19113738663,40644.99548333402,0.0,40644.9954833342
