,GeneratorProfitDual,TotalCostDispatch,RTGeneratorProfitDual,gap,SSProfit
ObjectiveValue,40644.9954833346,135267.19113738657,40644.9954833346,405.485,40644.99548333415
