,GeneratorProfitDual,TotalCostDispatch,RTGeneratorProfitDual,gap,SSProfit
ObjectiveValue,1212.1244693283315,542510.159350697,1212.1244693283315,12.0945,1246.1398350000386
