,GeneratorProfitDual,TotalCostDispatch,RTGeneratorProfitDual,gap,SSProfit
ObjectiveValue,62549.427777138466,324703.760349491,62549.427777138466,544.961,62549.427777136436
