,GeneratorProfitDual,TotalCostDispatch,RTGeneratorProfitDual,gap,SSProfit
ObjectiveValue,63070.66861556848,324682.87648082955,63070.66861556848,324.597,63093.8830933813
