,GeneratorProfitDual,TotalCostDispatch,RTGeneratorProfitDual,gap,SSProfit
ObjectiveValue,62756.021539426154,325049.5586150555,62756.021539426154,622.506,62756.021539423826
