,GeneratorProfitDual,TotalCostDispatch,RTGeneratorProfitDual,gap,SSProfit
ObjectiveValue,56722.110070688774,326783.37108218746,56722.110070688774,474.568,57102.255890042245
