,GeneratorProfitDual,TotalCostDispatch,RTGeneratorProfitDual,gap,SSProfit
ObjectiveValue,8833.762436593948,9797.023919406409,8833.762436593948,2219.32,8833.762436593439
