,GeneratorProfitDual,TotalCostDispatch,RTGeneratorProfitDual,gap,SSProfit
ObjectiveValue,8833.762436593708,9797.023919406314,8833.762436593708,9537.67,8833.762436593488
