,GeneratorProfitDual,TotalCostDispatch,RTGeneratorProfitDual,gap,SSProfit
ObjectiveValue,8833.762436594574,9797.023919405432,8833.762436594574,86.556,8833.76243659341
