,GeneratorProfitDual,TotalCostDispatch,RTGeneratorProfitDual,gap,SSProfit
ObjectiveValue,3213.8856199527227,53366.348136879446,3213.8856199527227,99.2146,3213.8856199522434
