,GeneratorProfitDual,TotalCostDispatch,RTGeneratorProfitDual,gap,SSProfit
ObjectiveValue,3213.8856199526217,53366.34813687953,3213.8856199526217,0.0,3213.8856199522443
