,GeneratorProfitDual,TotalCostDispatch,RTGeneratorProfitDual,gap,SSProfit
ObjectiveValue,55321.57923194264,230141.11920260548,55321.57923194264,1017.63,55422.441199132634
