,GeneratorProfitDual,TotalCostDispatch,RTGeneratorProfitDual,gap,SSProfit
ObjectiveValue,33794.38165597727,297527.2989552809,33794.38165597727,48.1096,34319.837807916825
