,GeneratorProfitDual,TotalCostDispatch,RTGeneratorProfitDual,gap,SSProfit
ObjectiveValue,98028.36265200507,109043.5914920637,98028.36265200507,3166.45,98038.80580335583
