,GeneratorProfitDual,TotalCostDispatch,RTGeneratorProfitDual,gap,SSProfit
ObjectiveValue,-16916874226.963614,39826.007069165986,-16916874226.963614,0.0,-72044197.64194761
