,GeneratorProfitDual,TotalCostDispatch,RTGeneratorProfitDual,gap,SSProfit
ObjectiveValue,-14478556701.411314,281505.3150294161,-14478556701.411314,0.0,-14789372.016742397
