,GeneratorProfitDual,TotalCostDispatch,RTGeneratorProfitDual,gap,SSProfit
ObjectiveValue,1324.4419448341969,246361.6925316015,1324.4419448341969,0.0,2018.6942159872292
