,GeneratorProfitDual,TotalCostDispatch,RTGeneratorProfitDual,gap,SSProfit
ObjectiveValue,16319.603836872206,335064.4971102125,16319.603836872206,162.881,16319.60383687085
