,GeneratorProfitDual,TotalCostDispatch,RTGeneratorProfitDual,gap,SSProfit
ObjectiveValue,17084.89517570569,334197.2071310343,17084.89517570569,131.292,17224.037285326314
