,GeneratorProfitDual,TotalCostDispatch,RTGeneratorProfitDual,gap,SSProfit
ObjectiveValue,85114.81646685224,27492.0570644135,85114.81646685224,845.044,85114.81646685222
