,GeneratorProfitDual,TotalCostDispatch,RTGeneratorProfitDual,gap,SSProfit
ObjectiveValue,-172.9881323262282,621896.0542738319,-172.9881323262282,0.0,109.38223157393395
