,GeneratorProfitDual,TotalCostDispatch,RTGeneratorProfitDual,gap,SSProfit
ObjectiveValue,4027.8299481531963,276678.0731454541,4027.8299481531963,0.0,4029.2978909999924
