,GeneratorProfitDual,TotalCostDispatch,RTGeneratorProfitDual,gap,SSProfit
ObjectiveValue,28644.979071313388,645453.1554018987,28644.979071313388,199.599,28778.44240101633
