,GeneratorProfitDual,TotalCostDispatch,RTGeneratorProfitDual,gap,SSProfit
ObjectiveValue,28734.995232520283,645453.1554018985,28734.995232520283,272.125,28904.173156326357
