,GeneratorProfitDual,TotalCostDispatch,RTGeneratorProfitDual,gap,SSProfit
ObjectiveValue,41174.55168617895,75854.06015638799,41174.55168617895,654.32,41174.55168617607
