,GeneratorProfitDual,TotalCostDispatch,RTGeneratorProfitDual,gap,SSProfit
ObjectiveValue,2712.14141626653,33421.73992224047,2712.14141626653,8538.25,4850.479264136333
