,GeneratorProfitDual,TotalCostDispatch,RTGeneratorProfitDual,gap,SSProfit
ObjectiveValue,62352.011745159325,133181.52521663427,62352.011745159325,608.009,62352.01174515828
