,GeneratorProfitDual,TotalCostDispatch,RTGeneratorProfitDual,gap,SSProfit
ObjectiveValue,54094.490861869344,133253.9199986381,54094.490861869344,638.617,54094.49086186685
