,GeneratorProfitDual,TotalCostDispatch,RTGeneratorProfitDual,gap,SSProfit
ObjectiveValue,91026.89251657888,126436.01253774171,91026.89251657888,58555.7,91026.89251657017
