,GeneratorProfitDual,TotalCostDispatch,RTGeneratorProfitDual,gap,SSProfit
ObjectiveValue,1037.266310467231,365676.8479170179,1037.266310467231,2.51174,1020.7923310917912
