,GeneratorProfitDual,TotalCostDispatch,RTGeneratorProfitDual,gap,SSProfit
ObjectiveValue,-1937091485.130261,161341.24979568532,-1937091485.130261,0.0,9707488.382301943
