,GeneratorProfitDual,TotalCostDispatch,RTGeneratorProfitDual,gap,SSProfit
ObjectiveValue,53292.36376251024,560294.5955155791,53292.36376251024,278.234,53292.39448390332
