,GeneratorProfitDual,TotalCostDispatch,RTGeneratorProfitDual,gap,SSProfit
ObjectiveValue,2850.4947225409605,400475.8678223722,2850.4947225409605,0.0136584,2850.4947225384267
