,GeneratorProfitDual,TotalCostDispatch,RTGeneratorProfitDual,gap,SSProfit
ObjectiveValue,88453.17868544358,246596.03177414107,88453.17868544358,3891.49,88453.17868544164
