,GeneratorProfitDual,TotalCostDispatch,RTGeneratorProfitDual,gap,SSProfit
ObjectiveValue,102142.59386037264,248049.73426854287,102142.59386037264,7855.92,102142.59386037092
