,GeneratorProfitDual,TotalCostDispatch,RTGeneratorProfitDual,gap,SSProfit
ObjectiveValue,44775.3223934329,120331.93891324104,44775.3223934329,613.538,44744.86129902501
