,GeneratorProfitDual,TotalCostDispatch,RTGeneratorProfitDual,gap,SSProfit
ObjectiveValue,74756.2663921531,407354.5783424207,74756.2663921531,556.283,74757.4157135193
