,GeneratorProfitDual,TotalCostDispatch,RTGeneratorProfitDual,gap,SSProfit
ObjectiveValue,19.33284993086454,664818.2496033675,19.33284993086454,716.114,248.49431689363405
