,GeneratorProfitDual,TotalCostDispatch,RTGeneratorProfitDual,gap,SSProfit
ObjectiveValue,5885.987201425997,56120.05434331253,5885.987201425997,0.0,5885.987201425706
