,GeneratorProfitDual,TotalCostDispatch,RTGeneratorProfitDual,gap,SSProfit
ObjectiveValue,2022.0352752719966,18092.76412973446,2022.0352752719966,0.0,2022.0352752717529
