,GeneratorProfitDual,TotalCostDispatch,RTGeneratorProfitDual,gap,SSProfit
ObjectiveValue,2022.035275272085,18092.764129734423,2022.035275272085,0.0,2022.0352752717515
