,GeneratorProfitDual,TotalCostDispatch,RTGeneratorProfitDual,gap,SSProfit
ObjectiveValue,2022.0352752722843,18092.76412973418,2022.0352752722843,5.3128,2022.035275271713
