,GeneratorProfitDual,TotalCostDispatch,RTGeneratorProfitDual,gap,SSProfit
ObjectiveValue,679.2967626141289,53844.01728889787,679.2967626141289,0.0,679.2967626134208
