,GeneratorProfitDual,TotalCostDispatch,RTGeneratorProfitDual,gap,SSProfit
ObjectiveValue,7853.857164077091,132032.18188818282,7853.857164077091,0.0,7927.295394453362
