,GeneratorProfitDual,TotalCostDispatch,RTGeneratorProfitDual,gap,SSProfit
ObjectiveValue,3482.0950854429675,102717.38436451137,3482.0950854429675,19.8528,3482.099155654869
