,GeneratorProfitDual,TotalCostDispatch,RTGeneratorProfitDual,gap,SSProfit
ObjectiveValue,4911.15541669069,430464.43531543406,4911.15541669069,8.76192,4920.526490614841
