,GeneratorProfitDual,TotalCostDispatch,RTGeneratorProfitDual,gap,SSProfit
ObjectiveValue,4231.490311167839,159119.15861108914,4231.490311167839,13396.0,4231.490311166663
