,GeneratorProfitDual,TotalCostDispatch,RTGeneratorProfitDual,gap,SSProfit
ObjectiveValue,4642.918700984213,200257.6742290655,4642.918700984213,0.0,4777.854793014204
