,GeneratorProfitDual,TotalCostDispatch,RTGeneratorProfitDual,gap,SSProfit
ObjectiveValue,-1922718175.6835501,69810.58309802142,-1922718175.6835501,0.0,19739156.435717728
