,GeneratorProfitDual,TotalCostDispatch,RTGeneratorProfitDual,gap,SSProfit
ObjectiveValue,53283.75187964065,170604.1612302761,53283.75187964065,6026.62,53940.860935873
