,GeneratorProfitDual,TotalCostDispatch,RTGeneratorProfitDual,gap,SSProfit
ObjectiveValue,-16517500326.261074,299110.25674529927,-16517500326.261074,0.0,-4538508.407803754
