,GeneratorProfitDual,TotalCostDispatch,RTGeneratorProfitDual,gap,SSProfit
ObjectiveValue,43868.44290442932,132287.23567107483,43868.44290442932,417.817,43868.442904428826
