,GeneratorProfitDual,TotalCostDispatch,RTGeneratorProfitDual,gap,SSProfit
ObjectiveValue,43868.442904429096,132287.23567107477,43868.442904429096,375.507,43868.442904428826
