,GeneratorProfitDual,TotalCostDispatch,RTGeneratorProfitDual,gap,SSProfit
ObjectiveValue,-116.44437416549579,286166.63734221424,-116.44437416549579,0.0,95.39277434592532
