,GeneratorProfitDual,TotalCostDispatch,RTGeneratorProfitDual,gap,SSProfit
ObjectiveValue,18831.213591182808,36308.18317180915,18831.213591182808,291.644,18831.213591181513
