,GeneratorProfitDual,TotalCostDispatch,RTGeneratorProfitDual,gap,SSProfit
ObjectiveValue,18831.213591182142,36308.18317180985,18831.213591182142,303.606,18831.213591181513
