,GeneratorProfitDual,TotalCostDispatch,RTGeneratorProfitDual,gap,SSProfit
ObjectiveValue,-14770827675.007723,124832.94115062479,-14770827675.007723,0.0,-6904191.871140323
