,GeneratorProfitDual,TotalCostDispatch,RTGeneratorProfitDual,gap,SSProfit
ObjectiveValue,73110.07861322914,101345.8791160303,73110.07861322914,47087.8,73110.07861322559
