,GeneratorProfitDual,TotalCostDispatch,RTGeneratorProfitDual,gap,SSProfit
ObjectiveValue,73110.07861322603,101345.87911603301,73110.07861322603,28704.8,73110.07861322546
