,GeneratorProfitDual,TotalCostDispatch,RTGeneratorProfitDual,gap,SSProfit
ObjectiveValue,5550.590872505922,711573.5328311515,5550.590872505922,51.2118,5632.5767301425
