,GeneratorProfitDual,TotalCostDispatch,RTGeneratorProfitDual,gap,SSProfit
ObjectiveValue,7970.355888005825,133212.326744634,7970.355888005825,0.0,7970.355888000064
