,GeneratorProfitDual,TotalCostDispatch,RTGeneratorProfitDual,gap,SSProfit
ObjectiveValue,18313.975244665107,656328.5601599112,18313.975244665107,276.963,18522.07340712745
