,GeneratorProfitDual,TotalCostDispatch,RTGeneratorProfitDual,gap,SSProfit
ObjectiveValue,18313.97524466998,656328.560159911,18313.97524466998,182.927,18522.073407127453
