,GeneratorProfitDual,TotalCostDispatch,RTGeneratorProfitDual,gap,SSProfit
ObjectiveValue,3530.520184484086,145839.5599732272,3530.520184484086,0.0,3622.455776937635
