,GeneratorProfitDual,TotalCostDispatch,RTGeneratorProfitDual,gap,SSProfit
ObjectiveValue,53798.8420559646,107654.62699892637,53798.8420559646,8919.27,53798.84205594095
