,GeneratorProfitDual,TotalCostDispatch,RTGeneratorProfitDual,gap,SSProfit
ObjectiveValue,-1928803829.4412706,31881.943426637965,-1928803829.4412706,0.0,17018325.696825024
