,GeneratorProfitDual,TotalCostDispatch,RTGeneratorProfitDual,gap,SSProfit
ObjectiveValue,64837.57388653828,41849.85574097079,64837.57388653828,15348.9,64837.57388653753
