,GeneratorProfitDual,TotalCostDispatch,RTGeneratorProfitDual,gap,SSProfit
ObjectiveValue,35416.28370966278,303644.3847728915,35416.28370966278,343.735,35415.18622602043
