,GeneratorProfitDual,TotalCostDispatch,RTGeneratorProfitDual,gap,SSProfit
ObjectiveValue,5428.8431714068465,711515.937420943,5428.8431714068465,3.38056,5710.197091904402
