,GeneratorProfitDual,TotalCostDispatch,RTGeneratorProfitDual,gap,SSProfit
ObjectiveValue,5335.599153779428,9797.023919406267,5335.599153779428,39.5354,5335.599153779163
