,GeneratorProfitDual,TotalCostDispatch,RTGeneratorProfitDual,gap,SSProfit
ObjectiveValue,5335.59915377936,9797.023919406323,5335.59915377936,54.9376,5335.599153779162
