,GeneratorProfitDual,TotalCostDispatch,RTGeneratorProfitDual,gap,SSProfit
ObjectiveValue,15127.234298012678,82595.54237546703,15127.234298012678,20206.8,15127.234298011323
