,GeneratorProfitDual,TotalCostDispatch,RTGeneratorProfitDual,gap,SSProfit
ObjectiveValue,15122.059364560955,82595.54237546722,15122.059364560955,18225.4,15122.059364559822
