,GeneratorProfitDual,TotalCostDispatch,RTGeneratorProfitDual,gap,SSProfit
ObjectiveValue,-1928085963.951768,31881.943426637965,-1928085963.951768,0.0,17113957.070028957
