,GeneratorProfitDual,TotalCostDispatch,RTGeneratorProfitDual,gap,SSProfit
ObjectiveValue,84298.83312753263,331496.2090364789,84298.83312753263,949.666,84313.32018324737
