,GeneratorProfitDual,TotalCostDispatch,RTGeneratorProfitDual,gap,SSProfit
ObjectiveValue,8375.61929253614,46570.656620793525,8375.61929253614,163.469,8375.619292533125
