,GeneratorProfitDual,TotalCostDispatch,RTGeneratorProfitDual,gap,SSProfit
ObjectiveValue,1541.4798835626257,102673.8782087169,1541.4798835626257,1996.21,1541.479883561846
