,GeneratorProfitDual,TotalCostDispatch,RTGeneratorProfitDual,gap,SSProfit
ObjectiveValue,27125.578848772384,102900.4061573572,27125.578848772384,0.0,27125.578848768248
