,GeneratorProfitDual,TotalCostDispatch,RTGeneratorProfitDual,gap,SSProfit
ObjectiveValue,27125.578848773082,102900.40615735692,27125.578848773082,22916.5,27125.578848768248
