,GeneratorProfitDual,TotalCostDispatch,RTGeneratorProfitDual,gap,SSProfit
ObjectiveValue,3093.655129624416,27199.56909262186,3093.655129624416,0.0,3093.655129623944
