,GeneratorProfitDual,TotalCostDispatch,RTGeneratorProfitDual,gap,SSProfit
ObjectiveValue,3084.438771758226,27199.569092621285,3084.438771758226,9.21636,3084.4387717572063
