,GeneratorProfitDual,TotalCostDispatch,RTGeneratorProfitDual,gap,SSProfit
ObjectiveValue,3093.655129624399,27199.569092621892,3093.655129624399,18.9141,3093.655129624155
