,GeneratorProfitDual,TotalCostDispatch,RTGeneratorProfitDual,gap,SSProfit
ObjectiveValue,-1702009017.9552603,246705.78537323506,-1702009017.9552603,0.0,11476012.481293414
