,GeneratorProfitDual,TotalCostDispatch,RTGeneratorProfitDual,gap,SSProfit
ObjectiveValue,3983.5023515235116,272343.0607165435,3983.5023515235116,2.79471,3984.2061389999863
