,GeneratorProfitDual,TotalCostDispatch,RTGeneratorProfitDual,gap,SSProfit
ObjectiveValue,-2006646556.1005309,29819.070140452255,-2006646556.1005309,0.0,11425635.679861698
