,GeneratorProfitDual,TotalCostDispatch,RTGeneratorProfitDual,gap,SSProfit
ObjectiveValue,71850.6742551643,234049.7874306273,71850.6742551643,2968.4,71850.67425516408
