,GeneratorProfitDual,TotalCostDispatch,RTGeneratorProfitDual,gap,SSProfit
ObjectiveValue,71850.67425516533,234049.7874306272,71850.67425516533,36508.5,71850.674255164
