,GeneratorProfitDual,TotalCostDispatch,RTGeneratorProfitDual,gap,SSProfit
ObjectiveValue,26887.497165225293,59897.642910294606,26887.497165225293,0.0,26887.49716522462
