,GeneratorProfitDual,TotalCostDispatch,RTGeneratorProfitDual,gap,SSProfit
ObjectiveValue,63080.6307532686,63694.033400658496,63080.6307532686,20663.7,63081.28364261006
