,GeneratorProfitDual,TotalCostDispatch,RTGeneratorProfitDual,gap,SSProfit
ObjectiveValue,26887.497165224988,59897.64291029461,26887.497165224988,3715.74,26887.497165224126
