,GeneratorProfitDual,TotalCostDispatch,RTGeneratorProfitDual,gap,SSProfit
ObjectiveValue,32046.576014078324,59895.56555509151,32046.576014078324,685.833,32752.61149005879
