,GeneratorProfitDual,TotalCostDispatch,RTGeneratorProfitDual,gap,SSProfit
ObjectiveValue,63057.77618066173,63677.80646346202,63057.77618066173,3205.91,63057.77618066083
