,GeneratorProfitDual,TotalCostDispatch,RTGeneratorProfitDual,gap,SSProfit
ObjectiveValue,75412.5897657407,286624.39198211615,75412.5897657407,84.2419,51366.29617740524
