,GeneratorProfitDual,TotalCostDispatch,RTGeneratorProfitDual,gap,SSProfit
ObjectiveValue,30652.47085479269,320623.8543158409,30652.47085479269,58.1642,30776.336139555333
