,GeneratorProfitDual,TotalCostDispatch,RTGeneratorProfitDual,gap,SSProfit
ObjectiveValue,3177.6973561622312,58691.207550051804,3177.6973561622312,14.6636,3177.6973561608856
