,GeneratorProfitDual,TotalCostDispatch,RTGeneratorProfitDual,gap,SSProfit
ObjectiveValue,6826.416972907455,354413.8871031084,6826.416972907455,66.8993,7055.15200316783
