,GeneratorProfitDual,TotalCostDispatch,RTGeneratorProfitDual,gap,SSProfit
ObjectiveValue,56414.37044423846,326859.73052701796,56414.37044423846,0.0,54641.703382641004
