,GeneratorProfitDual,TotalCostDispatch,RTGeneratorProfitDual,gap,SSProfit
ObjectiveValue,50447.68574178337,30750.803894984267,50447.68574178337,757.471,50447.68574178288
