,GeneratorProfitDual,TotalCostDispatch,RTGeneratorProfitDual,gap,SSProfit
ObjectiveValue,50447.68574178335,30750.80389498386,50447.68574178335,696.748,50447.68574178284
