,GeneratorProfitDual,TotalCostDispatch,RTGeneratorProfitDual,gap,SSProfit
ObjectiveValue,50447.685741783615,30750.803894983834,50447.685741783615,735.635,50447.685741783
