,GeneratorProfitDual,TotalCostDispatch,RTGeneratorProfitDual,gap,SSProfit
ObjectiveValue,2237.641984577236,12078.34044439434,2237.641984577236,0.0,2237.641984575985
