,GeneratorProfitDual,TotalCostDispatch,RTGeneratorProfitDual,gap,SSProfit
ObjectiveValue,52326.00916048288,210654.39505870786,52326.00916048288,28172.1,52592.87467533881
