,GeneratorProfitDual,TotalCostDispatch,RTGeneratorProfitDual,gap,SSProfit
ObjectiveValue,52499.95362146525,210678.33606231108,52499.95362146525,12601.7,52810.359339239425
