,GeneratorProfitDual,TotalCostDispatch,RTGeneratorProfitDual,gap,SSProfit
ObjectiveValue,-15867876458.934414,171509.23971969742,-15867876458.934414,0.0,-60980746.49307203
