,GeneratorProfitDual,TotalCostDispatch,RTGeneratorProfitDual,gap,SSProfit
ObjectiveValue,1126.9420359192686,29963.569603273176,1126.9420359192686,3265.39,1651.0733965751122
