,GeneratorProfitDual,TotalCostDispatch,RTGeneratorProfitDual,gap,SSProfit
ObjectiveValue,44432.951004004884,32180.02273688872,44432.951004004884,39467.7,44432.95100394452
