,GeneratorProfitDual,TotalCostDispatch,RTGeneratorProfitDual,gap,SSProfit
ObjectiveValue,8907.228299018225,483211.1983738005,8907.228299018225,8.44436,9065.965138589485
