,GeneratorProfitDual,TotalCostDispatch,RTGeneratorProfitDual,gap,SSProfit
ObjectiveValue,8907.228299017972,483211.19837380067,8907.228299017972,7.27763,9068.099406362511
