,GeneratorProfitDual,TotalCostDispatch,RTGeneratorProfitDual,gap,SSProfit
ObjectiveValue,13993.167551710027,631097.94835352,13993.167551710027,128.759,14210.330019924317
