,GeneratorProfitDual,TotalCostDispatch,RTGeneratorProfitDual,gap,SSProfit
ObjectiveValue,13874.865452112894,631231.2279647018,13874.865452112894,223.962,14215.429112921796
