,GeneratorProfitDual,TotalCostDispatch,RTGeneratorProfitDual,gap,SSProfit
ObjectiveValue,3974.497739185802,283259.3169729786,3974.497739185802,27.3013,4058.5915875320843
