,GeneratorProfitDual,TotalCostDispatch,RTGeneratorProfitDual,gap,SSProfit
ObjectiveValue,-1930667003.9045887,59594.99677058104,-1930667003.9045887,0.0,14110288.270076169
