,GeneratorProfitDual,TotalCostDispatch,RTGeneratorProfitDual,gap,SSProfit
ObjectiveValue,-1926350186.4718664,59594.99677058103,-1926350186.4718664,0.0,14145152.836670354
