,GeneratorProfitDual,TotalCostDispatch,RTGeneratorProfitDual,gap,SSProfit
ObjectiveValue,11735.179240612159,59594.99677058042,11735.179240612159,63745.8,11735.179240611922
