,GeneratorProfitDual,TotalCostDispatch,RTGeneratorProfitDual,gap,SSProfit
ObjectiveValue,-1929831210.7136955,59594.996770581034,-1929831210.7136955,0.0,16070689.550615583
