,GeneratorProfitDual,TotalCostDispatch,RTGeneratorProfitDual,gap,SSProfit
ObjectiveValue,43362.868464082996,267180.4280241702,43362.868464082996,440.965,43638.986737393214
