,GeneratorProfitDual,TotalCostDispatch,RTGeneratorProfitDual,gap,SSProfit
ObjectiveValue,43399.246646857195,267144.0498413962,43399.246646857195,102.219,43818.178127012965
