,GeneratorProfitDual,TotalCostDispatch,RTGeneratorProfitDual,gap,SSProfit
ObjectiveValue,43317.31844886943,267225.97803938406,43317.31844886943,249.961,43449.87204393137
