,GeneratorProfitDual,TotalCostDispatch,RTGeneratorProfitDual,gap,SSProfit
ObjectiveValue,35838.55481497902,17779.04004211712,35838.55481497902,391.059,35838.554814978095
