,GeneratorProfitDual,TotalCostDispatch,RTGeneratorProfitDual,gap,SSProfit
ObjectiveValue,35838.55481497856,17779.040042117707,35838.55481497856,527.113,35838.55481497804
