,GeneratorProfitDual,TotalCostDispatch,RTGeneratorProfitDual,gap,SSProfit
ObjectiveValue,35838.5548149801,17779.04004211617,35838.5548149801,36931.2,35838.554814978124
