,GeneratorProfitDual,TotalCostDispatch,RTGeneratorProfitDual,gap,SSProfit
ObjectiveValue,3295.4704914201075,274774.6842402486,3295.4704914201075,19.0463,3520.3670273773146
