,GeneratorProfitDual,TotalCostDispatch,RTGeneratorProfitDual,gap,SSProfit
ObjectiveValue,71355.45443363734,276939.47403424047,71355.45443363734,0.0,71355.45443363478
