,GeneratorProfitDual,TotalCostDispatch,RTGeneratorProfitDual,gap,SSProfit
ObjectiveValue,71355.45443363627,276939.47403424093,71355.45443363627,9315.11,71355.45443363473
