,GeneratorProfitDual,TotalCostDispatch,RTGeneratorProfitDual,gap,SSProfit
ObjectiveValue,22580.702060166008,492478.18562576553,22580.702060166008,260.397,22559.96506972283
