,GeneratorProfitDual,TotalCostDispatch,RTGeneratorProfitDual,gap,SSProfit
ObjectiveValue,19773.034322086503,51325.621841069864,19773.034322086503,267.314,19773.034322085827
