,GeneratorProfitDual,TotalCostDispatch,RTGeneratorProfitDual,gap,SSProfit
ObjectiveValue,20405.174258077175,51373.117171112346,20405.174258077175,0.0,20405.17425807621
