,GeneratorProfitDual,TotalCostDispatch,RTGeneratorProfitDual,gap,SSProfit
ObjectiveValue,-1958385917.5986388,27324.991167645294,-1958385917.5986388,0.0,11288783.597764736
