,GeneratorProfitDual,TotalCostDispatch,RTGeneratorProfitDual,gap,SSProfit
ObjectiveValue,54634.27814418835,423440.8623495422,54634.251299047035,541.847,54634.27814418534
