,GeneratorProfitDual,TotalCostDispatch,RTGeneratorProfitDual,gap,SSProfit
ObjectiveValue,54634.278144188254,423440.8623495422,54634.278144188254,0.0,54634.27814418534
