,GeneratorProfitDual,TotalCostDispatch,RTGeneratorProfitDual,gap,SSProfit
ObjectiveValue,59637.8924744336,74543.82446017119,59637.8924744336,1866.86,59639.8850635858
