,GeneratorProfitDual,TotalCostDispatch,RTGeneratorProfitDual,gap,SSProfit
ObjectiveValue,-1913179352.1298387,59778.95249057762,-1913179352.1298387,0.0,11901157.350176763
