,GeneratorProfitDual,TotalCostDispatch,RTGeneratorProfitDual,gap,SSProfit
ObjectiveValue,1868.3852935977839,6883.866879289009,1868.3852935977839,0.0,1868.3852935973837
