,GeneratorProfitDual,TotalCostDispatch,RTGeneratorProfitDual,gap,SSProfit
ObjectiveValue,7652.110229810384,242142.6815253885,7652.110229810384,0.0,7818.478780100725
