,GeneratorProfitDual,TotalCostDispatch,RTGeneratorProfitDual,gap,SSProfit
ObjectiveValue,-1754238049.0416996,242281.0398337844,-1754238049.0416996,0.0,3870001.158060246
