,GeneratorProfitDual,TotalCostDispatch,RTGeneratorProfitDual,gap,SSProfit
ObjectiveValue,-1959472751.0051205,27324.991167645294,-1959472751.0051205,0.0,11288783.597764736
