,GeneratorProfitDual,TotalCostDispatch,RTGeneratorProfitDual,gap,SSProfit
ObjectiveValue,-1939927341.8652494,62448.30652474277,-1939927341.8652494,0.0,13560576.409196611
