,GeneratorProfitDual,TotalCostDispatch,RTGeneratorProfitDual,gap,SSProfit
ObjectiveValue,29407.93896218945,29319.151734297302,29407.93896218945,235.14,29407.938962189088
