,GeneratorProfitDual,TotalCostDispatch,RTGeneratorProfitDual,gap,SSProfit
ObjectiveValue,1184.8454564567649,356962.0502987705,1184.8454564567649,6.33115,1204.6375906330902
