,GeneratorProfitDual,TotalCostDispatch,RTGeneratorProfitDual,gap,SSProfit
ObjectiveValue,32991.60760231376,81470.66247805319,32991.60760231376,0.0,32991.607602312266
