,GeneratorProfitDual,TotalCostDispatch,RTGeneratorProfitDual,gap,SSProfit
ObjectiveValue,32998.26848660367,81464.00159376336,32998.26848660367,17144.8,33011.18531501901
