,GeneratorProfitDual,TotalCostDispatch,RTGeneratorProfitDual,gap,SSProfit
ObjectiveValue,7825.982462158861,148430.40417111557,7825.982462158861,0.0,7825.982462155663
