,GeneratorProfitDual,TotalCostDispatch,RTGeneratorProfitDual,gap,SSProfit
ObjectiveValue,3983.162498863658,232890.80618539866,3983.162498863658,0.0,3977.452887176273
