,GeneratorProfitDual,TotalCostDispatch,RTGeneratorProfitDual,gap,SSProfit
ObjectiveValue,3212.698304247442,52748.10027615553,3212.698304247442,50987.2,3212.698304246915
