,GeneratorProfitDual,TotalCostDispatch,RTGeneratorProfitDual,gap,SSProfit
ObjectiveValue,3201.919940925206,52748.100276155594,3201.919940925206,63.2016,3201.919940924784
