,GeneratorProfitDual,TotalCostDispatch,RTGeneratorProfitDual,gap,SSProfit
ObjectiveValue,3212.6983042474767,52748.10027615555,3212.6983042474767,174.163,3212.698304246915
