,GeneratorProfitDual,TotalCostDispatch,RTGeneratorProfitDual,gap,SSProfit
ObjectiveValue,-1765444856.5875213,23194.143492006366,-1765444856.5875213,0.0,25082246.67816819
