,GeneratorProfitDual,TotalCostDispatch,RTGeneratorProfitDual,gap,SSProfit
ObjectiveValue,7972.459126828933,313630.12576023414,7972.459126828933,73.731,7983.2362476830385
