,GeneratorProfitDual,TotalCostDispatch,RTGeneratorProfitDual,gap,SSProfit
ObjectiveValue,4833.396655722644,44362.80980823538,4833.396655722644,142.3,4833.396655720517
