,GeneratorProfitDual,TotalCostDispatch,RTGeneratorProfitDual,gap,SSProfit
ObjectiveValue,-1966837953.0405781,65046.626283703685,-1966837953.0405781,0.0,9861658.733405342
