,GeneratorProfitDual,TotalCostDispatch,RTGeneratorProfitDual,gap,SSProfit
ObjectiveValue,1173.0222253585453,486387.09597273846,1173.0222253585453,4036.7,2862.6781835980546
