,GeneratorProfitDual,TotalCostDispatch,RTGeneratorProfitDual,gap,SSProfit
ObjectiveValue,-1687940038.7265697,226971.3867425369,-1687940038.7265697,0.0,10754001.585930686
