,GeneratorProfitDual,TotalCostDispatch,RTGeneratorProfitDual,gap,SSProfit
ObjectiveValue,39623.534327934205,121015.71419651288,39623.534327934205,12290.1,39634.33980870684
