,GeneratorProfitDual,TotalCostDispatch,RTGeneratorProfitDual,gap,SSProfit
ObjectiveValue,-14867728073.13085,379492.9233910654,-14867728073.13085,0.0,-12737846.742924778
