,GeneratorProfitDual,TotalCostDispatch,RTGeneratorProfitDual,gap,SSProfit
ObjectiveValue,-1949805847.689829,246202.6942636427,-1949805847.689829,0.0,9989896.067315497
