,GeneratorProfitDual,TotalCostDispatch,RTGeneratorProfitDual,gap,SSProfit
ObjectiveValue,3773.1441722313284,282394.3647262736,3773.1441722313284,31.5497,3825.770134032964
