,GeneratorProfitDual,TotalCostDispatch,RTGeneratorProfitDual,gap,SSProfit
ObjectiveValue,21488.57883325813,252509.00612757934,21488.57883325813,162.314,21488.578833256055
