,GeneratorProfitDual,TotalCostDispatch,RTGeneratorProfitDual,gap,SSProfit
ObjectiveValue,41795.66340851691,88958.51367103141,41795.66340851691,587.816,41795.66340851672
