,GeneratorProfitDual,TotalCostDispatch,RTGeneratorProfitDual,gap,SSProfit
ObjectiveValue,702.4351052909988,442798.0498092862,702.4351052909988,4.44419,702.3589176390869
