,GeneratorProfitDual,TotalCostDispatch,RTGeneratorProfitDual,gap,SSProfit
ObjectiveValue,48536.97393304676,355135.6454735409,48536.97393304676,479.479,48495.3806790449
