,GeneratorProfitDual,TotalCostDispatch,RTGeneratorProfitDual,gap,SSProfit
ObjectiveValue,1868.3852935984082,14637.66650924252,1868.3852935984082,0.0,1868.3852935973612
