,GeneratorProfitDual,TotalCostDispatch,RTGeneratorProfitDual,gap,SSProfit
ObjectiveValue,35319.55716758965,324821.5757891237,35319.55716758965,6495.81,35397.27961892843
