,GeneratorProfitDual,TotalCostDispatch,RTGeneratorProfitDual,gap,SSProfit
ObjectiveValue,22163.170649098538,306250.5299893396,22163.170649098538,72.1546,22163.170649084663
