,GeneratorProfitDual,TotalCostDispatch,RTGeneratorProfitDual,gap,SSProfit
ObjectiveValue,-19419927394.661842,430461.5853283923,-19419927394.661842,0.0,-42005387.294717915
