,GeneratorProfitDual,TotalCostDispatch,RTGeneratorProfitDual,gap,SSProfit
ObjectiveValue,101643.63075613738,41637.891422854285,101643.63075613738,1016.38,101643.63075613923
