,GeneratorProfitDual,TotalCostDispatch,RTGeneratorProfitDual,gap,SSProfit
ObjectiveValue,6487.91354524734,9910.845217111777,6487.91354524734,21.8336,6487.913545246606
