,GeneratorProfitDual,TotalCostDispatch,RTGeneratorProfitDual,gap,SSProfit
ObjectiveValue,-1932568814.3399353,31881.943426637965,-1932568814.3399353,0.0,17028843.24716025
