,GeneratorProfitDual,TotalCostDispatch,RTGeneratorProfitDual,gap,SSProfit
ObjectiveValue,-2349.672556221187,22430.642191959327,-2349.672556221187,4761.09,622.7950978657832
