,GeneratorProfitDual,TotalCostDispatch,RTGeneratorProfitDual,gap,SSProfit
ObjectiveValue,3002.1321804222425,20020.49149623365,3002.1321804222425,0.0,3002.1321804217932
