,GeneratorProfitDual,TotalCostDispatch,RTGeneratorProfitDual,gap,SSProfit
ObjectiveValue,-1970001349.6935558,31283.342037873423,-1970001349.6935558,0.0,7737627.62243061
