,GeneratorProfitDual,TotalCostDispatch,RTGeneratorProfitDual,gap,SSProfit
ObjectiveValue,-1965223760.7731557,36669.749131004544,-1965223760.7731557,0.0,11507055.161556557
