,GeneratorProfitDual,TotalCostDispatch,RTGeneratorProfitDual,gap,SSProfit
ObjectiveValue,2397.907129101771,10762.489404080363,2397.907129101771,1158.89,2397.9071291014734
