,GeneratorProfitDual,TotalCostDispatch,RTGeneratorProfitDual,gap,SSProfit
ObjectiveValue,2397.907129102459,10762.489404079637,2397.907129102459,0.0,2397.9071291014143
