,GeneratorProfitDual,TotalCostDispatch,RTGeneratorProfitDual,gap,SSProfit
ObjectiveValue,2397.9071291016953,10762.48940408039,2397.9071291016953,190.034,2397.907129101474
