,GeneratorProfitDual,TotalCostDispatch,RTGeneratorProfitDual,gap,SSProfit
ObjectiveValue,20309.65620420447,306262.6454895021,20309.65620420447,201.939,20309.656204200426
