,GeneratorProfitDual,TotalCostDispatch,RTGeneratorProfitDual,gap,SSProfit
ObjectiveValue,20313.6779983141,306252.06932846626,20313.6779983141,268.254,20313.677998311257
