,GeneratorProfitDual,TotalCostDispatch,RTGeneratorProfitDual,gap,SSProfit
ObjectiveValue,4100.73097384345,22165.736006265586,4100.73097384345,37.5333,4100.730973843131
