,GeneratorProfitDual,TotalCostDispatch,RTGeneratorProfitDual,gap,SSProfit
ObjectiveValue,6325.6403909331175,62920.49256178828,6325.6403909331175,8309.23,6325.6403909325245
