,GeneratorProfitDual,TotalCostDispatch,RTGeneratorProfitDual,gap,SSProfit
ObjectiveValue,27499.81035284733,420546.03602728376,27499.81035284733,176.411,27499.810352843062
