,GeneratorProfitDual,TotalCostDispatch,RTGeneratorProfitDual,gap,SSProfit
ObjectiveValue,14308.668690812105,16691.11382082963,14308.668690812105,96.2408,14308.668690811948
