,GeneratorProfitDual,TotalCostDispatch,RTGeneratorProfitDual,gap,SSProfit
ObjectiveValue,66618.71061686466,410665.7684823717,66618.71061686466,8685.43,66932.949149944
