,GeneratorProfitDual,TotalCostDispatch,RTGeneratorProfitDual,gap,SSProfit
ObjectiveValue,-17088964523.47012,410665.768482375,-17088964523.47012,23850.6,-55577986.31491315
