,GeneratorProfitDual,TotalCostDispatch,RTGeneratorProfitDual,gap,SSProfit
ObjectiveValue,85912.65028865778,302771.3668564233,85912.65028865778,644.107,85956.72394835965
