,GeneratorProfitDual,TotalCostDispatch,RTGeneratorProfitDual,gap,SSProfit
ObjectiveValue,86293.59232626627,302476.5182820087,86293.59232626627,297.955,86304.52189316381
