,GeneratorProfitDual,TotalCostDispatch,RTGeneratorProfitDual,gap,SSProfit
ObjectiveValue,84958.81878096813,302640.6856264122,84958.81878096813,699.59,84958.81878096603
