,GeneratorProfitDual,TotalCostDispatch,RTGeneratorProfitDual,gap,SSProfit
ObjectiveValue,18565.062675579335,534119.8349342259,18565.062675579335,174.748,18574.97033171197
