,GeneratorProfitDual,TotalCostDispatch,RTGeneratorProfitDual,gap,SSProfit
ObjectiveValue,18539.086133152152,534127.2007030684,18539.086133152152,189.317,18578.373620684568
