,GeneratorProfitDual,TotalCostDispatch,RTGeneratorProfitDual,gap,SSProfit
ObjectiveValue,184.08091517701484,22925.412618424183,184.08091517701484,0.0,184.08091517678255
