,GeneratorProfitDual,TotalCostDispatch,RTGeneratorProfitDual,gap,SSProfit
ObjectiveValue,30899.455034071256,108104.7391297017,30899.455034071256,366.493,30899.455034069724
