,GeneratorProfitDual,TotalCostDispatch,RTGeneratorProfitDual,gap,SSProfit
ObjectiveValue,30899.455034070885,108104.7391297017,30899.455034070885,425.448,30899.455034069637
