,GeneratorProfitDual,TotalCostDispatch,RTGeneratorProfitDual,gap,SSProfit
ObjectiveValue,20837.382946812388,182332.0367361502,20837.382946812388,0.0,20837.382946812115
