,GeneratorProfitDual,TotalCostDispatch,RTGeneratorProfitDual,gap,SSProfit
ObjectiveValue,17039.35101745664,551000.5600324913,17039.35101745664,30.8738,17039.34283933257
