,GeneratorProfitDual,TotalCostDispatch,RTGeneratorProfitDual,gap,SSProfit
ObjectiveValue,17039.331809780255,551000.560032491,17039.331809780255,168.713,17039.331809775238
