,GeneratorProfitDual,TotalCostDispatch,RTGeneratorProfitDual,gap,SSProfit
ObjectiveValue,36841.96996367764,335990.41533623746,36841.96996367764,343.129,36841.969963675845
