,GeneratorProfitDual,TotalCostDispatch,RTGeneratorProfitDual,gap,SSProfit
ObjectiveValue,36841.96996367728,335990.4153362376,36841.96996367728,0.0,36841.96996367582
