,GeneratorProfitDual,TotalCostDispatch,RTGeneratorProfitDual,gap,SSProfit
ObjectiveValue,36841.96996367727,335990.41533623764,36841.96996367727,0.0,36841.96996367586
