,GeneratorProfitDual,TotalCostDispatch,RTGeneratorProfitDual,gap,SSProfit
ObjectiveValue,44930.45965255927,61919.76403197906,44930.45965255927,5927.14,44930.45965255843
