,GeneratorProfitDual,TotalCostDispatch,RTGeneratorProfitDual,gap,SSProfit
ObjectiveValue,12638.875773961434,59276.71110787763,12638.875773961434,25115.2,12817.306277353788
