,GeneratorProfitDual,TotalCostDispatch,RTGeneratorProfitDual,gap,SSProfit
ObjectiveValue,-1920763007.6915085,277601.9014197201,-1920763007.6915085,0.0,7876484.491901019
