,GeneratorProfitDual,TotalCostDispatch,RTGeneratorProfitDual,gap,SSProfit
ObjectiveValue,-1876836075.3334136,277602.6477788362,-1876836075.3334136,0.0,7933764.872568986
