,GeneratorProfitDual,TotalCostDispatch,RTGeneratorProfitDual,gap,SSProfit
ObjectiveValue,83998.94951346608,277803.057790476,83998.94951346608,860.574,84231.36027428418
