,GeneratorProfitDual,TotalCostDispatch,RTGeneratorProfitDual,gap,SSProfit
ObjectiveValue,-1876836082.510996,277609.82536125527,-1876836082.510996,0.0,7994991.502244131
