,GeneratorProfitDual,TotalCostDispatch,RTGeneratorProfitDual,gap,SSProfit
ObjectiveValue,-15311015526.589376,608419.1090454294,-15311015526.589376,0.0,-38017454.677095585
