,GeneratorProfitDual,TotalCostDispatch,RTGeneratorProfitDual,gap,SSProfit
ObjectiveValue,7734.053394800983,119182.371007694,7734.053394800983,6.10764,7867.982236914813
