,GeneratorProfitDual,TotalCostDispatch,RTGeneratorProfitDual,gap,SSProfit
ObjectiveValue,53080.31685390535,560294.5955155764,53080.31685390535,527.771,53080.31685388941
