,GeneratorProfitDual,TotalCostDispatch,RTGeneratorProfitDual,gap,SSProfit
ObjectiveValue,-14586123672.55444,274082.2993733228,-14586123672.55444,0.0,-12443798.283771232
