,GeneratorProfitDual,TotalCostDispatch,RTGeneratorProfitDual,gap,SSProfit
ObjectiveValue,6769.9660788829715,174747.37151652004,6769.9660788829715,7.95486,6769.96607888081
