,GeneratorProfitDual,TotalCostDispatch,RTGeneratorProfitDual,gap,SSProfit
ObjectiveValue,88058.51642430536,246990.69403528,88058.51642430536,8384.46,88058.51642430278
