,GeneratorProfitDual,TotalCostDispatch,RTGeneratorProfitDual,gap,SSProfit
ObjectiveValue,25160.225002573796,65154.61626634813,25160.225002573796,0.0,25923.108087242126
