,GeneratorProfitDual,TotalCostDispatch,RTGeneratorProfitDual,gap,SSProfit
ObjectiveValue,7945.29109954723,256014.8151065069,7945.29109954723,0.0,8000.8177049124915
