,GeneratorProfitDual,TotalCostDispatch,RTGeneratorProfitDual,gap,SSProfit
ObjectiveValue,-14777151425.140343,303963.88068283966,-14777151425.140343,0.0,-1653474.0609402964
