,GeneratorProfitDual,TotalCostDispatch,RTGeneratorProfitDual,gap,SSProfit
ObjectiveValue,3186.789558858966,31710.151526405465,3186.789558858966,29.7694,3186.7895588586075
