,GeneratorProfitDual,TotalCostDispatch,RTGeneratorProfitDual,gap,SSProfit
ObjectiveValue,3186.789558858856,31710.151526405687,3186.789558858856,0.0,3186.789558858623
