,GeneratorProfitDual,TotalCostDispatch,RTGeneratorProfitDual,gap,SSProfit
ObjectiveValue,79871.93718084984,41245.683756493556,79871.93718084984,21584.5,79871.93718084935
