,GeneratorProfitDual,TotalCostDispatch,RTGeneratorProfitDual,gap,SSProfit
ObjectiveValue,1534.5151940445317,38274.43540018812,1534.5151940445317,11535.2,1534.5151940431272
