,GeneratorProfitDual,TotalCostDispatch,RTGeneratorProfitDual,gap,SSProfit
ObjectiveValue,82220.49930887198,145535.6039131842,82220.49930887198,164.926,82246.31886381752
