,GeneratorProfitDual,TotalCostDispatch,RTGeneratorProfitDual,gap,SSProfit
ObjectiveValue,108508.2638618105,145548.09232254527,108508.2638618105,439.42,108552.73111851542
