,GeneratorProfitDual,TotalCostDispatch,RTGeneratorProfitDual,gap,SSProfit
ObjectiveValue,33942.74031544333,412151.301706861,33942.74031544333,0.0,34321.48726792335
