,GeneratorProfitDual,TotalCostDispatch,RTGeneratorProfitDual,gap,SSProfit
ObjectiveValue,51763.5029070577,436873.4868609548,51763.5029070577,493.566,51996.08963866221
