,GeneratorProfitDual,TotalCostDispatch,RTGeneratorProfitDual,gap,SSProfit
ObjectiveValue,13476.60633182024,655419.3784775037,13476.60633182024,97.5161,13476.606331816065
