,GeneratorProfitDual,TotalCostDispatch,RTGeneratorProfitDual,gap,SSProfit
ObjectiveValue,13476.734602972625,655419.3784775051,13476.734602972625,0.0,13476.6166880574
