,GeneratorProfitDual,TotalCostDispatch,RTGeneratorProfitDual,gap,SSProfit
ObjectiveValue,53803.61000401066,125520.71948045694,53803.61000401066,650.822,53803.610004010196
