,GeneratorProfitDual,TotalCostDispatch,RTGeneratorProfitDual,gap,SSProfit
ObjectiveValue,37189.93382462201,248147.8859641254,37189.93382462201,207.495,37274.97810101637
