,GeneratorProfitDual,TotalCostDispatch,RTGeneratorProfitDual,gap,SSProfit
ObjectiveValue,11618.351367485055,59669.546470251196,11618.351367485055,35171.1,11735.179240611915
