,GeneratorProfitDual,TotalCostDispatch,RTGeneratorProfitDual,gap,SSProfit
ObjectiveValue,60623.90700376613,60727.875695733776,60623.90700376613,31895.1,60623.907003765344
