,GeneratorProfitDual,TotalCostDispatch,RTGeneratorProfitDual,gap,SSProfit
ObjectiveValue,44103.85724955952,60650.93674703433,44103.85724955952,62031.6,44103.85724955932
