,GeneratorProfitDual,TotalCostDispatch,RTGeneratorProfitDual,gap,SSProfit
ObjectiveValue,-1939186768.5232093,175829.05396277134,-1939186768.5232093,0.0,14632627.217365935
