,GeneratorProfitDual,TotalCostDispatch,RTGeneratorProfitDual,gap,SSProfit
ObjectiveValue,4230.811301035972,499235.49961210496,4230.811301035972,35.6704,4258.8970153048
