,GeneratorProfitDual,TotalCostDispatch,RTGeneratorProfitDual,gap,SSProfit
ObjectiveValue,2214.3744577719153,31353.6245039214,2214.3744577719153,5.10003e-05,2214.3744577719717
