,GeneratorProfitDual,TotalCostDispatch,RTGeneratorProfitDual,gap,SSProfit
ObjectiveValue,7928.762634001284,263404.61327972414,7928.762634001284,0.0,7928.762633999982
