,GeneratorProfitDual,TotalCostDispatch,RTGeneratorProfitDual,gap,SSProfit
ObjectiveValue,39802.583257903854,314838.98708796257,39802.583257903854,1321.19,39806.33466255088
