,GeneratorProfitDual,TotalCostDispatch,RTGeneratorProfitDual,gap,SSProfit
ObjectiveValue,1049.9742118916774,505945.446904004,1049.9742118916774,0.0,1127.3102801018363
