,GeneratorProfitDual,TotalCostDispatch,RTGeneratorProfitDual,gap,SSProfit
ObjectiveValue,3623.3696991980396,244001.90299284708,3623.3696991980396,35.4984,3946.7587773735745
