,GeneratorProfitDual,TotalCostDispatch,RTGeneratorProfitDual,gap,SSProfit
ObjectiveValue,3840.2274246647394,247763.9384812025,3840.2274246647394,3610.65,3964.3813169999758
