,GeneratorProfitDual,TotalCostDispatch,RTGeneratorProfitDual,gap,SSProfit
ObjectiveValue,78170.76804082457,101352.07053373325,78170.76804082457,1831.65,78170.76804082378
