,GeneratorProfitDual,TotalCostDispatch,RTGeneratorProfitDual,gap,SSProfit
ObjectiveValue,15015.243702218962,112754.6772758107,15015.243702218962,0.0,15143.355888544167
