,GeneratorProfitDual,TotalCostDispatch,RTGeneratorProfitDual,gap,SSProfit
ObjectiveValue,15015.243702218715,112754.67727581062,15015.243702218715,1645.34,15143.35588854421
