,GeneratorProfitDual,TotalCostDispatch,RTGeneratorProfitDual,gap,SSProfit
ObjectiveValue,-16436901643.253544,591378.1315755147,-16436901643.253544,0.0,1005060.645142566
