,GeneratorProfitDual,TotalCostDispatch,RTGeneratorProfitDual,gap,SSProfit
ObjectiveValue,8053.542396001884,258210.20348627653,8053.542396001884,0.0,8053.542395999978
