,GeneratorProfitDual,TotalCostDispatch,RTGeneratorProfitDual,gap,SSProfit
ObjectiveValue,10303.926475578533,48857.13391662089,10303.926475578533,139.732,10303.926475578228
