,GeneratorProfitDual,TotalCostDispatch,RTGeneratorProfitDual,gap,SSProfit
ObjectiveValue,10303.926475578559,48857.133916620915,10303.926475578559,1880.67,10303.92647557827
