,GeneratorProfitDual,TotalCostDispatch,RTGeneratorProfitDual,gap,SSProfit
ObjectiveValue,10303.926475579021,48857.13391662039,10303.926475579021,32913.9,10303.926475578333
