,GeneratorProfitDual,TotalCostDispatch,RTGeneratorProfitDual,gap,SSProfit
ObjectiveValue,63446.09545041967,332826.04351481417,63446.09545041967,0.0,63451.41121899092
