,GeneratorProfitDual,TotalCostDispatch,RTGeneratorProfitDual,gap,SSProfit
ObjectiveValue,2548.0325506906065,26495.59313579813,2548.0325506906065,0.0,2548.032550689922
