,GeneratorProfitDual,TotalCostDispatch,RTGeneratorProfitDual,gap,SSProfit
ObjectiveValue,2548.0325506911613,26495.593135797862,2548.0325506911613,337.063,2548.03255069005
