,GeneratorProfitDual,TotalCostDispatch,RTGeneratorProfitDual,gap,SSProfit
ObjectiveValue,2542.5526761564743,26495.593135798237,2542.5526761564743,3280.71,2542.5526761561678
