,GeneratorProfitDual,TotalCostDispatch,RTGeneratorProfitDual,gap,SSProfit
ObjectiveValue,-16897350786.214663,405998.53760054015,-16897350786.214663,0.0,-7649588.794588149
