,GeneratorProfitDual,TotalCostDispatch,RTGeneratorProfitDual,gap,SSProfit
ObjectiveValue,75790.16089956973,377935.4048209427,75790.16089956973,870.129,75799.54025436068
