,GeneratorProfitDual,TotalCostDispatch,RTGeneratorProfitDual,gap,SSProfit
ObjectiveValue,86837.67358542181,380334.15549972886,86837.67358542181,868.312,95759.33173405899
