,GeneratorProfitDual,TotalCostDispatch,RTGeneratorProfitDual,gap,SSProfit
ObjectiveValue,2280.268365681872,361486.68248400197,2280.268365681872,19.8922,2431.1212862346406
