,GeneratorProfitDual,TotalCostDispatch,RTGeneratorProfitDual,gap,SSProfit
ObjectiveValue,3963.0207900021164,183000.44567533676,3963.0207900021164,0.0,3963.0207899999987
