,GeneratorProfitDual,TotalCostDispatch,RTGeneratorProfitDual,gap,SSProfit
ObjectiveValue,30928.47924187188,57280.82042324468,30928.47924187188,509.867,30928.479241871108
