,GeneratorProfitDual,TotalCostDispatch,RTGeneratorProfitDual,gap,SSProfit
ObjectiveValue,38928.84585962953,60210.11912205467,38928.84585962953,12277.5,38928.832539081886
