,GeneratorProfitDual,TotalCostDispatch,RTGeneratorProfitDual,gap,SSProfit
ObjectiveValue,59209.01535091639,230155.78160339664,59209.01535091639,0.0,59279.07224229666
