,GeneratorProfitDual,TotalCostDispatch,RTGeneratorProfitDual,gap,SSProfit
ObjectiveValue,59252.16573032137,230117.7253718844,59252.16573032137,4156.7,59333.222923480185
