,GeneratorProfitDual,TotalCostDispatch,RTGeneratorProfitDual,gap,SSProfit
ObjectiveValue,59209.12133206239,230155.6756222508,59209.12133206239,4917.08,59343.11804540124
