,GeneratorProfitDual,TotalCostDispatch,RTGeneratorProfitDual,gap,SSProfit
ObjectiveValue,55.446306954715055,550982.9077637269,55.446306954715055,0.0,56.90925135098712
