,GeneratorProfitDual,TotalCostDispatch,RTGeneratorProfitDual,gap,SSProfit
ObjectiveValue,37624.5839131746,186644.72022767022,37624.5839131746,5199.43,37624.58391317421
