,GeneratorProfitDual,TotalCostDispatch,RTGeneratorProfitDual,gap,SSProfit
ObjectiveValue,-1748318540.2370412,246444.96403055364,-1748318540.2370412,0.0,11476012.481293412
