,GeneratorProfitDual,TotalCostDispatch,RTGeneratorProfitDual,gap,SSProfit
ObjectiveValue,7672.650001412517,140740.95111240697,7672.650001412517,30.0728,7890.6678780000275
