,GeneratorProfitDual,TotalCostDispatch,RTGeneratorProfitDual,gap,SSProfit
ObjectiveValue,3746.2535311425017,189755.41726650682,3746.2535311425017,0.549862,3837.3320045638006
