,GeneratorProfitDual,TotalCostDispatch,RTGeneratorProfitDual,gap,SSProfit
ObjectiveValue,-1965316601.3077862,38274.43540018939,-1965316601.3077862,0.0,18986085.868717417
