,GeneratorProfitDual,TotalCostDispatch,RTGeneratorProfitDual,gap,SSProfit
ObjectiveValue,823.4365004189617,501889.9539366488,823.4365004189617,6.24697,823.4365004135165
