,GeneratorProfitDual,TotalCostDispatch,RTGeneratorProfitDual,gap,SSProfit
ObjectiveValue,-16486576902.18798,131144.99402233673,-16486576902.18798,0.0,-38744433.08631577
