,GeneratorProfitDual,TotalCostDispatch,RTGeneratorProfitDual,gap,SSProfit
ObjectiveValue,51240.74277662144,243799.55716420212,51240.74277662144,7179.64,51823.21492139452
