,GeneratorProfitDual,TotalCostDispatch,RTGeneratorProfitDual,gap,SSProfit
ObjectiveValue,58389.042062261215,243873.23455948074,58389.042062261215,7213.64,58503.74252846071
