,GeneratorProfitDual,TotalCostDispatch,RTGeneratorProfitDual,gap,SSProfit
ObjectiveValue,73208.80194301384,210919.80715779556,73208.80194301384,12180.1,73208.8019430112
