,GeneratorProfitDual,TotalCostDispatch,RTGeneratorProfitDual,gap,SSProfit
ObjectiveValue,71233.86053826548,210919.80715779556,71233.86053826548,1099.21,71336.18591671227
