,GeneratorProfitDual,TotalCostDispatch,RTGeneratorProfitDual,gap,SSProfit
ObjectiveValue,3254.643096004115,26176.3183827615,3254.643096004115,2.95907,3254.6430960036787
