,GeneratorProfitDual,TotalCostDispatch,RTGeneratorProfitDual,gap,SSProfit
ObjectiveValue,50360.47225264805,279273.9559221002,50360.47225264805,632.538,50515.22483120091
