,GeneratorProfitDual,TotalCostDispatch,RTGeneratorProfitDual,gap,SSProfit
ObjectiveValue,49868.498563399706,279199.3697860093,49868.498563399706,512.218,50197.16406949221
