,GeneratorProfitDual,TotalCostDispatch,RTGeneratorProfitDual,gap,SSProfit
ObjectiveValue,775.0374322483558,475642.0683024329,775.0374322483558,6.19234,1011.2767957219392
