,GeneratorProfitDual,TotalCostDispatch,RTGeneratorProfitDual,gap,SSProfit
ObjectiveValue,18133.11707255032,45565.42760877632,18133.11707255032,0.0,18133.117072548048
