,GeneratorProfitDual,TotalCostDispatch,RTGeneratorProfitDual,gap,SSProfit
ObjectiveValue,44903.39148270849,145074.11514464702,44903.39148270849,0.0,45912.78428397255
