,GeneratorProfitDual,TotalCostDispatch,RTGeneratorProfitDual,gap,SSProfit
ObjectiveValue,2914.3551799694897,23863.973473401027,2914.3551799694897,0.0,2914.355179969165
