,GeneratorProfitDual,TotalCostDispatch,RTGeneratorProfitDual,gap,SSProfit
ObjectiveValue,1868.385293598565,31522.468845859134,1868.385293598565,13.6816,1868.385293597361
