,GeneratorProfitDual,TotalCostDispatch,RTGeneratorProfitDual,gap,SSProfit
ObjectiveValue,1868.3852935979285,31522.46884585987,1868.3852935979285,0.0,1868.385293597361
