,GeneratorProfitDual,TotalCostDispatch,RTGeneratorProfitDual,gap,SSProfit
ObjectiveValue,47736.73170905727,436873.48686095484,47736.73170905727,2757.09,47969.31844066213
