,GeneratorProfitDual,TotalCostDispatch,RTGeneratorProfitDual,gap,SSProfit
ObjectiveValue,47736.731709058666,436873.48686095484,47736.731709058666,2887.27,47969.31844066216
