,GeneratorProfitDual,TotalCostDispatch,RTGeneratorProfitDual,gap,SSProfit
ObjectiveValue,59447.752264949086,332826.043514811,59447.752264949086,367.273,59447.75226494499
