,GeneratorProfitDual,TotalCostDispatch,RTGeneratorProfitDual,gap,SSProfit
ObjectiveValue,59447.752264951996,332826.0435148114,59447.752264951996,0.0,59447.752264944975
