,GeneratorProfitDual,TotalCostDispatch,RTGeneratorProfitDual,gap,SSProfit
ObjectiveValue,31419.721947757098,33762.63248562346,31419.721947757098,313.84,31419.721947757025
