,GeneratorProfitDual,TotalCostDispatch,RTGeneratorProfitDual,gap,SSProfit
ObjectiveValue,3417.114878610173,47743.8927923327,3417.114878610173,23.9152,3417.1148786097056
