,GeneratorProfitDual,TotalCostDispatch,RTGeneratorProfitDual,gap,SSProfit
ObjectiveValue,5750.178928316696,200924.5813947374,5750.178928316696,21351.0,5750.178928313637
