,GeneratorProfitDual,TotalCostDispatch,RTGeneratorProfitDual,gap,SSProfit
ObjectiveValue,5750.178928318675,200924.58139473732,5750.178928318675,14908.5,5750.178928313637
