,GeneratorProfitDual,TotalCostDispatch,RTGeneratorProfitDual,gap,SSProfit
ObjectiveValue,23007.021918505405,136464.0225276644,23007.021918505405,7464.0,23007.021918504706
