,GeneratorProfitDual,TotalCostDispatch,RTGeneratorProfitDual,gap,SSProfit
ObjectiveValue,40976.659422638884,210769.04794029874,40976.659422638884,34417.5,42982.821352617655
