,GeneratorProfitDual,TotalCostDispatch,RTGeneratorProfitDual,gap,SSProfit
ObjectiveValue,54272.11216237296,210654.39505871088,54272.11216237296,43673.1,55212.476827285434
