,GeneratorProfitDual,TotalCostDispatch,RTGeneratorProfitDual,gap,SSProfit
ObjectiveValue,38028.35246126005,216996.3848517393,38028.35246126005,391.043,38076.567849012594
