,GeneratorProfitDual,TotalCostDispatch,RTGeneratorProfitDual,gap,SSProfit
ObjectiveValue,3250.1545802813243,451337.15135002835,3250.1545802813243,0.0,3250.1545802788896
