,GeneratorProfitDual,TotalCostDispatch,RTGeneratorProfitDual,gap,SSProfit
ObjectiveValue,56364.5148384915,120491.52554009792,56364.5148384915,651.402,56502.96303445511
