,GeneratorProfitDual,TotalCostDispatch,RTGeneratorProfitDual,gap,SSProfit
ObjectiveValue,23189.36211924517,113639.07847559682,23189.36211924517,4996.36,23189.362119244324
