,GeneratorProfitDual,TotalCostDispatch,RTGeneratorProfitDual,gap,SSProfit
ObjectiveValue,23189.362119245394,113639.07847559679,23189.362119245394,667.855,23189.362119244342
