,GeneratorProfitDual,TotalCostDispatch,RTGeneratorProfitDual,gap,SSProfit
ObjectiveValue,21940.13652088878,113633.20394843894,21940.13652088878,469.439,21980.16417006952
