,GeneratorProfitDual,TotalCostDispatch,RTGeneratorProfitDual,gap,SSProfit
ObjectiveValue,105011.63963014969,265386.0255985649,105011.63963014969,381.972,105145.8913779191
