,GeneratorProfitDual,TotalCostDispatch,RTGeneratorProfitDual,gap,SSProfit
ObjectiveValue,22620.51419955719,63042.28741766184,22620.51419955719,295.541,22597.995384963047
