,GeneratorProfitDual,TotalCostDispatch,RTGeneratorProfitDual,gap,SSProfit
ObjectiveValue,22011.745695441652,63042.287417663276,22011.745695441652,16987.6,22011.745695440608
