,GeneratorProfitDual,TotalCostDispatch,RTGeneratorProfitDual,gap,SSProfit
ObjectiveValue,82193.278939124,191984.36245421087,82193.278939124,13001.9,58206.625452564665
