,GeneratorProfitDual,TotalCostDispatch,RTGeneratorProfitDual,gap,SSProfit
ObjectiveValue,32576.468312710236,234944.39439368274,32576.468312710236,298.381,43335.552961606874
