,GeneratorProfitDual,TotalCostDispatch,RTGeneratorProfitDual,gap,SSProfit
ObjectiveValue,30949.54147604198,233946.0761227263,30949.54147604198,2943.45,31383.386081728273
