,GeneratorProfitDual,TotalCostDispatch,RTGeneratorProfitDual,gap,SSProfit
ObjectiveValue,761.7489790805638,51983.186779299875,761.7489790805638,0.0,761.7489790798363
