,GeneratorProfitDual,TotalCostDispatch,RTGeneratorProfitDual,gap,SSProfit
ObjectiveValue,3280.9743049400404,124452.29529091668,3280.9743049400404,11.1347,3280.9743049395183
