,GeneratorProfitDual,TotalCostDispatch,RTGeneratorProfitDual,gap,SSProfit
ObjectiveValue,25169.718571635138,45149.11601709108,25169.718571635138,140.459,52788.87744143297
