,GeneratorProfitDual,TotalCostDispatch,RTGeneratorProfitDual,gap,SSProfit
ObjectiveValue,7385.06862961497,366263.61015873274,7385.06862961497,72.2917,7385.068629610799
