,GeneratorProfitDual,TotalCostDispatch,RTGeneratorProfitDual,gap,SSProfit
ObjectiveValue,7792.425032682069,161008.87026865876,7792.425032682069,77.5186,7937.379774264089
