,GeneratorProfitDual,TotalCostDispatch,RTGeneratorProfitDual,gap,SSProfit
ObjectiveValue,4026.771198002801,306706.4630471898,4026.771198002801,0.0,4026.771198000035
