,GeneratorProfitDual,TotalCostDispatch,RTGeneratorProfitDual,gap,SSProfit
ObjectiveValue,7203.574930496093,37528.51431919953,7203.574930496093,71.427,7203.574930493677
