,GeneratorProfitDual,TotalCostDispatch,RTGeneratorProfitDual,gap,SSProfit
ObjectiveValue,7203.574930495726,37528.514319199625,7203.574930495726,36.7247,7203.574930493707
