,GeneratorProfitDual,TotalCostDispatch,RTGeneratorProfitDual,gap,SSProfit
ObjectiveValue,-1948164283.900512,23194.143492006373,-1948164283.900512,0.0,18530017.710562546
