,GeneratorProfitDual,TotalCostDispatch,RTGeneratorProfitDual,gap,SSProfit
ObjectiveValue,3661.4046503166583,59293.515023797394,3661.4046503166583,376.159,3661.404650314492
