,GeneratorProfitDual,TotalCostDispatch,RTGeneratorProfitDual,gap,SSProfit
ObjectiveValue,-10142.987843983788,148685.85476820555,-10142.987843983788,0.0,7025.409981056362
