,GeneratorProfitDual,TotalCostDispatch,RTGeneratorProfitDual,gap,SSProfit
ObjectiveValue,6600.2055489958175,22925.412618424172,6600.2055489958175,57.4785,6600.205548995755
