,GeneratorProfitDual,TotalCostDispatch,RTGeneratorProfitDual,gap,SSProfit
ObjectiveValue,7754.125022548842,253316.29224923244,7754.125022548842,67.7106,7754.125022546964
