,GeneratorProfitDual,TotalCostDispatch,RTGeneratorProfitDual,gap,SSProfit
ObjectiveValue,22269.90692802427,120369.12545805509,22269.90692802427,0.0,22269.90692802056
