,GeneratorProfitDual,TotalCostDispatch,RTGeneratorProfitDual,gap,SSProfit
ObjectiveValue,-1960288840.5784385,36669.749131004544,-1960288840.5784385,0.0,11345571.206963876
