,GeneratorProfitDual,TotalCostDispatch,RTGeneratorProfitDual,gap,SSProfit
ObjectiveValue,-1936576492.2259347,133179.98587751563,-1936576492.2259347,0.0,6493557.371226175
