,GeneratorProfitDual,TotalCostDispatch,RTGeneratorProfitDual,gap,SSProfit
ObjectiveValue,3002.1321804232625,20020.4914962326,3002.1321804232625,6.25313,3002.132180421814
