,GeneratorProfitDual,TotalCostDispatch,RTGeneratorProfitDual,gap,SSProfit
ObjectiveValue,4703.991842602665,405222.5632764605,4703.991842602665,0.185059,4703.991842600186
