,GeneratorProfitDual,TotalCostDispatch,RTGeneratorProfitDual,gap,SSProfit
ObjectiveValue,24705.722870778864,81499.93695391965,24705.722870778864,305.216,24699.66311601754
