,GeneratorProfitDual,TotalCostDispatch,RTGeneratorProfitDual,gap,SSProfit
ObjectiveValue,24705.722870779107,81499.93695391963,24705.722870779107,261.704,24699.663116017637
