,GeneratorProfitDual,TotalCostDispatch,RTGeneratorProfitDual,gap,SSProfit
ObjectiveValue,25407.649410522492,55198.16437155006,25407.649410522492,315.17,25407.649410521
