,GeneratorProfitDual,TotalCostDispatch,RTGeneratorProfitDual,gap,SSProfit
ObjectiveValue,35701.87783111554,98807.16695193082,35701.87783111554,327.979,35705.6588996841
