,GeneratorProfitDual,TotalCostDispatch,RTGeneratorProfitDual,gap,SSProfit
ObjectiveValue,35705.65889968489,98803.38588336144,35705.65889968489,14272.5,35705.6588996841
