,GeneratorProfitDual,TotalCostDispatch,RTGeneratorProfitDual,gap,SSProfit
ObjectiveValue,19044.00112850748,136464.02252766138,19044.00112850748,3991.39,19042.64060150474
