,GeneratorProfitDual,TotalCostDispatch,RTGeneratorProfitDual,gap,SSProfit
ObjectiveValue,43211.513325124266,46041.605289440384,43211.513325124266,22692.7,43211.513325123335
