,GeneratorProfitDual,TotalCostDispatch,RTGeneratorProfitDual,gap,SSProfit
ObjectiveValue,42883.622292825115,45881.45364351758,42883.622292825115,22350.4,42883.622292823435
