,GeneratorProfitDual,TotalCostDispatch,RTGeneratorProfitDual,gap,SSProfit
ObjectiveValue,42883.62229282438,45881.45364351826,42883.62229282438,9421.29,42883.622292823566
