,GeneratorProfitDual,TotalCostDispatch,RTGeneratorProfitDual,gap,SSProfit
ObjectiveValue,29528.834947604322,55106.34597819217,29528.834947604322,267.175,29528.834947603726
