,GeneratorProfitDual,TotalCostDispatch,RTGeneratorProfitDual,gap,SSProfit
ObjectiveValue,-14882268363.649342,123017.77305600455,-14882268363.649342,0.0,-55559301.14982963
