,GeneratorProfitDual,TotalCostDispatch,RTGeneratorProfitDual,gap,SSProfit
ObjectiveValue,90614.694613392,166728.24471830478,90614.694613392,78127.3,90614.69461338167
