,GeneratorProfitDual,TotalCostDispatch,RTGeneratorProfitDual,gap,SSProfit
ObjectiveValue,90614.69461338455,166728.2447183125,90614.69461338455,60726.3,90614.69461338167
