,GeneratorProfitDual,TotalCostDispatch,RTGeneratorProfitDual,gap,SSProfit
ObjectiveValue,55811.3812383972,436875.1544783348,55811.3812383972,574.046,56043.96797000223
