,GeneratorProfitDual,TotalCostDispatch,RTGeneratorProfitDual,gap,SSProfit
ObjectiveValue,55969.51112241086,436922.6856694132,55969.51112241086,469.825,56042.11514166866
