,GeneratorProfitDual,TotalCostDispatch,RTGeneratorProfitDual,gap,SSProfit
ObjectiveValue,55796.00176089484,436873.4868609549,55796.00176089484,569.637,56028.58849249964
