,GeneratorProfitDual,TotalCostDispatch,RTGeneratorProfitDual,gap,SSProfit
ObjectiveValue,-1734970888.6799698,246547.1758022939,-1734970888.6799698,0.0,11476012.481293414
