,GeneratorProfitDual,TotalCostDispatch,RTGeneratorProfitDual,gap,SSProfit
ObjectiveValue,7860.992611163589,397480.7756393686,7860.992611163589,67.5885,8053.542396000002
