,GeneratorProfitDual,TotalCostDispatch,RTGeneratorProfitDual,gap,SSProfit
ObjectiveValue,13833.507128507837,501450.4481891924,13833.507128507837,16.7982,13833.507128504516
