,GeneratorProfitDual,TotalCostDispatch,RTGeneratorProfitDual,gap,SSProfit
ObjectiveValue,-1915941054.5282714,70958.5603976285,-1915941054.5282714,0.0,17358519.64824147
