,GeneratorProfitDual,TotalCostDispatch,RTGeneratorProfitDual,gap,SSProfit
ObjectiveValue,6879.331972187223,180018.3901160422,6879.331972187223,65.7444,6879.331972183778
