,GeneratorProfitDual,TotalCostDispatch,RTGeneratorProfitDual,gap,SSProfit
ObjectiveValue,6502.818126381353,55325.93969610943,6502.818126381353,2473.77,6502.818126380427
