,GeneratorProfitDual,TotalCostDispatch,RTGeneratorProfitDual,gap,SSProfit
ObjectiveValue,45934.33007229815,261389.70691416544,45934.33007229815,18725.0,46219.815164974294
