,GeneratorProfitDual,TotalCostDispatch,RTGeneratorProfitDual,gap,SSProfit
ObjectiveValue,16126.876907860116,551000.560032491,16126.876907860116,159.546,16126.87690785529
