,GeneratorProfitDual,TotalCostDispatch,RTGeneratorProfitDual,gap,SSProfit
ObjectiveValue,16126.876907859596,551000.5600324918,16126.876907859596,163.05,16126.876907854916
