,GeneratorProfitDual,TotalCostDispatch,RTGeneratorProfitDual,gap,SSProfit
ObjectiveValue,54749.83291764991,263404.61327972414,54749.83291764991,521.691,54749.83291764879
