,GeneratorProfitDual,TotalCostDispatch,RTGeneratorProfitDual,gap,SSProfit
ObjectiveValue,15094.302485459279,34810.52255033493,15094.302485459279,0.0,35595.02041240058
