,GeneratorProfitDual,TotalCostDispatch,RTGeneratorProfitDual,gap,SSProfit
ObjectiveValue,4564.293041792374,56399.69282470653,4564.293041792374,2.74505,4579.505172084309
