,GeneratorProfitDual,TotalCostDispatch,RTGeneratorProfitDual,gap,SSProfit
ObjectiveValue,66618.71061686377,410665.76848237077,66618.71061686377,0.0,66932.94914994403
