,GeneratorProfitDual,TotalCostDispatch,RTGeneratorProfitDual,gap,SSProfit
ObjectiveValue,46004.83190504593,117352.62354836587,46004.83190504593,1992.19,46004.831905044965
