,GeneratorProfitDual,TotalCostDispatch,RTGeneratorProfitDual,gap,SSProfit
ObjectiveValue,77342.49069410663,376383.075026405,77342.49069410663,918.114,77368.90196704613
