,GeneratorProfitDual,TotalCostDispatch,RTGeneratorProfitDual,gap,SSProfit
ObjectiveValue,-324.5773265230662,74391.69264122033,-324.5773265230662,67212.4,4105.812647431972
