,GeneratorProfitDual,TotalCostDispatch,RTGeneratorProfitDual,gap,SSProfit
ObjectiveValue,2239.6255475577627,20691.460157045887,2239.6255475577627,0.0,2239.6255475573003
