,GeneratorProfitDual,TotalCostDispatch,RTGeneratorProfitDual,gap,SSProfit
ObjectiveValue,7983.880163872031,311930.818984801,7983.880163872031,47.2585,7983.880163880107
