,GeneratorProfitDual,TotalCostDispatch,RTGeneratorProfitDual,gap,SSProfit
ObjectiveValue,5751.072117222288,18971.581678145365,5751.072117222288,40.3395,5751.072117220513
