,GeneratorProfitDual,TotalCostDispatch,RTGeneratorProfitDual,gap,SSProfit
ObjectiveValue,5751.072117222244,18971.581678145438,5751.072117222244,0.0,5751.072117220513
