,GeneratorProfitDual,TotalCostDispatch,RTGeneratorProfitDual,gap,SSProfit
ObjectiveValue,21526.061822361284,99305.63867022474,21526.061822361284,443.171,21680.004160939185
