,GeneratorProfitDual,TotalCostDispatch,RTGeneratorProfitDual,gap,SSProfit
ObjectiveValue,21526.061822361287,99305.63867022477,21526.061822361287,2194.23,21680.004160939177
