,GeneratorProfitDual,TotalCostDispatch,RTGeneratorProfitDual,gap,SSProfit
ObjectiveValue,3964.2513577461996,188280.551229286,3964.2513577461996,0.0,3964.3813170000135
