,GeneratorProfitDual,TotalCostDispatch,RTGeneratorProfitDual,gap,SSProfit
ObjectiveValue,7703.895937067023,282340.43568594195,7703.895937067023,54.634,7873.646806648636
