,GeneratorProfitDual,TotalCostDispatch,RTGeneratorProfitDual,gap,SSProfit
ObjectiveValue,2501.220276002299,405222.5632764604,2501.220276002299,0.0,2501.220275999991
