,GeneratorProfitDual,TotalCostDispatch,RTGeneratorProfitDual,gap,SSProfit
ObjectiveValue,5670.447773103896,16265.829440746544,5670.447773103896,34.3937,5670.447773103011
