,GeneratorProfitDual,TotalCostDispatch,RTGeneratorProfitDual,gap,SSProfit
ObjectiveValue,248.74710471788353,475644.9389764309,248.74710471788353,,212.02375390100548
