,GeneratorProfitDual,TotalCostDispatch,RTGeneratorProfitDual,gap,SSProfit
ObjectiveValue,34829.33771688126,249393.47615985357,34829.33771688126,83.6839,37175.22637502695
