,GeneratorProfitDual,TotalCostDispatch,RTGeneratorProfitDual,gap,SSProfit
ObjectiveValue,26656.424333562765,187071.38854442566,26656.424333562765,5639.71,27145.156307847574
