,GeneratorProfitDual,TotalCostDispatch,RTGeneratorProfitDual,gap,SSProfit
ObjectiveValue,76604.21434401312,172202.77939434946,76604.21434401312,765.522,76604.21434401184
