,GeneratorProfitDual,TotalCostDispatch,RTGeneratorProfitDual,gap,SSProfit
ObjectiveValue,53050.34810256279,169246.3940024662,53050.34810256279,772.438,54725.06966687459
