,GeneratorProfitDual,TotalCostDispatch,RTGeneratorProfitDual,gap,SSProfit
ObjectiveValue,87170.3779196391,260716.20376410292,87170.3779196391,145.98,87170.37791963812
