,GeneratorProfitDual,TotalCostDispatch,RTGeneratorProfitDual,gap,SSProfit
ObjectiveValue,86607.16000328676,261192.1961724599,86607.16000328676,756.692,86607.16000328622
