,GeneratorProfitDual,TotalCostDispatch,RTGeneratorProfitDual,gap,SSProfit
ObjectiveValue,87196.13764636991,260592.15453105923,87196.13764636991,536.738,87196.1972828713
