,GeneratorProfitDual,TotalCostDispatch,RTGeneratorProfitDual,gap,SSProfit
ObjectiveValue,65514.125419936674,260570.98835345393,65514.125419936674,175.784,65514.12541993621
