,GeneratorProfitDual,TotalCostDispatch,RTGeneratorProfitDual,gap,SSProfit
ObjectiveValue,7025.198798405715,210672.22102633907,7025.198798405715,10.2172,7331.341220692731
