,GeneratorProfitDual,TotalCostDispatch,RTGeneratorProfitDual,gap,SSProfit
ObjectiveValue,12415.004453796088,79252.53120385551,12415.004453796088,292.126,12415.004453795524
