,GeneratorProfitDual,TotalCostDispatch,RTGeneratorProfitDual,gap,SSProfit
ObjectiveValue,12415.004453798563,79252.53120385314,12415.004453798563,41365.8,12415.004453795555
