,GeneratorProfitDual,TotalCostDispatch,RTGeneratorProfitDual,gap,SSProfit
ObjectiveValue,51403.56911031273,302679.6918491896,51403.56911031273,8180.48,51403.569110310316
