,GeneratorProfitDual,TotalCostDispatch,RTGeneratorProfitDual,gap,SSProfit
ObjectiveValue,51428.8360403116,302679.69184918934,51428.8360403116,8771.37,51403.56911031024
