,GeneratorProfitDual,TotalCostDispatch,RTGeneratorProfitDual,gap,SSProfit
ObjectiveValue,-19435262046.254803,311966.41293214704,-19435262046.254803,0.0,-30030439.46548409
