,GeneratorProfitDual,TotalCostDispatch,RTGeneratorProfitDual,gap,SSProfit
ObjectiveValue,28769.790778252143,60535.86894922926,28769.790778252143,763.987,30031.131430088444
