,GeneratorProfitDual,TotalCostDispatch,RTGeneratorProfitDual,gap,SSProfit
ObjectiveValue,8375.247108491536,59121.61131059874,8375.247108491536,20746.1,8824.965933909052
