,GeneratorProfitDual,TotalCostDispatch,RTGeneratorProfitDual,gap,SSProfit
ObjectiveValue,-1714179911.8821733,56167.472725234955,-1714179911.8821733,0.0,20316920.99186438
