,GeneratorProfitDual,TotalCostDispatch,RTGeneratorProfitDual,gap,SSProfit
ObjectiveValue,-1930046331.8398898,58305.5120334697,-1930046331.8398898,0.0,13299583.480366219
