,GeneratorProfitDual,TotalCostDispatch,RTGeneratorProfitDual,gap,SSProfit
ObjectiveValue,-1930044387.2689342,56360.94107793752,-1930044387.2689342,0.0,13465946.972970013
