,GeneratorProfitDual,TotalCostDispatch,RTGeneratorProfitDual,gap,SSProfit
ObjectiveValue,55122.36245168256,129981.34938138662,55122.36245168256,550.586,55122.36245168189
