,GeneratorProfitDual,TotalCostDispatch,RTGeneratorProfitDual,gap,SSProfit
ObjectiveValue,3765.226537927624,171509.239719697,3765.226537927624,0.0,3960.8171952567204
