,GeneratorProfitDual,TotalCostDispatch,RTGeneratorProfitDual,gap,SSProfit
ObjectiveValue,13995.161385654188,78930.74202073441,13995.161385654188,6607.38,13995.161385653477
