,GeneratorProfitDual,TotalCostDispatch,RTGeneratorProfitDual,gap,SSProfit
ObjectiveValue,7965.860000645559,306458.0142683835,7965.860000645559,25.848,7965.860000645053
