,GeneratorProfitDual,TotalCostDispatch,RTGeneratorProfitDual,gap,SSProfit
ObjectiveValue,26021.95924370999,82639.46130409831,26021.95924370999,8354.23,26021.95924370562
