,GeneratorProfitDual,TotalCostDispatch,RTGeneratorProfitDual,gap,SSProfit
ObjectiveValue,26021.959243710833,82639.46130409795,26021.959243710833,74884.3,26021.95924370562
