,GeneratorProfitDual,TotalCostDispatch,RTGeneratorProfitDual,gap,SSProfit
ObjectiveValue,55261.79047760157,55064.28710932295,55261.79047760157,50421.3,55261.790477600975
