,GeneratorProfitDual,TotalCostDispatch,RTGeneratorProfitDual,gap,SSProfit
ObjectiveValue,54609.65380672255,55058.978880432456,54609.65380672255,12395.0,54609.653806721646
