,GeneratorProfitDual,TotalCostDispatch,RTGeneratorProfitDual,gap,SSProfit
ObjectiveValue,55261.79047760141,55064.28710932292,55261.79047760141,16353.2,55261.79047760101
