,GeneratorProfitDual,TotalCostDispatch,RTGeneratorProfitDual,gap,SSProfit
ObjectiveValue,3532.488284540991,146094.17380044,3532.488284540991,5035.1,4975.9794710149745
