,GeneratorProfitDual,TotalCostDispatch,RTGeneratorProfitDual,gap,SSProfit
ObjectiveValue,18331.917175696446,47648.56562342261,18331.917175696446,8057.25,18331.917175693587
