,GeneratorProfitDual,TotalCostDispatch,RTGeneratorProfitDual,gap,SSProfit
ObjectiveValue,18331.917175696304,47648.565623422815,18331.917175696304,18134.5,18331.91717569358
