,GeneratorProfitDual,TotalCostDispatch,RTGeneratorProfitDual,gap,SSProfit
ObjectiveValue,1261.5917360929434,1116.9805547465924,1261.5917360929434,0.0,1261.5917360929225
