,GeneratorProfitDual,TotalCostDispatch,RTGeneratorProfitDual,gap,SSProfit
ObjectiveValue,80.08444508984508,484001.40398689307,80.08444508984508,0.0,80.08444508458217
