,GeneratorProfitDual,TotalCostDispatch,RTGeneratorProfitDual,gap,SSProfit
ObjectiveValue,3899.676887222019,84682.35829585865,3899.676887222019,18.8223,3952.3028490253937
