,GeneratorProfitDual,TotalCostDispatch,RTGeneratorProfitDual,gap,SSProfit
ObjectiveValue,-1960989856.5326588,62923.13582563745,-1960989856.5326588,0.0,10017256.84557259
