,GeneratorProfitDual,TotalCostDispatch,RTGeneratorProfitDual,gap,SSProfit
ObjectiveValue,8096.794698118437,55074.178966846885,8096.794698118437,69432.2,18308.99983412049
