,GeneratorProfitDual,TotalCostDispatch,RTGeneratorProfitDual,gap,SSProfit
ObjectiveValue,21724.821579103864,55166.740036938245,21724.821579103864,13133.9,21876.873749096267
