,GeneratorProfitDual,TotalCostDispatch,RTGeneratorProfitDual,gap,SSProfit
ObjectiveValue,21451.813063160174,55155.03965378956,21451.813063160174,20864.1,21614.762382346373
