,GeneratorProfitDual,TotalCostDispatch,RTGeneratorProfitDual,gap,SSProfit
ObjectiveValue,47495.90347450245,30478.60114719169,47495.90347450245,6867.73,47495.90347450187
