,GeneratorProfitDual,TotalCostDispatch,RTGeneratorProfitDual,gap,SSProfit
ObjectiveValue,48532.82390969341,31518.729017079087,48532.82390969341,485.015,48532.82390969341
