,GeneratorProfitDual,TotalCostDispatch,RTGeneratorProfitDual,gap,SSProfit
ObjectiveValue,48532.823909693776,31518.72901707858,48532.823909693776,485.217,48532.823909693565
