,GeneratorProfitDual,TotalCostDispatch,RTGeneratorProfitDual,gap,SSProfit
ObjectiveValue,20049.61469532886,452027.92406948836,20049.61469532886,200.425,20265.58243940064
