,GeneratorProfitDual,TotalCostDispatch,RTGeneratorProfitDual,gap,SSProfit
ObjectiveValue,20049.614695238997,452027.9240694882,20049.614695238997,199.749,20265.582439391903
