,GeneratorProfitDual,TotalCostDispatch,RTGeneratorProfitDual,gap,SSProfit
ObjectiveValue,14008.885917482316,63663.64885914098,14008.885917482316,9166.07,14008.885917481542
