,GeneratorProfitDual,TotalCostDispatch,RTGeneratorProfitDual,gap,SSProfit
ObjectiveValue,14008.885917482168,63663.64885914098,14008.885917482168,218.259,14008.885917481495
