,GeneratorProfitDual,TotalCostDispatch,RTGeneratorProfitDual,gap,SSProfit
ObjectiveValue,14008.885917482103,63663.648859141,14008.885917482103,220.503,14008.885917481506
