,GeneratorProfitDual,TotalCostDispatch,RTGeneratorProfitDual,gap,SSProfit
ObjectiveValue,5616.950770518469,711500.0186900983,5616.950770518469,53.1539,5673.559273958519
