,GeneratorProfitDual,TotalCostDispatch,RTGeneratorProfitDual,gap,SSProfit
ObjectiveValue,5380.683502197291,711743.4402014703,5380.683502197291,21.1195,5380.683502200836
