,GeneratorProfitDual,TotalCostDispatch,RTGeneratorProfitDual,gap,SSProfit
ObjectiveValue,12839.900654501567,496496.093611198,12839.900654501567,109.376,12940.36498219514
