,GeneratorProfitDual,TotalCostDispatch,RTGeneratorProfitDual,gap,SSProfit
ObjectiveValue,12785.460812759733,496570.98981800996,12785.460812759733,55.0229,12840.537018980465
