,GeneratorProfitDual,TotalCostDispatch,RTGeneratorProfitDual,gap,SSProfit
ObjectiveValue,786.5789670003264,21642.36835146573,786.5789670003264,0.0,786.5789669999998
