,GeneratorProfitDual,TotalCostDispatch,RTGeneratorProfitDual,gap,SSProfit
ObjectiveValue,747.2479715760035,327915.93547726027,747.2479715760035,2.17102,863.8187849546587
