,GeneratorProfitDual,TotalCostDispatch,RTGeneratorProfitDual,gap,SSProfit
ObjectiveValue,-16033785909.173529,406995.5315209637,-16033785909.173529,0.0,-28959479.891164657
