,GeneratorProfitDual,TotalCostDispatch,RTGeneratorProfitDual,gap,SSProfit
ObjectiveValue,19538.834766962686,534149.9378572123,19538.834766962686,133.333,19569.86260277546
