,GeneratorProfitDual,TotalCostDispatch,RTGeneratorProfitDual,gap,SSProfit
ObjectiveValue,19468.137110433945,534172.1812055114,19468.137110433945,155.514,19517.603221687652
