,GeneratorProfitDual,TotalCostDispatch,RTGeneratorProfitDual,gap,SSProfit
ObjectiveValue,-2872.642995880443,534088.8903656346,-2872.642995880443,6.37358,703.5989856242721
