,GeneratorProfitDual,TotalCostDispatch,RTGeneratorProfitDual,gap,SSProfit
ObjectiveValue,66312.46770395509,200528.67003418595,66312.46770395509,3991.59,66312.4677039536
