,GeneratorProfitDual,TotalCostDispatch,RTGeneratorProfitDual,gap,SSProfit
ObjectiveValue,66312.46770395746,200528.6700341832,66312.46770395746,3427.56,66312.46770395355
