,GeneratorProfitDual,TotalCostDispatch,RTGeneratorProfitDual,gap,SSProfit
ObjectiveValue,-1767756380.7039676,65097.23051083162,-1767756380.7039676,0.0,21310414.35203904
