,GeneratorProfitDual,TotalCostDispatch,RTGeneratorProfitDual,gap,SSProfit
ObjectiveValue,2362.4558322175167,12356.376321222124,2362.4558322175167,0.0,2362.4558322172315
