,GeneratorProfitDual,TotalCostDispatch,RTGeneratorProfitDual,gap,SSProfit
ObjectiveValue,-15548396053.179077,342809.45901177626,-15548396053.179077,0.0,-7681839.381866211
