,GeneratorProfitDual,TotalCostDispatch,RTGeneratorProfitDual,gap,SSProfit
ObjectiveValue,56503.91840000638,32177.64575804284,56503.91840000638,537.927,74470.69036404965
