,GeneratorProfitDual,TotalCostDispatch,RTGeneratorProfitDual,gap,SSProfit
ObjectiveValue,36725.054467910406,249396.170003317,36725.054467910406,68.0686,36930.3081757902
