,GeneratorProfitDual,TotalCostDispatch,RTGeneratorProfitDual,gap,SSProfit
ObjectiveValue,6140.518910326548,47648.56562342471,6140.518910326548,4.59602,6140.518910325763
