,GeneratorProfitDual,TotalCostDispatch,RTGeneratorProfitDual,gap,SSProfit
ObjectiveValue,8005.16935737342,191381.39697162725,8005.16935737342,0.0,8005.169357372829
