,GeneratorProfitDual,TotalCostDispatch,RTGeneratorProfitDual,gap,SSProfit
ObjectiveValue,81744.40680149377,484001.40398689354,81744.40680149377,806.732,81771.17031119076
