,GeneratorProfitDual,TotalCostDispatch,RTGeneratorProfitDual,gap,SSProfit
ObjectiveValue,65517.95385733093,191058.87904882486,65517.95385733093,12882.0,65517.95385732993
