,GeneratorProfitDual,TotalCostDispatch,RTGeneratorProfitDual,gap,SSProfit
ObjectiveValue,56187.05767117039,54931.95315938366,56187.05767117039,22839.6,56187.05767116993
