,GeneratorProfitDual,TotalCostDispatch,RTGeneratorProfitDual,gap,SSProfit
ObjectiveValue,37865.30329500728,49937.15219950994,37865.30329500728,26472.8,38547.90721845442
