,GeneratorProfitDual,TotalCostDispatch,RTGeneratorProfitDual,gap,SSProfit
ObjectiveValue,15792.937728955216,36308.183171809855,15792.937728955216,3207.56,15792.937728954676
