,GeneratorProfitDual,TotalCostDispatch,RTGeneratorProfitDual,gap,SSProfit
ObjectiveValue,18133.117072548524,45565.4276087779,18133.117072548524,178.482,18133.11707254804
