,GeneratorProfitDual,TotalCostDispatch,RTGeneratorProfitDual,gap,SSProfit
ObjectiveValue,59926.67223061554,490809.45371447864,59926.67223061554,1386.87,59926.672230610944
