,GeneratorProfitDual,TotalCostDispatch,RTGeneratorProfitDual,gap,SSProfit
ObjectiveValue,59926.672230610835,490809.45371447963,59926.672230610835,3938.96,59926.67223061097
