,GeneratorProfitDual,TotalCostDispatch,RTGeneratorProfitDual,gap,SSProfit
ObjectiveValue,-16493935680.57767,256964.6199446871,-16493935680.57767,0.0,-29485904.548645627
