,GeneratorProfitDual,TotalCostDispatch,RTGeneratorProfitDual,gap,SSProfit
ObjectiveValue,81335.94037325954,381236.3346887252,81335.94037325954,6408.77,82228.54188082986
