,GeneratorProfitDual,TotalCostDispatch,RTGeneratorProfitDual,gap,SSProfit
ObjectiveValue,73338.28805157117,380364.8893389976,73338.28805157117,5695.03,73404.03027113849
