,GeneratorProfitDual,TotalCostDispatch,RTGeneratorProfitDual,gap,SSProfit
ObjectiveValue,-1714806958.1263306,336487.5775939982,-1714806958.1263306,0.0,726012.3245799592
