,GeneratorProfitDual,TotalCostDispatch,RTGeneratorProfitDual,gap,SSProfit
ObjectiveValue,5764.736616151322,48992.239391237796,5764.736616151322,0.0,5938.680968329691
