,GeneratorProfitDual,TotalCostDispatch,RTGeneratorProfitDual,gap,SSProfit
ObjectiveValue,1868.3852935974878,10042.858723366298,1868.3852935974878,0.0,1868.3852935973491
