,GeneratorProfitDual,TotalCostDispatch,RTGeneratorProfitDual,gap,SSProfit
ObjectiveValue,3393.5255026449154,51616.40818941826,3393.5255026449154,3.86639,3393.525502644419
