,GeneratorProfitDual,TotalCostDispatch,RTGeneratorProfitDual,gap,SSProfit
ObjectiveValue,3453.8039696624796,142536.67533195636,3453.8039696624796,5785.88,3622.4557769376297
