,GeneratorProfitDual,TotalCostDispatch,RTGeneratorProfitDual,gap,SSProfit
ObjectiveValue,7176.120339429932,65188.36851828252,7176.120339429932,61.7222,7176.120339428992
