,GeneratorProfitDual,TotalCostDispatch,RTGeneratorProfitDual,gap,SSProfit
ObjectiveValue,-16379518073.217445,270426.2957049607,-16379518073.217445,0.0,-26177197.69809708
