,GeneratorProfitDual,TotalCostDispatch,RTGeneratorProfitDual,gap,SSProfit
ObjectiveValue,23508.01745149961,120399.12423007624,23508.01745149961,234.549,23628.251884566598
