,GeneratorProfitDual,TotalCostDispatch,RTGeneratorProfitDual,gap,SSProfit
ObjectiveValue,23646.878615061483,120367.3500209765,23646.878615061483,46.8847,23646.878615060916
