,GeneratorProfitDual,TotalCostDispatch,RTGeneratorProfitDual,gap,SSProfit
ObjectiveValue,100085.11257044296,166772.31998557693,100085.11257044296,8080.28,100085.11257044095
