,GeneratorProfitDual,TotalCostDispatch,RTGeneratorProfitDual,gap,SSProfit
ObjectiveValue,100156.82879259513,166752.5076719174,100156.82879259513,26336.7,100156.82879259334
