,GeneratorProfitDual,TotalCostDispatch,RTGeneratorProfitDual,gap,SSProfit
ObjectiveValue,100131.11956321874,166752.50767191738,100131.11956321874,12354.7,100131.11956321662
