,GeneratorProfitDual,TotalCostDispatch,RTGeneratorProfitDual,gap,SSProfit
ObjectiveValue,9712.301641872635,341671.7993052126,9712.301641872635,97.0761,9712.301641870912
