,GeneratorProfitDual,TotalCostDispatch,RTGeneratorProfitDual,gap,SSProfit
ObjectiveValue,9712.30164187188,341671.799305213,9712.30164187188,64.7688,9712.301641870825
