,GeneratorProfitDual,TotalCostDispatch,RTGeneratorProfitDual,gap,SSProfit
ObjectiveValue,-1998919507.050093,29144.764035794156,-1998919507.050093,0.0,15782615.873683682
