,GeneratorProfitDual,TotalCostDispatch,RTGeneratorProfitDual,gap,SSProfit
ObjectiveValue,23466.288347264664,251059.08226762246,23466.288347264664,22.7876,23640.32681099481
