,GeneratorProfitDual,TotalCostDispatch,RTGeneratorProfitDual,gap,SSProfit
ObjectiveValue,16274.86646799429,258313.91099304133,16274.86646799429,6072.39,16274.866467992964
