,GeneratorProfitDual,TotalCostDispatch,RTGeneratorProfitDual,gap,SSProfit
ObjectiveValue,14981.180692975517,64679.33426736882,14981.180692975517,8996.46,15085.576102465202
