,GeneratorProfitDual,TotalCostDispatch,RTGeneratorProfitDual,gap,SSProfit
ObjectiveValue,42084.10235456468,136799.89675286278,42084.10235456468,418.867,42084.102354564166
