,GeneratorProfitDual,TotalCostDispatch,RTGeneratorProfitDual,gap,SSProfit
ObjectiveValue,40675.44213777007,136162.7447869938,40675.44213777007,168.295,40698.65661558786
