,GeneratorProfitDual,TotalCostDispatch,RTGeneratorProfitDual,gap,SSProfit
ObjectiveValue,1534.515194044436,38274.43540018885,1534.515194044436,7961.05,1534.5151940431786
