,GeneratorProfitDual,TotalCostDispatch,RTGeneratorProfitDual,gap,SSProfit
ObjectiveValue,64347.335471160935,42446.12546428219,64347.335471160935,19831.2,64347.33544571009
