,GeneratorProfitDual,TotalCostDispatch,RTGeneratorProfitDual,gap,SSProfit
ObjectiveValue,1534.5151940435012,38274.435400189046,1534.5151940435012,23081.0,1534.5151940431138
