,GeneratorProfitDual,TotalCostDispatch,RTGeneratorProfitDual,gap,SSProfit
ObjectiveValue,68227.06697305375,40649.41403318206,68227.06697305375,15210.1,68227.06697340577
