,GeneratorProfitDual,TotalCostDispatch,RTGeneratorProfitDual,gap,SSProfit
ObjectiveValue,1868.3852935983377,18657.255503539665,1868.3852935983377,0.0,1868.3852935973496
