,GeneratorProfitDual,TotalCostDispatch,RTGeneratorProfitDual,gap,SSProfit
ObjectiveValue,39907.78222903917,529867.5755382561,39907.78222903917,209.56,39907.78222903613
