,GeneratorProfitDual,TotalCostDispatch,RTGeneratorProfitDual,gap,SSProfit
ObjectiveValue,6667.850847444039,43609.745052904174,6667.850847444039,16.3181,6667.850847443225
