,GeneratorProfitDual,TotalCostDispatch,RTGeneratorProfitDual,gap,SSProfit
ObjectiveValue,7673.216093687516,63661.33660309013,7673.216093687516,1237.06,7673.216093684962
