,GeneratorProfitDual,TotalCostDispatch,RTGeneratorProfitDual,gap,SSProfit
ObjectiveValue,7960.285104495932,297533.7902356214,7960.285104495932,5.56356,7981.868951384109
