,GeneratorProfitDual,TotalCostDispatch,RTGeneratorProfitDual,gap,SSProfit
ObjectiveValue,-1935210017.8433158,133212.32674464013,-1935210017.8433158,0.0,6497995.572240171
