,GeneratorProfitDual,TotalCostDispatch,RTGeneratorProfitDual,gap,SSProfit
ObjectiveValue,39797.56532207347,429026.3335944643,39797.56532207347,7645.69,39797.56532207188
