,GeneratorProfitDual,TotalCostDispatch,RTGeneratorProfitDual,gap,SSProfit
ObjectiveValue,50150.90617186819,137197.5046886381,50150.90617186819,485.016,50150.90617186692
