,GeneratorProfitDual,TotalCostDispatch,RTGeneratorProfitDual,gap,SSProfit
ObjectiveValue,50150.90617186885,137197.50468863812,50150.90617186885,17751.2,50150.90617186689
