,GeneratorProfitDual,TotalCostDispatch,RTGeneratorProfitDual,gap,SSProfit
ObjectiveValue,6921.115124450175,86888.60398660814,6921.115124450175,39.6239,6981.369011539147
