,GeneratorProfitDual,TotalCostDispatch,RTGeneratorProfitDual,gap,SSProfit
ObjectiveValue,8032.745769000525,302700.48847619176,8032.745769000525,20.7966,8032.745768999996
