,GeneratorProfitDual,TotalCostDispatch,RTGeneratorProfitDual,gap,SSProfit
ObjectiveValue,-1332.1716921549194,32449.105812488193,-1332.1716921549194,4.76779,3214.380350472315
