,GeneratorProfitDual,TotalCostDispatch,RTGeneratorProfitDual,gap,SSProfit
ObjectiveValue,-1950746136.324216,31881.943426637965,-1950746136.324216,0.0,17054728.22222634
