,GeneratorProfitDual,TotalCostDispatch,RTGeneratorProfitDual,gap,SSProfit
ObjectiveValue,48467.55043049651,198714.50904593378,48467.55043049651,0.0,49308.59177119444
