,GeneratorProfitDual,TotalCostDispatch,RTGeneratorProfitDual,gap,SSProfit
ObjectiveValue,46698.78951095678,199165.8647558324,46698.78951095678,41215.7,47405.66181034842
