,GeneratorProfitDual,TotalCostDispatch,RTGeneratorProfitDual,gap,SSProfit
ObjectiveValue,-16470805048.288424,256013.96699650944,-16470805048.288424,0.0,-12366207.30330879
