,GeneratorProfitDual,TotalCostDispatch,RTGeneratorProfitDual,gap,SSProfit
ObjectiveValue,6750.229063125215,38476.526201449145,6750.229063125215,3980.85,6750.2290631247915
