,GeneratorProfitDual,TotalCostDispatch,RTGeneratorProfitDual,gap,SSProfit
ObjectiveValue,1534.515194043493,38274.435400189046,1534.515194043493,373.078,1534.5151940430842
