,GeneratorProfitDual,TotalCostDispatch,RTGeneratorProfitDual,gap,SSProfit
ObjectiveValue,64418.948649128186,284805.70511664613,64418.948649128186,5132.62,64505.368221834295
