,GeneratorProfitDual,TotalCostDispatch,RTGeneratorProfitDual,gap,SSProfit
ObjectiveValue,108650.12109065671,368520.8228865863,108650.12109065671,1074.89,108650.18072721321
