,GeneratorProfitDual,TotalCostDispatch,RTGeneratorProfitDual,gap,SSProfit
ObjectiveValue,-2006638521.4779978,23194.143492006373,-2006638521.4779978,0.0,15849515.254702004
