,GeneratorProfitDual,TotalCostDispatch,RTGeneratorProfitDual,gap,SSProfit
ObjectiveValue,-4637.5315340810685,51304.31540996212,-4637.5315340810685,3444.0,3510.404755929821
