,GeneratorProfitDual,TotalCostDispatch,RTGeneratorProfitDual,gap,SSProfit
ObjectiveValue,2914.355179971459,41400.433459062784,2914.355179971459,18.958,2914.3551799691813
