,GeneratorProfitDual,TotalCostDispatch,RTGeneratorProfitDual,gap,SSProfit
ObjectiveValue,2914.355179969517,41400.43345906429,2914.355179969517,0.0,2914.3551799691654
