,GeneratorProfitDual,TotalCostDispatch,RTGeneratorProfitDual,gap,SSProfit
ObjectiveValue,21084.983500472437,113639.69720492011,21084.983500472437,0.0,21084.983500471815
