,GeneratorProfitDual,TotalCostDispatch,RTGeneratorProfitDual,gap,SSProfit
ObjectiveValue,19551.311696023604,113631.69330658569,19551.311696023604,426.794,19554.231377570977
