,GeneratorProfitDual,TotalCostDispatch,RTGeneratorProfitDual,gap,SSProfit
ObjectiveValue,2303.0550702392566,331830.14179709094,2303.0550702392566,21.2898,2581.101677261492
