,GeneratorProfitDual,TotalCostDispatch,RTGeneratorProfitDual,gap,SSProfit
ObjectiveValue,-7900.377454295434,303523.9793096921,-7900.377454295434,29643.9,2682.7210132190426
