,GeneratorProfitDual,TotalCostDispatch,RTGeneratorProfitDual,gap,SSProfit
ObjectiveValue,6148.008631620886,150897.7638490282,6148.008631620886,9879.76,8628.581863195703
