,GeneratorProfitDual,TotalCostDispatch,RTGeneratorProfitDual,gap,SSProfit
ObjectiveValue,102842.84192181952,174741.135660314,102842.84192181952,33832.9,102842.84192181706
