,GeneratorProfitDual,TotalCostDispatch,RTGeneratorProfitDual,gap,SSProfit
ObjectiveValue,55399.34198592565,250458.93879172814,55399.34198592565,557.34,55433.671105160814
