,GeneratorProfitDual,TotalCostDispatch,RTGeneratorProfitDual,gap,SSProfit
ObjectiveValue,55199.395521105,250460.7346873681,55199.395521105,556.363,55461.79441741232
