,GeneratorProfitDual,TotalCostDispatch,RTGeneratorProfitDual,gap,SSProfit
ObjectiveValue,68191.69831430023,187532.9746465401,68191.69831430023,681.912,68191.75795085967
