,GeneratorProfitDual,TotalCostDispatch,RTGeneratorProfitDual,gap,SSProfit
ObjectiveValue,68258.70786545651,187495.25606358057,68258.70786545651,682.162,68258.767501752
