,GeneratorProfitDual,TotalCostDispatch,RTGeneratorProfitDual,gap,SSProfit
ObjectiveValue,61813.34870569018,186682.73825602108,61813.34870569018,681.88,61813.40834219138
