,GeneratorProfitDual,TotalCostDispatch,RTGeneratorProfitDual,gap,SSProfit
ObjectiveValue,61492.14720801608,186644.72022766876,61492.14720801608,724.55,61529.48429678955
