,GeneratorProfitDual,TotalCostDispatch,RTGeneratorProfitDual,gap,SSProfit
ObjectiveValue,3630.8284234970056,233179.1639127504,3630.8284234970056,0.0,3641.029070363444
