,GeneratorProfitDual,TotalCostDispatch,RTGeneratorProfitDual,gap,SSProfit
ObjectiveValue,7200.99934639123,126275.57592934038,7200.99934639123,33320.7,7200.999346390514
