,GeneratorProfitDual,TotalCostDispatch,RTGeneratorProfitDual,gap,SSProfit
ObjectiveValue,7200.999346394009,126275.57592933756,7200.999346394009,6119.01,7200.999346390516
