,GeneratorProfitDual,TotalCostDispatch,RTGeneratorProfitDual,gap,SSProfit
ObjectiveValue,2389.829350285697,234988.3421815936,2389.829350285697,16.7338,3964.381316999989
