,GeneratorProfitDual,TotalCostDispatch,RTGeneratorProfitDual,gap,SSProfit
ObjectiveValue,35090.82332788999,282748.93752538017,35090.82332788999,365.069,35090.82332788689
