,GeneratorProfitDual,TotalCostDispatch,RTGeneratorProfitDual,gap,SSProfit
ObjectiveValue,35101.062027349115,282748.9375253798,35101.062027349115,3017.57,35081.4118499709
