,GeneratorProfitDual,TotalCostDispatch,RTGeneratorProfitDual,gap,SSProfit
ObjectiveValue,93044.63981552393,161342.78913480413,93044.63981552393,660.053,93044.63981552195
