,GeneratorProfitDual,TotalCostDispatch,RTGeneratorProfitDual,gap,SSProfit
ObjectiveValue,1868.3852935976226,26021.747557038983,1868.3852935976226,133.599,1868.3852935973496
