,GeneratorProfitDual,TotalCostDispatch,RTGeneratorProfitDual,gap,SSProfit
ObjectiveValue,1868.3852935986286,26021.74755703804,1868.3852935986286,21.8317,1868.3852935973605
