,GeneratorProfitDual,TotalCostDispatch,RTGeneratorProfitDual,gap,SSProfit
ObjectiveValue,1868.385293597777,26021.747557038878,1868.385293597777,467.141,1868.3852935973496
