,GeneratorProfitDual,TotalCostDispatch,RTGeneratorProfitDual,gap,SSProfit
ObjectiveValue,14660.56757552511,594070.6375843493,14660.56757552511,138.333,14794.839261498793
