,GeneratorProfitDual,TotalCostDispatch,RTGeneratorProfitDual,gap,SSProfit
ObjectiveValue,14715.165031703978,594066.6713086705,14715.165031703978,15.6505,14763.225792539548
