,GeneratorProfitDual,TotalCostDispatch,RTGeneratorProfitDual,gap,SSProfit
ObjectiveValue,84427.67278130524,368309.97416064003,84427.67278130524,1101.94,91996.53454107555
