,GeneratorProfitDual,TotalCostDispatch,RTGeneratorProfitDual,gap,SSProfit
ObjectiveValue,23228.69752319867,353573.4949593389,23228.69752319867,177.3,23228.697523196446
