,GeneratorProfitDual,TotalCostDispatch,RTGeneratorProfitDual,gap,SSProfit
ObjectiveValue,21225.571231506612,19123.341719813372,21225.571231506612,260.13,21225.571231506106
