,GeneratorProfitDual,TotalCostDispatch,RTGeneratorProfitDual,gap,SSProfit
ObjectiveValue,33570.945494063395,142584.7330814408,33570.945494063395,273.191,33570.94549406275
