,GeneratorProfitDual,TotalCostDispatch,RTGeneratorProfitDual,gap,SSProfit
ObjectiveValue,33570.945494063315,142584.73308144085,33570.945494063315,329.963,33570.94549406275
