,GeneratorProfitDual,TotalCostDispatch,RTGeneratorProfitDual,gap,SSProfit
ObjectiveValue,916.3672041325485,452943.68360528466,916.3672041325485,6.87453,916.3672041417617
