,GeneratorProfitDual,TotalCostDispatch,RTGeneratorProfitDual,gap,SSProfit
ObjectiveValue,40509.61626049714,98793.95565447751,40509.61626049714,29.1746,40510.56891733788
