,GeneratorProfitDual,TotalCostDispatch,RTGeneratorProfitDual,gap,SSProfit
ObjectiveValue,40678.43225115343,98803.29066238784,40678.43225115343,298.714,40678.43225115267
