,GeneratorProfitDual,TotalCostDispatch,RTGeneratorProfitDual,gap,SSProfit
ObjectiveValue,32669.877171866472,299106.5539911799,32669.877171866472,1349.61,33042.82453194428
