,GeneratorProfitDual,TotalCostDispatch,RTGeneratorProfitDual,gap,SSProfit
ObjectiveValue,23700.444702704644,117460.47894195186,23700.444702704644,204.086,23700.44470270281
