,GeneratorProfitDual,TotalCostDispatch,RTGeneratorProfitDual,gap,SSProfit
ObjectiveValue,22752.89636851313,90493.88133994165,22752.89636851313,365.196,22796.302892355976
