,GeneratorProfitDual,TotalCostDispatch,RTGeneratorProfitDual,gap,SSProfit
ObjectiveValue,20806.636919795194,91159.73056841803,20806.636919795194,375.945,22796.302892355994
