,GeneratorProfitDual,TotalCostDispatch,RTGeneratorProfitDual,gap,SSProfit
ObjectiveValue,775.9387931181471,10648.03351239391,775.9387931181471,0.0,775.9387931180498
