,GeneratorProfitDual,TotalCostDispatch,RTGeneratorProfitDual,gap,SSProfit
ObjectiveValue,54749.8329176532,267368.994596721,54749.8329176532,2388.68,54749.83291764882
