,GeneratorProfitDual,TotalCostDispatch,RTGeneratorProfitDual,gap,SSProfit
ObjectiveValue,-16975694554.502375,346629.5419481929,-16975694554.502375,0.0,-26447456.95348199
