,GeneratorProfitDual,TotalCostDispatch,RTGeneratorProfitDual,gap,SSProfit
ObjectiveValue,3286.1172267442867,50318.85692368326,3286.1172267442867,4.92275,3286.1172267421716
