,GeneratorProfitDual,TotalCostDispatch,RTGeneratorProfitDual,gap,SSProfit
ObjectiveValue,50783.58871525322,125380.48978858862,50783.58871525322,12305.8,50783.5887152507
