,GeneratorProfitDual,TotalCostDispatch,RTGeneratorProfitDual,gap,SSProfit
ObjectiveValue,50783.588715251026,125380.48978859052,50783.588715251026,8216.65,50783.588715250684
