,GeneratorProfitDual,TotalCostDispatch,RTGeneratorProfitDual,gap,SSProfit
ObjectiveValue,-2006.7774524835668,31449.399020468936,-2006.7774524835668,0.0,2045.7329460127899
