,GeneratorProfitDual,TotalCostDispatch,RTGeneratorProfitDual,gap,SSProfit
ObjectiveValue,-15241863233.959202,24172.665786196125,-15241863233.959202,0.0,-43009458.30015657
