,GeneratorProfitDual,TotalCostDispatch,RTGeneratorProfitDual,gap,SSProfit
ObjectiveValue,31562.902520996817,249407.52734170295,31562.902520996817,370.86,36385.48754508384
