,GeneratorProfitDual,TotalCostDispatch,RTGeneratorProfitDual,gap,SSProfit
ObjectiveValue,32604.291122965977,55198.164371551204,32604.291122965977,31743.6,32604.291122965544
