,GeneratorProfitDual,TotalCostDispatch,RTGeneratorProfitDual,gap,SSProfit
ObjectiveValue,-15711774702.546892,313620.64071931416,-15711774702.546892,0.0,-13686786.41613963
