,GeneratorProfitDual,TotalCostDispatch,RTGeneratorProfitDual,gap,SSProfit
ObjectiveValue,11994.464455140285,57739.845428476656,11994.464455140285,37849.5,11994.464455139492
