,GeneratorProfitDual,TotalCostDispatch,RTGeneratorProfitDual,gap,SSProfit
ObjectiveValue,7800.932154558482,331496.8162037572,7800.932154558482,76.8061,8053.542395999986
