,GeneratorProfitDual,TotalCostDispatch,RTGeneratorProfitDual,gap,SSProfit
ObjectiveValue,88717.08754463297,233529.12375385684,88717.08754463297,1264.09,88943.9782096655
