,GeneratorProfitDual,TotalCostDispatch,RTGeneratorProfitDual,gap,SSProfit
ObjectiveValue,7220.694078007761,342809.45901176555,7220.694078007761,0.0,7220.694078000108
