,GeneratorProfitDual,TotalCostDispatch,RTGeneratorProfitDual,gap,SSProfit
ObjectiveValue,22269.90692802392,120369.12545805532,22269.90692802392,10276.7,22269.90692802056
