,GeneratorProfitDual,TotalCostDispatch,RTGeneratorProfitDual,gap,SSProfit
ObjectiveValue,22269.906928025317,120369.12545805504,22269.906928025317,9437.95,22269.90692802056
