,GeneratorProfitDual,TotalCostDispatch,RTGeneratorProfitDual,gap,SSProfit
ObjectiveValue,82204.15670080199,397529.97444782563,82204.15670080199,808.093,82255.96409305825
