,GeneratorProfitDual,TotalCostDispatch,RTGeneratorProfitDual,gap,SSProfit
ObjectiveValue,82200.35111242162,397529.974447826,82200.35111242162,814.427,82255.96409305825
