,GeneratorProfitDual,TotalCostDispatch,RTGeneratorProfitDual,gap,SSProfit
ObjectiveValue,3196.341152906122,40116.32246974233,3196.341152906122,27.3326,3196.341152905645
