,GeneratorProfitDual,TotalCostDispatch,RTGeneratorProfitDual,gap,SSProfit
ObjectiveValue,3192.70385025552,40119.95977239291,3192.70385025552,66.8764,3192.703850255076
