,GeneratorProfitDual,TotalCostDispatch,RTGeneratorProfitDual,gap,SSProfit
ObjectiveValue,3196.3411529060354,40116.32246974235,3196.3411529060354,21421.6,3196.341152905645
