,GeneratorProfitDual,TotalCostDispatch,RTGeneratorProfitDual,gap,SSProfit
ObjectiveValue,29515.699946535486,62924.61033755765,29515.699946535486,1136.23,29559.307852340262
