,GeneratorProfitDual,TotalCostDispatch,RTGeneratorProfitDual,gap,SSProfit
ObjectiveValue,-16302147202.857737,105623.9765941783,-16302147202.857737,0.0,-52483563.24528701
