,GeneratorProfitDual,TotalCostDispatch,RTGeneratorProfitDual,gap,SSProfit
ObjectiveValue,7211.708716371879,29144.764035793527,7211.708716371879,0.0,7211.708716371357
