,GeneratorProfitDual,TotalCostDispatch,RTGeneratorProfitDual,gap,SSProfit
ObjectiveValue,785.3194656372361,407031.7790396124,785.3194656372361,69.8216,785.3194656297121
