,GeneratorProfitDual,TotalCostDispatch,RTGeneratorProfitDual,gap,SSProfit
ObjectiveValue,18195.842193461573,99359.5677105539,18195.842193461573,22797.1,18248.92833774454
