,GeneratorProfitDual,TotalCostDispatch,RTGeneratorProfitDual,gap,SSProfit
ObjectiveValue,17908.90328766556,99305.63867022481,17908.90328766556,273.575,18062.845626243557
