,GeneratorProfitDual,TotalCostDispatch,RTGeneratorProfitDual,gap,SSProfit
ObjectiveValue,11138.20502912876,170879.76389091872,11138.20502912876,111.972,11604.457410426498
