,GeneratorProfitDual,TotalCostDispatch,RTGeneratorProfitDual,gap,SSProfit
ObjectiveValue,10772.466532976963,171278.37850066225,10772.466532976963,107.596,10772.466532975328
