,GeneratorProfitDual,TotalCostDispatch,RTGeneratorProfitDual,gap,SSProfit
ObjectiveValue,40644.99548333467,119409.66586938663,40644.99548333467,1789.26,40644.9954833342
