,GeneratorProfitDual,TotalCostDispatch,RTGeneratorProfitDual,gap,SSProfit
ObjectiveValue,14319.588686640001,29144.764035793407,14319.588686640001,98.4615,14319.588686639258
