,GeneratorProfitDual,TotalCostDispatch,RTGeneratorProfitDual,gap,SSProfit
ObjectiveValue,53080.31685389745,560294.5955155763,53080.31685389745,211.087,53080.31685388941
