,GeneratorProfitDual,TotalCostDispatch,RTGeneratorProfitDual,gap,SSProfit
ObjectiveValue,53080.31685389126,560294.595515579,53080.31685389126,349.723,53080.316853889395
