,GeneratorProfitDual,TotalCostDispatch,RTGeneratorProfitDual,gap,SSProfit
ObjectiveValue,36226.97771454821,70105.06708931166,36226.97771454821,0.0,36459.81035801657
