,GeneratorProfitDual,TotalCostDispatch,RTGeneratorProfitDual,gap,SSProfit
ObjectiveValue,8090.851834291438,328535.59021031996,8090.851834291438,21.087,8096.6905380000435
