,GeneratorProfitDual,TotalCostDispatch,RTGeneratorProfitDual,gap,SSProfit
ObjectiveValue,65244.1294281477,114296.01214024644,65244.1294281477,419.655,65337.71048222635
