,GeneratorProfitDual,TotalCostDispatch,RTGeneratorProfitDual,gap,SSProfit
ObjectiveValue,1868.3852935974967,6741.634299619959,1868.3852935974967,99.4666,1868.3852935973496
