,GeneratorProfitDual,TotalCostDispatch,RTGeneratorProfitDual,gap,SSProfit
ObjectiveValue,1868.385293597487,6741.634299619952,1868.385293597487,203.09,1868.3852935973496
