,GeneratorProfitDual,TotalCostDispatch,RTGeneratorProfitDual,gap,SSProfit
ObjectiveValue,1868.3852935978193,6741.634299619604,1868.3852935978193,84.5521,1868.3852935973637
