,GeneratorProfitDual,TotalCostDispatch,RTGeneratorProfitDual,gap,SSProfit
ObjectiveValue,-14889481392.047146,171027.2220075941,-14889481392.047146,0.0,-21889577.618046757
