,GeneratorProfitDual,TotalCostDispatch,RTGeneratorProfitDual,gap,SSProfit
ObjectiveValue,34971.81102310069,48788.131876973326,34971.81102310069,393.289,34971.81102310012
