,GeneratorProfitDual,TotalCostDispatch,RTGeneratorProfitDual,gap,SSProfit
ObjectiveValue,-1931767235.8108706,49791.47063574718,-1931767235.8108706,0.0,14417070.356205182
