,GeneratorProfitDual,TotalCostDispatch,RTGeneratorProfitDual,gap,SSProfit
ObjectiveValue,17921.855232936545,43609.74505290189,17921.855232936545,7139.62,17921.855232934122
