,GeneratorProfitDual,TotalCostDispatch,RTGeneratorProfitDual,gap,SSProfit
ObjectiveValue,108239.97163064516,52966.21904098813,108239.97163064516,1082.39,108239.9716306442
