,GeneratorProfitDual,TotalCostDispatch,RTGeneratorProfitDual,gap,SSProfit
ObjectiveValue,85335.63619548302,376208.7997926507,85335.63619548302,855.393,85314.8395684794
