,GeneratorProfitDual,TotalCostDispatch,RTGeneratorProfitDual,gap,SSProfit
ObjectiveValue,84826.29255322777,376166.3584957991,84826.29255322777,478.028,84892.30375758093
