,GeneratorProfitDual,TotalCostDispatch,RTGeneratorProfitDual,gap,SSProfit
ObjectiveValue,44547.811153694594,143094.36529779292,44547.811153694594,0.0,44550.27448077167
