,GeneratorProfitDual,TotalCostDispatch,RTGeneratorProfitDual,gap,SSProfit
ObjectiveValue,44547.81115369415,143094.36529779295,44547.81115369415,307.597,44550.27448077163
