,GeneratorProfitDual,TotalCostDispatch,RTGeneratorProfitDual,gap,SSProfit
ObjectiveValue,4947.530704023637,589442.0474134106,4947.530704023637,10.1468,4947.530704016925
