,GeneratorProfitDual,TotalCostDispatch,RTGeneratorProfitDual,gap,SSProfit
ObjectiveValue,4947.530704022614,589442.0474134104,4947.530704022614,15.5681,4947.530704016928
