,GeneratorProfitDual,TotalCostDispatch,RTGeneratorProfitDual,gap,SSProfit
ObjectiveValue,7961.4152820045765,207744.61800193044,7961.4152820045765,3.45977,7961.415282000063
