,GeneratorProfitDual,TotalCostDispatch,RTGeneratorProfitDual,gap,SSProfit
ObjectiveValue,52530.50696778405,499508.5907380922,52530.50696778405,503.075,52553.74882873139
