,GeneratorProfitDual,TotalCostDispatch,RTGeneratorProfitDual,gap,SSProfit
ObjectiveValue,39138.391152890974,282748.93752537994,39138.391152890974,412.697,39117.594525886896
