,GeneratorProfitDual,TotalCostDispatch,RTGeneratorProfitDual,gap,SSProfit
ObjectiveValue,67525.83034085459,92480.64583663351,67525.83034085459,9422.66,67639.05728501348
