,GeneratorProfitDual,TotalCostDispatch,RTGeneratorProfitDual,gap,SSProfit
ObjectiveValue,-16503138444.821745,234988.342181595,-16503138444.821745,0.0,-14639327.469797922
