,GeneratorProfitDual,TotalCostDispatch,RTGeneratorProfitDual,gap,SSProfit
ObjectiveValue,17787.85985963043,278691.7486483503,17787.85985963043,3836.94,17914.4085024718
