,GeneratorProfitDual,TotalCostDispatch,RTGeneratorProfitDual,gap,SSProfit
ObjectiveValue,24067.50370186711,171944.29527923575,24067.50370186711,388.565,24067.50370186631
