,GeneratorProfitDual,TotalCostDispatch,RTGeneratorProfitDual,gap,SSProfit
ObjectiveValue,24067.503701866954,171944.29527923572,24067.503701866954,44.9349,24067.503701866302
