,GeneratorProfitDual,TotalCostDispatch,RTGeneratorProfitDual,gap,SSProfit
ObjectiveValue,24067.503701870686,171944.29527923223,24067.503701870686,227.172,24067.50370186632
