,GeneratorProfitDual,TotalCostDispatch,RTGeneratorProfitDual,gap,SSProfit
ObjectiveValue,3205.1543862207145,39034.286201158466,3205.1543862207145,30.7,3205.154386220249
