,GeneratorProfitDual,TotalCostDispatch,RTGeneratorProfitDual,gap,SSProfit
ObjectiveValue,-1720611197.282766,68585.43314108842,-1720611197.282766,0.0,16929224.24214891
