,GeneratorProfitDual,TotalCostDispatch,RTGeneratorProfitDual,gap,SSProfit
ObjectiveValue,17937.89618963965,125144.26882557647,17937.89618963965,43738.5,14003.415423752675
