,GeneratorProfitDual,TotalCostDispatch,RTGeneratorProfitDual,gap,SSProfit
ObjectiveValue,-1946850093.2646246,27324.99116764529,-1946850093.2646246,0.0,18646738.952205278
