,GeneratorProfitDual,TotalCostDispatch,RTGeneratorProfitDual,gap,SSProfit
ObjectiveValue,1868.385293597511,6741.634299619959,1868.385293597511,0.0,1868.3852935973491
