,GeneratorProfitDual,TotalCostDispatch,RTGeneratorProfitDual,gap,SSProfit
ObjectiveValue,3337.6402210003494,46948.73266239223,3337.6402210003494,0.0,3337.640221000003
