,GeneratorProfitDual,TotalCostDispatch,RTGeneratorProfitDual,gap,SSProfit
ObjectiveValue,7163.33465673069,42908.5936647112,7163.33465673069,421.378,7163.334656728536
