,GeneratorProfitDual,TotalCostDispatch,RTGeneratorProfitDual,gap,SSProfit
ObjectiveValue,27302.244780443507,39976.40878479416,27302.244780443507,29904.6,27794.771294545062
