,GeneratorProfitDual,TotalCostDispatch,RTGeneratorProfitDual,gap,SSProfit
ObjectiveValue,38911.69003536114,274774.6842402486,38911.69003536114,6318.37,39136.586571318854
