,GeneratorProfitDual,TotalCostDispatch,RTGeneratorProfitDual,gap,SSProfit
ObjectiveValue,5582.668088313873,57233.67197841139,5582.668088313873,46.4061,5582.668088312779
