,GeneratorProfitDual,TotalCostDispatch,RTGeneratorProfitDual,gap,SSProfit
ObjectiveValue,33648.22917988166,227366.19360579192,33648.22917988166,355.365,33853.272026092265
