,GeneratorProfitDual,TotalCostDispatch,RTGeneratorProfitDual,gap,SSProfit
ObjectiveValue,8667.32739584991,40445.282179229456,8667.32739584991,175.838,8667.327395849452
