,GeneratorProfitDual,TotalCostDispatch,RTGeneratorProfitDual,gap,SSProfit
ObjectiveValue,8667.327395852099,40445.28217922761,8667.327395852099,177.003,8667.32739584954
