,GeneratorProfitDual,TotalCostDispatch,RTGeneratorProfitDual,gap,SSProfit
ObjectiveValue,796.9451234435269,68893.76494340303,796.9451234435269,0.0,796.945123443142
