,GeneratorProfitDual,TotalCostDispatch,RTGeneratorProfitDual,gap,SSProfit
ObjectiveValue,17892.092698226967,299777.6674765544,17892.092698226967,528.118,17893.82235724732
