,GeneratorProfitDual,TotalCostDispatch,RTGeneratorProfitDual,gap,SSProfit
ObjectiveValue,69936.09653607928,586367.178730387,69936.09653607928,533.979,70046.64358767525
