,GeneratorProfitDual,TotalCostDispatch,RTGeneratorProfitDual,gap,SSProfit
ObjectiveValue,69982.49253935875,586368.0339187896,69982.49253935875,703.409,70043.89835080656
