,GeneratorProfitDual,TotalCostDispatch,RTGeneratorProfitDual,gap,SSProfit
ObjectiveValue,4370.912481076544,534161.9613483018,4370.912481076544,20.5521,4368.368956629538
