,GeneratorProfitDual,TotalCostDispatch,RTGeneratorProfitDual,gap,SSProfit
ObjectiveValue,7877.649193583078,356247.17567018623,7877.649193583078,77.499,8020.369040356778
