,GeneratorProfitDual,TotalCostDispatch,RTGeneratorProfitDual,gap,SSProfit
ObjectiveValue,-14318810502.226797,398275.7663588267,-14318810502.226797,0.0,1011749.4170318996
