,GeneratorProfitDual,TotalCostDispatch,RTGeneratorProfitDual,gap,SSProfit
ObjectiveValue,37443.856735111185,242031.15783561574,37443.856735111185,42193.2,37574.05458826417
