,GeneratorProfitDual,TotalCostDispatch,RTGeneratorProfitDual,gap,SSProfit
ObjectiveValue,37080.550324061,241970.55567121768,37080.550324061,6829.79,37322.04930134929
