,GeneratorProfitDual,TotalCostDispatch,RTGeneratorProfitDual,gap,SSProfit
ObjectiveValue,20355.724459083922,63560.391086218435,20355.724459083922,4177.24,20502.27827716708
