,GeneratorProfitDual,TotalCostDispatch,RTGeneratorProfitDual,gap,SSProfit
ObjectiveValue,86758.97011828088,93485.09050519267,86758.97011828088,3211.45,89099.57875576627
