,GeneratorProfitDual,TotalCostDispatch,RTGeneratorProfitDual,gap,SSProfit
ObjectiveValue,7953.236493334976,209567.0593184424,7953.236493334976,23.2563,8044.601789999992
