,GeneratorProfitDual,TotalCostDispatch,RTGeneratorProfitDual,gap,SSProfit
ObjectiveValue,-14151503767.477915,299777.6674765586,-14151503767.477915,0.0,-16064063.308071984
