,GeneratorProfitDual,TotalCostDispatch,RTGeneratorProfitDual,gap,SSProfit
ObjectiveValue,62678.595551651095,263404.613279724,62678.595551651095,532.613,62678.595551648745
