,GeneratorProfitDual,TotalCostDispatch,RTGeneratorProfitDual,gap,SSProfit
ObjectiveValue,62678.59555165011,263404.61327972414,62678.59555165011,613.321,62678.59555164883
