,GeneratorProfitDual,TotalCostDispatch,RTGeneratorProfitDual,gap,SSProfit
ObjectiveValue,62678.59555165036,263404.6132797238,62678.59555165036,598.135,62678.59555164887
