,GeneratorProfitDual,TotalCostDispatch,RTGeneratorProfitDual,gap,SSProfit
ObjectiveValue,21384.540476218048,16691.11382082962,21384.540476218048,196.658,21384.540476218117
