,GeneratorProfitDual,TotalCostDispatch,RTGeneratorProfitDual,gap,SSProfit
ObjectiveValue,24421.27421971173,55325.93969610709,24421.27421971173,13093.6,24421.274219708626
