,GeneratorProfitDual,TotalCostDispatch,RTGeneratorProfitDual,gap,SSProfit
ObjectiveValue,24421.274219710078,55325.93969610896,24421.274219710078,28424.7,24421.274219708623
