,GeneratorProfitDual,TotalCostDispatch,RTGeneratorProfitDual,gap,SSProfit
ObjectiveValue,835.1604952033035,505915.3572103793,835.1604952033035,4.01514,920.3558946828061
