,GeneratorProfitDual,TotalCostDispatch,RTGeneratorProfitDual,gap,SSProfit
ObjectiveValue,7933.156673662888,228924.88552927828,7933.156673662888,1.53893,7933.156673660359
