,GeneratorProfitDual,TotalCostDispatch,RTGeneratorProfitDual,gap,SSProfit
ObjectiveValue,97973.55091072521,174739.61999413636,97973.55091072521,0.0,97973.55091071506
