,GeneratorProfitDual,TotalCostDispatch,RTGeneratorProfitDual,gap,SSProfit
ObjectiveValue,80683.45032688843,120151.56986213195,80683.45032688843,752.884,80683.450326888
