,GeneratorProfitDual,TotalCostDispatch,RTGeneratorProfitDual,gap,SSProfit
ObjectiveValue,49815.05335338295,437756.1962616417,49815.05335338295,1437.22,50047.6400849873
