,GeneratorProfitDual,TotalCostDispatch,RTGeneratorProfitDual,gap,SSProfit
ObjectiveValue,1245.5901957318342,889.1503155700029,1245.5901957318342,0.0,1245.5901957315891
