,GeneratorProfitDual,TotalCostDispatch,RTGeneratorProfitDual,gap,SSProfit
ObjectiveValue,-1926222235.2630775,274076.43375030195,-1926222235.2630775,0.0,3564666.107243284
