,GeneratorProfitDual,TotalCostDispatch,RTGeneratorProfitDual,gap,SSProfit
ObjectiveValue,-20896926316.94052,280497.91170331603,-20896926316.94052,240595.0,-44570822.32751731
