,GeneratorProfitDual,TotalCostDispatch,RTGeneratorProfitDual,gap,SSProfit
ObjectiveValue,45613.45467170545,280497.91170331446,45613.45467170545,6858.04,46546.40363838656
