,GeneratorProfitDual,TotalCostDispatch,RTGeneratorProfitDual,gap,SSProfit
ObjectiveValue,110227.70995340361,539341.4870507013,110227.70995340361,862.015,110276.8901985566
