,GeneratorProfitDual,TotalCostDispatch,RTGeneratorProfitDual,gap,SSProfit
ObjectiveValue,109139.96357052134,539341.4870507019,109139.96357052134,1536.71,109202.17441863733
