,GeneratorProfitDual,TotalCostDispatch,RTGeneratorProfitDual,gap,SSProfit
ObjectiveValue,77.06583459898025,552007.4847541334,77.06583459898025,0.0,60.738805000001776
