,GeneratorProfitDual,TotalCostDispatch,RTGeneratorProfitDual,gap,SSProfit
ObjectiveValue,-1942220492.4353817,58798.994737539426,-1942220492.4353817,0.0,15798169.762359539
