,GeneratorProfitDual,TotalCostDispatch,RTGeneratorProfitDual,gap,SSProfit
ObjectiveValue,3409.8693840008364,45661.779549686464,3409.8693840008364,0.0,3409.869383999999
