,GeneratorProfitDual,TotalCostDispatch,RTGeneratorProfitDual,gap,SSProfit
ObjectiveValue,3249.973544938008,48441.38330810899,3249.973544938008,13.962,3249.973544937137
