,GeneratorProfitDual,TotalCostDispatch,RTGeneratorProfitDual,gap,SSProfit
ObjectiveValue,3249.97354493756,48441.38330810951,3249.97354493756,6913.43,3249.9735449371256
