,GeneratorProfitDual,TotalCostDispatch,RTGeneratorProfitDual,gap,SSProfit
ObjectiveValue,3249.9735449381037,48441.383308108896,3249.9735449381037,29.6614,3249.9735449371356
