,GeneratorProfitDual,TotalCostDispatch,RTGeneratorProfitDual,gap,SSProfit
ObjectiveValue,-1967017617.946957,32270.96767253136,-1967017617.946957,0.0,7623908.329616596
