,GeneratorProfitDual,TotalCostDispatch,RTGeneratorProfitDual,gap,SSProfit
ObjectiveValue,78989.34036533843,542557.1790362018,78989.34036533843,14580.5,79484.48598215789
