,GeneratorProfitDual,TotalCostDispatch,RTGeneratorProfitDual,gap,SSProfit
ObjectiveValue,-18434.857039767634,397855.3861221415,-18434.857039767634,674.015,26555.717877365933
