,GeneratorProfitDual,TotalCostDispatch,RTGeneratorProfitDual,gap,SSProfit
ObjectiveValue,5619.975622720928,44362.80980823718,5619.975622720928,424.283,5619.975622720533
