,GeneratorProfitDual,TotalCostDispatch,RTGeneratorProfitDual,gap,SSProfit
ObjectiveValue,-2019684760.9182086,89377.9885440542,-2019684760.9182086,0.0,11081348.982813468
