,GeneratorProfitDual,TotalCostDispatch,RTGeneratorProfitDual,gap,SSProfit
ObjectiveValue,7894.45631588207,321745.22628008213,7894.45631588207,78.428,8022.586940509702
