,GeneratorProfitDual,TotalCostDispatch,RTGeneratorProfitDual,gap,SSProfit
ObjectiveValue,7517.178269670292,131815.3250053727,7517.178269670292,20.1175,7914.2804646759905
