,GeneratorProfitDual,TotalCostDispatch,RTGeneratorProfitDual,gap,SSProfit
ObjectiveValue,1228.6306170039895,358672.248055753,1228.6306170039895,3.29966,1230.0380243243442
