,GeneratorProfitDual,TotalCostDispatch,RTGeneratorProfitDual,gap,SSProfit
ObjectiveValue,-18969575073.223724,356625.88157122023,-18969575073.223724,0.0,-26003751.059432484
