,GeneratorProfitDual,TotalCostDispatch,RTGeneratorProfitDual,gap,SSProfit
ObjectiveValue,37764.682302177076,75854.06015639004,37764.682302177076,29230.0,37764.68230217611
