,GeneratorProfitDual,TotalCostDispatch,RTGeneratorProfitDual,gap,SSProfit
ObjectiveValue,-369451934048.52356,133343.78140393092,-369451934048.52356,0.0,-5142065717.259159
