,GeneratorProfitDual,TotalCostDispatch,RTGeneratorProfitDual,gap,SSProfit
ObjectiveValue,8048.494249038559,133343.78140392635,8048.494249038559,7058.5,8132.3288064104
