,GeneratorProfitDual,TotalCostDispatch,RTGeneratorProfitDual,gap,SSProfit
ObjectiveValue,18790.301917548848,207228.88310875205,18790.301917548848,3304.34,18790.301917544777
