,GeneratorProfitDual,TotalCostDispatch,RTGeneratorProfitDual,gap,SSProfit
ObjectiveValue,87933.29385541003,247085.97204353224,87933.29385541003,896.71,87933.29385540778
