,GeneratorProfitDual,TotalCostDispatch,RTGeneratorProfitDual,gap,SSProfit
ObjectiveValue,89808.63108393968,247134.08819269857,89808.63108393968,888.905,89808.63108393722
