,GeneratorProfitDual,TotalCostDispatch,RTGeneratorProfitDual,gap,SSProfit
ObjectiveValue,-1918615587.8673527,181241.78193473417,-1918615587.8673527,0.0,4745981.6970683
