,GeneratorProfitDual,TotalCostDispatch,RTGeneratorProfitDual,gap,SSProfit
ObjectiveValue,3961.6602630021357,211747.3487127335,3961.6602630021357,2.967,3961.660263000019
