,GeneratorProfitDual,TotalCostDispatch,RTGeneratorProfitDual,gap,SSProfit
ObjectiveValue,68917.88700028231,93973.87663392675,68917.88700028231,33475.0,68917.88700028104
