,GeneratorProfitDual,TotalCostDispatch,RTGeneratorProfitDual,gap,SSProfit
ObjectiveValue,68917.88700028477,93973.87663392455,68917.88700028477,8207.59,68917.8870002811
