,GeneratorProfitDual,TotalCostDispatch,RTGeneratorProfitDual,gap,SSProfit
ObjectiveValue,5055.771638544039,79252.53120385551,5055.771638544039,0.0,5055.77163854348
