,GeneratorProfitDual,TotalCostDispatch,RTGeneratorProfitDual,gap,SSProfit
ObjectiveValue,32952.79980704914,35248.14194696264,32952.79980704914,822.501,32952.79980704908
