,GeneratorProfitDual,TotalCostDispatch,RTGeneratorProfitDual,gap,SSProfit
ObjectiveValue,15800.20367108023,32249.843240207,15800.20367108023,369.702,16120.470489469077
