,GeneratorProfitDual,TotalCostDispatch,RTGeneratorProfitDual,gap,SSProfit
ObjectiveValue,56366.93465639735,244199.32964544624,56366.93465639735,333.484,56690.31832317229
