,GeneratorProfitDual,TotalCostDispatch,RTGeneratorProfitDual,gap,SSProfit
ObjectiveValue,39190.37456862548,120331.93891323883,39190.37456862548,8186.53,39190.37456862373
