,GeneratorProfitDual,TotalCostDispatch,RTGeneratorProfitDual,gap,SSProfit
ObjectiveValue,4047.5678250051383,299519.764274488,4047.5678250051383,0.0,4026.771198000023
