,GeneratorProfitDual,TotalCostDispatch,RTGeneratorProfitDual,gap,SSProfit
ObjectiveValue,-14774020841.478018,198182.78591294552,-14774020841.478018,0.0,-532008.3590903819
