,GeneratorProfitDual,TotalCostDispatch,RTGeneratorProfitDual,gap,SSProfit
ObjectiveValue,1534.5151940433939,38274.43540018906,1534.5151940433939,2087.51,1534.5151940431126
