,GeneratorProfitDual,TotalCostDispatch,RTGeneratorProfitDual,gap,SSProfit
ObjectiveValue,47439.62869678477,151163.69927509897,47439.62869678477,672.545,47609.78413488693
