,GeneratorProfitDual,TotalCostDispatch,RTGeneratorProfitDual,gap,SSProfit
ObjectiveValue,47424.29194611081,151165.13984782246,47424.29194611081,492.544,47623.42707852741
