,GeneratorProfitDual,TotalCostDispatch,RTGeneratorProfitDual,gap,SSProfit
ObjectiveValue,3516.3271602153536,48114.865684043,3516.3271602153536,0.0,3516.3271602148066
