,GeneratorProfitDual,TotalCostDispatch,RTGeneratorProfitDual,gap,SSProfit
ObjectiveValue,82780.78787548131,189296.91134154893,82780.78787548131,783.508,82829.88573686554
