,GeneratorProfitDual,TotalCostDispatch,RTGeneratorProfitDual,gap,SSProfit
ObjectiveValue,82761.50372380085,189086.18257468755,82761.50372380085,4373.41,82776.13752371278
