,GeneratorProfitDual,TotalCostDispatch,RTGeneratorProfitDual,gap,SSProfit
ObjectiveValue,81484.20456870162,189159.4461226509,81484.20456870162,807.072,81500.21997303005
