,GeneratorProfitDual,TotalCostDispatch,RTGeneratorProfitDual,gap,SSProfit
ObjectiveValue,88819.11371583202,246279.53928317365,88819.11371583202,2760.18,89841.96905060533
