,GeneratorProfitDual,TotalCostDispatch,RTGeneratorProfitDual,gap,SSProfit
ObjectiveValue,6911.597256223612,550982.9077637268,6911.597256223612,55.1552,6913.060200621368
