,GeneratorProfitDual,TotalCostDispatch,RTGeneratorProfitDual,gap,SSProfit
ObjectiveValue,-1928423289.294389,164850.98221292117,-1928423289.294389,0.0,5085885.805174111
