,GeneratorProfitDual,TotalCostDispatch,RTGeneratorProfitDual,gap,SSProfit
ObjectiveValue,7954.893844878688,332829.1221930541,7954.893844878688,0.0,7954.89384487813
