,GeneratorProfitDual,TotalCostDispatch,RTGeneratorProfitDual,gap,SSProfit
ObjectiveValue,4833.396655721725,20253.57263609877,4833.396655721725,0.0,4833.396655720517
