,GeneratorProfitDual,TotalCostDispatch,RTGeneratorProfitDual,gap,SSProfit
ObjectiveValue,81207.74915521484,99510.7473522962,81207.74915521484,1172.71,84577.94886413787
