,GeneratorProfitDual,TotalCostDispatch,RTGeneratorProfitDual,gap,SSProfit
ObjectiveValue,27475.414346542908,60974.20979238024,27475.414346542908,4262.61,27475.41434654284
