,GeneratorProfitDual,TotalCostDispatch,RTGeneratorProfitDual,gap,SSProfit
ObjectiveValue,16609.09038964233,60377.85698220684,16609.09038964233,5242.21,16609.09038964161
