,GeneratorProfitDual,TotalCostDispatch,RTGeneratorProfitDual,gap,SSProfit
ObjectiveValue,821.1073689305119,538609.2222556834,821.1073689305119,0.856573,841.4919940029163
