,GeneratorProfitDual,TotalCostDispatch,RTGeneratorProfitDual,gap,SSProfit
ObjectiveValue,1868.3852935982372,7120.792149979969,1868.3852935982372,0.0,1868.3852935973612
