,GeneratorProfitDual,TotalCostDispatch,RTGeneratorProfitDual,gap,SSProfit
ObjectiveValue,3670.7974651805444,131978.25284785108,3670.7974651805444,0.0,3938.336942999994
