,GeneratorProfitDual,TotalCostDispatch,RTGeneratorProfitDual,gap,SSProfit
ObjectiveValue,11945.42513054848,368738.8999904897,11945.42513054848,117.48,16568.67343210245
