,GeneratorProfitDual,TotalCostDispatch,RTGeneratorProfitDual,gap,SSProfit
ObjectiveValue,31111.11685102675,102900.40615735721,31111.11685102675,13458.6,31111.116851022394
