,GeneratorProfitDual,TotalCostDispatch,RTGeneratorProfitDual,gap,SSProfit
ObjectiveValue,31111.116851027466,102900.40615735688,31111.116851027466,94190.5,31111.116851022394
