,GeneratorProfitDual,TotalCostDispatch,RTGeneratorProfitDual,gap,SSProfit
ObjectiveValue,3606.992973845385,311966.41293214384,3606.992973845385,3.24889,3606.9929738419514
