,GeneratorProfitDual,TotalCostDispatch,RTGeneratorProfitDual,gap,SSProfit
ObjectiveValue,27192.65751846373,311335.567729274,27192.65751846373,266.908,27192.65751846321
