,GeneratorProfitDual,TotalCostDispatch,RTGeneratorProfitDual,gap,SSProfit
ObjectiveValue,27192.657518463908,311335.56772927387,27192.657518463908,251.585,27192.657518463217
