,GeneratorProfitDual,TotalCostDispatch,RTGeneratorProfitDual,gap,SSProfit
ObjectiveValue,27192.657518463846,311335.5677292739,27192.657518463846,271.399,27192.657518463213
