,GeneratorProfitDual,TotalCostDispatch,RTGeneratorProfitDual,gap,SSProfit
ObjectiveValue,1868.3852935982673,14516.086717065768,1868.3852935982673,0.0,1868.385293597361
