,GeneratorProfitDual,TotalCostDispatch,RTGeneratorProfitDual,gap,SSProfit
ObjectiveValue,6119.650446000455,17779.040042117707,6119.650446000455,0.0,6119.650445999998
