,GeneratorProfitDual,TotalCostDispatch,RTGeneratorProfitDual,gap,SSProfit
ObjectiveValue,48470.21771818669,175407.5762189133,48470.21771818669,0.0,48997.14965905221
