,GeneratorProfitDual,TotalCostDispatch,RTGeneratorProfitDual,gap,SSProfit
ObjectiveValue,21505.432610154014,174509.99383041478,21505.432610154014,0.0,21502.01512535472
