,GeneratorProfitDual,TotalCostDispatch,RTGeneratorProfitDual,gap,SSProfit
ObjectiveValue,7346.290489224627,243799.55716420204,7346.290489224627,369.653,7928.762633999998
