,GeneratorProfitDual,TotalCostDispatch,RTGeneratorProfitDual,gap,SSProfit
ObjectiveValue,8512.802564984979,766897.1417723142,8512.802564984979,4.30847,9203.609243946039
