,GeneratorProfitDual,TotalCostDispatch,RTGeneratorProfitDual,gap,SSProfit
ObjectiveValue,9180.02376031866,766417.4889404594,9180.02376031866,10.1606,9204.104576624615
