,GeneratorProfitDual,TotalCostDispatch,RTGeneratorProfitDual,gap,SSProfit
ObjectiveValue,48865.21989242783,514183.8208930712,48865.21989242783,60.122,48865.2198924185
