,GeneratorProfitDual,TotalCostDispatch,RTGeneratorProfitDual,gap,SSProfit
ObjectiveValue,2634.536264011368,51145.75321676994,2634.536264011368,7689.08,3380.971196804666
