,GeneratorProfitDual,TotalCostDispatch,RTGeneratorProfitDual,gap,SSProfit
ObjectiveValue,402.54694670761387,50701.805619162944,402.54694670761387,0.0,3380.971196804666
