,GeneratorProfitDual,TotalCostDispatch,RTGeneratorProfitDual,gap,SSProfit
ObjectiveValue,7928.762634003588,182832.36056425844,7928.762634003588,0.0,7928.762634000067
