,GeneratorProfitDual,TotalCostDispatch,RTGeneratorProfitDual,gap,SSProfit
ObjectiveValue,21084.98350047254,113639.69720492003,21084.98350047254,427.971,21084.983500471844
