,GeneratorProfitDual,TotalCostDispatch,RTGeneratorProfitDual,gap,SSProfit
ObjectiveValue,4464.914723776282,147007.96419047206,4464.914723776282,1796.59,4655.086086594998
