,GeneratorProfitDual,TotalCostDispatch,RTGeneratorProfitDual,gap,SSProfit
ObjectiveValue,24975.615596076033,313681.94279944873,24975.615596076033,248.441,24975.61559607527
