,GeneratorProfitDual,TotalCostDispatch,RTGeneratorProfitDual,gap,SSProfit
ObjectiveValue,7794.978383132464,222897.16306421548,7794.978383132464,34.4345,7928.762634000008
