,GeneratorProfitDual,TotalCostDispatch,RTGeneratorProfitDual,gap,SSProfit
ObjectiveValue,58598.35576129597,282439.3914594975,58598.35576129597,0.0,58643.24332228014
