,GeneratorProfitDual,TotalCostDispatch,RTGeneratorProfitDual,gap,SSProfit
ObjectiveValue,46908.30425213455,104132.78370140913,46908.30425213455,8416.69,46930.741693630735
