,GeneratorProfitDual,TotalCostDispatch,RTGeneratorProfitDual,gap,SSProfit
ObjectiveValue,47079.60261302498,104154.300030764,47079.60261302498,1803.54,47140.48943555664
