,GeneratorProfitDual,TotalCostDispatch,RTGeneratorProfitDual,gap,SSProfit
ObjectiveValue,-14584350720.739613,262947.04992559436,-14584350720.739613,0.0,-12920444.879423572
