,GeneratorProfitDual,TotalCostDispatch,RTGeneratorProfitDual,gap,SSProfit
ObjectiveValue,68039.24317454117,586438.2102474757,68039.24317454117,690.106,68113.22025546886
