,GeneratorProfitDual,TotalCostDispatch,RTGeneratorProfitDual,gap,SSProfit
ObjectiveValue,39797.565322073715,424999.5623964639,39797.565322073715,447.569,39797.56532207189
