,GeneratorProfitDual,TotalCostDispatch,RTGeneratorProfitDual,gap,SSProfit
ObjectiveValue,39797.56532207339,424999.5623964641,39797.56532207339,433.602,39797.56532207185
