,GeneratorProfitDual,TotalCostDispatch,RTGeneratorProfitDual,gap,SSProfit
ObjectiveValue,8033.358638116129,323091.0663981375,8033.358638116129,6.49771,8045.0334789532235
