,GeneratorProfitDual,TotalCostDispatch,RTGeneratorProfitDual,gap,SSProfit
ObjectiveValue,-27576.878458845233,50814.594536736535,-27576.878458845233,0.0,-24952.769591501376
