,GeneratorProfitDual,TotalCostDispatch,RTGeneratorProfitDual,gap,SSProfit
ObjectiveValue,1971.7402521988288,158473.50207442124,1971.7402521988288,27.4193,3069.013782756671
