,GeneratorProfitDual,TotalCostDispatch,RTGeneratorProfitDual,gap,SSProfit
ObjectiveValue,8035.799310371894,197286.82814673768,8035.799310371894,3.67443,8035.799310370156
