,GeneratorProfitDual,TotalCostDispatch,RTGeneratorProfitDual,gap,SSProfit
ObjectiveValue,3895.8347915924332,148430.40417111758,3895.8347915924332,0.0,3895.8347915915133
