,GeneratorProfitDual,TotalCostDispatch,RTGeneratorProfitDual,gap,SSProfit
ObjectiveValue,1868.385293597641,5387.474036652078,1868.385293597641,6715.81,1868.3852935973612
