,GeneratorProfitDual,TotalCostDispatch,RTGeneratorProfitDual,gap,SSProfit
ObjectiveValue,1868.3852935978666,5387.474036651862,1868.3852935978666,92.7735,1868.3852935973493
