,GeneratorProfitDual,TotalCostDispatch,RTGeneratorProfitDual,gap,SSProfit
ObjectiveValue,1868.385293597889,5387.474036651856,1868.385293597889,0.0,1868.3852935973612
