,GeneratorProfitDual,TotalCostDispatch,RTGeneratorProfitDual,gap,SSProfit
ObjectiveValue,5813.6104750013865,45881.45364351824,5813.6104750013865,0.603301,5813.61047499999
