,GeneratorProfitDual,TotalCostDispatch,RTGeneratorProfitDual,gap,SSProfit
ObjectiveValue,-1988344294.6965904,258987.8449016238,-1988344294.6965904,0.0,3542052.2071415484
