,GeneratorProfitDual,TotalCostDispatch,RTGeneratorProfitDual,gap,SSProfit
ObjectiveValue,2979.034400500752,48818.8501935739,2979.034400500752,1.80002e-05,2979.034400500005
