,GeneratorProfitDual,TotalCostDispatch,RTGeneratorProfitDual,gap,SSProfit
ObjectiveValue,4047.4596184252077,296772.4185707629,4047.4596184252077,0.0,4026.662991419145
