,GeneratorProfitDual,TotalCostDispatch,RTGeneratorProfitDual,gap,SSProfit
ObjectiveValue,2280.637934398808,55744.10957583143,2280.637934398808,2860.75,5069.06933580699
