,GeneratorProfitDual,TotalCostDispatch,RTGeneratorProfitDual,gap,SSProfit
ObjectiveValue,5517.944238657523,46220.30556463348,5517.944238657523,0.0,5517.944238656382
