,GeneratorProfitDual,TotalCostDispatch,RTGeneratorProfitDual,gap,SSProfit
ObjectiveValue,7789.055079282232,244003.42359668136,7789.055079282232,8.10135,7854.166371937095
