,GeneratorProfitDual,TotalCostDispatch,RTGeneratorProfitDual,gap,SSProfit
ObjectiveValue,14981.18069297551,64679.334267368955,14981.18069297551,15041.0,15085.576102465213
