,GeneratorProfitDual,TotalCostDispatch,RTGeneratorProfitDual,gap,SSProfit
ObjectiveValue,14981.180692975502,64679.334267368824,14981.180692975502,1652.92,15085.57610246521
