,GeneratorProfitDual,TotalCostDispatch,RTGeneratorProfitDual,gap,SSProfit
ObjectiveValue,-2016195311.0926933,72281.45908700813,-2016195311.0926933,0.0,14350213.088009434
