,GeneratorProfitDual,TotalCostDispatch,RTGeneratorProfitDual,gap,SSProfit
ObjectiveValue,55601.3433833586,296772.4185707625,55601.3433833586,860.166,55580.54675635245
