,GeneratorProfitDual,TotalCostDispatch,RTGeneratorProfitDual,gap,SSProfit
ObjectiveValue,44242.07697497136,529917.0772854647,44242.07697497136,453.531,44242.07697496878
