,GeneratorProfitDual,TotalCostDispatch,RTGeneratorProfitDual,gap,SSProfit
ObjectiveValue,44318.44612713544,529891.4395727399,44318.44612713544,443.63,44427.45606215548
