,GeneratorProfitDual,TotalCostDispatch,RTGeneratorProfitDual,gap,SSProfit
ObjectiveValue,24585.22386726259,21763.0157315396,24585.22386726259,0.0,24585.22386726208
