,GeneratorProfitDual,TotalCostDispatch,RTGeneratorProfitDual,gap,SSProfit
ObjectiveValue,24572.369247234357,21803.719936973273,24572.369247234357,145.693,24572.36924723395
