,GeneratorProfitDual,TotalCostDispatch,RTGeneratorProfitDual,gap,SSProfit
ObjectiveValue,24585.223867262433,21763.01573153961,24585.223867262433,265.27,24585.223867262055
