,GeneratorProfitDual,TotalCostDispatch,RTGeneratorProfitDual,gap,SSProfit
ObjectiveValue,39127.736281825484,305337.3687907654,39127.736281825484,860.002,39127.736281824626
