,GeneratorProfitDual,TotalCostDispatch,RTGeneratorProfitDual,gap,SSProfit
ObjectiveValue,-15618250294.332697,360473.38540160557,-15618250294.332697,0.0,-6762367.4237937555
