,GeneratorProfitDual,TotalCostDispatch,RTGeneratorProfitDual,gap,SSProfit
ObjectiveValue,1999.585662614319,132615.90591257846,1999.585662614319,19.0944,2303.3722109999962
