,GeneratorProfitDual,TotalCostDispatch,RTGeneratorProfitDual,gap,SSProfit
ObjectiveValue,8353.598548457778,57696.83957955082,8353.598548457778,177.947,8353.598548456977
