,GeneratorProfitDual,TotalCostDispatch,RTGeneratorProfitDual,gap,SSProfit
ObjectiveValue,8353.598548457623,57696.839579550826,8353.598548457623,0.0,8353.598548456983
