,GeneratorProfitDual,TotalCostDispatch,RTGeneratorProfitDual,gap,SSProfit
ObjectiveValue,-1717003207.1517196,57280.82042324545,-1717003207.1517196,0.0,16752274.834499557
