,GeneratorProfitDual,TotalCostDispatch,RTGeneratorProfitDual,gap,SSProfit
ObjectiveValue,859.4227161744737,48788.131876973326,859.4227161744737,0.0,859.4227161739485
