,GeneratorProfitDual,TotalCostDispatch,RTGeneratorProfitDual,gap,SSProfit
ObjectiveValue,6211.745198895514,130801.17158280502,6211.745198895514,106.318,6211.745198893539
