,GeneratorProfitDual,TotalCostDispatch,RTGeneratorProfitDual,gap,SSProfit
ObjectiveValue,7853.499122706326,376781.22670144646,7853.499122706326,23.5884,7950.992400013243
