,GeneratorProfitDual,TotalCostDispatch,RTGeneratorProfitDual,gap,SSProfit
ObjectiveValue,5030.8071664329345,23717.00373206465,5030.8071664329345,49.6007,5070.98372817752
