,GeneratorProfitDual,TotalCostDispatch,RTGeneratorProfitDual,gap,SSProfit
ObjectiveValue,2460.669579618369,31595.725020613725,2460.669579618369,0.0,4581.236969123552
