,GeneratorProfitDual,TotalCostDispatch,RTGeneratorProfitDual,gap,SSProfit
ObjectiveValue,2004.740410513735,45576.16888371817,2004.740410513735,19.1858,2004.7404105128562
