,GeneratorProfitDual,TotalCostDispatch,RTGeneratorProfitDual,gap,SSProfit
ObjectiveValue,-1998187767.9984107,59272.27717956665,-1998187767.9984107,0.0,12271373.589993112
