,GeneratorProfitDual,TotalCostDispatch,RTGeneratorProfitDual,gap,SSProfit
ObjectiveValue,-1892551623.1034791,282047.3959403292,-1892551623.1034791,0.0,8824088.325057216
