,GeneratorProfitDual,TotalCostDispatch,RTGeneratorProfitDual,gap,SSProfit
ObjectiveValue,47852.74377482468,424999.5623964639,47852.74377482468,318.495,47852.74377482269
