,GeneratorProfitDual,TotalCostDispatch,RTGeneratorProfitDual,gap,SSProfit
ObjectiveValue,47851.10771807331,424999.5623964641,47851.10771807331,436.825,47851.10771807184
