,GeneratorProfitDual,TotalCostDispatch,RTGeneratorProfitDual,gap,SSProfit
ObjectiveValue,47850.99904724129,424999.6710672964,47850.99904724129,336.905,47851.107718071864
