,GeneratorProfitDual,TotalCostDispatch,RTGeneratorProfitDual,gap,SSProfit
ObjectiveValue,46113.934567967925,279182.89370436355,46113.934567967925,1266.12,46338.11168389348
