,GeneratorProfitDual,TotalCostDispatch,RTGeneratorProfitDual,gap,SSProfit
ObjectiveValue,6764.551864181499,11866.234491818463,6764.551864181499,0.0,6764.551864180995
