,GeneratorProfitDual,TotalCostDispatch,RTGeneratorProfitDual,gap,SSProfit
ObjectiveValue,1868.3852935977623,10042.858723366,1868.3852935977623,196.042,1868.385293597349
