,GeneratorProfitDual,TotalCostDispatch,RTGeneratorProfitDual,gap,SSProfit
ObjectiveValue,1868.3852935981508,10042.858723365685,1868.3852935981508,78.116,1868.3852935973496
