,GeneratorProfitDual,TotalCostDispatch,RTGeneratorProfitDual,gap,SSProfit
ObjectiveValue,110004.84531304125,539404.0759473881,110004.84531304125,1103.49,110098.17239334881
