,GeneratorProfitDual,TotalCostDispatch,RTGeneratorProfitDual,gap,SSProfit
ObjectiveValue,110068.63147348411,539340.2897869414,110068.63147348411,1040.06,110098.17239334864
