,GeneratorProfitDual,TotalCostDispatch,RTGeneratorProfitDual,gap,SSProfit
ObjectiveValue,7579.2512718931885,195043.5755969932,7579.2512718931885,0.0,7909.254667814057
