,GeneratorProfitDual,TotalCostDispatch,RTGeneratorProfitDual,gap,SSProfit
ObjectiveValue,8908.876889242572,63691.438083099965,8908.876889242572,0.0,8991.912104775507
