,GeneratorProfitDual,TotalCostDispatch,RTGeneratorProfitDual,gap,SSProfit
ObjectiveValue,8737.610058687813,63661.336603090116,8737.610058687813,0.0,8737.610058685037
