,GeneratorProfitDual,TotalCostDispatch,RTGeneratorProfitDual,gap,SSProfit
ObjectiveValue,28273.90961700491,37820.000284352835,28273.90961700491,1115.09,28273.90961700184
