,GeneratorProfitDual,TotalCostDispatch,RTGeneratorProfitDual,gap,SSProfit
ObjectiveValue,5024.31057876487,410666.03324858786,5024.31057876487,36.9048,5320.049292000025
