,GeneratorProfitDual,TotalCostDispatch,RTGeneratorProfitDual,gap,SSProfit
ObjectiveValue,7977.3803574986105,331007.52271478734,7977.3803574986105,8.84309,7977.380357516608
