,GeneratorProfitDual,TotalCostDispatch,RTGeneratorProfitDual,gap,SSProfit
ObjectiveValue,-17961963919.998516,312331.8770158445,-17961963919.998516,0.0,-5210245.852892944
