,GeneratorProfitDual,TotalCostDispatch,RTGeneratorProfitDual,gap,SSProfit
ObjectiveValue,7618.655740276541,303965.4271156963,7618.655740276541,1.26343,7618.655740273818
