,GeneratorProfitDual,TotalCostDispatch,RTGeneratorProfitDual,gap,SSProfit
ObjectiveValue,111212.19782043662,248033.83559476025,111212.19782043662,1112.12,111212.19782043414
