,GeneratorProfitDual,TotalCostDispatch,RTGeneratorProfitDual,gap,SSProfit
ObjectiveValue,88590.8242292158,246523.5587904885,88590.8242292158,1847.1,88590.82422921334
