,GeneratorProfitDual,TotalCostDispatch,RTGeneratorProfitDual,gap,SSProfit
ObjectiveValue,4151.990166301425,57717.40697813378,4151.990166301425,38.7742,4151.990166300759
