,GeneratorProfitDual,TotalCostDispatch,RTGeneratorProfitDual,gap,SSProfit
ObjectiveValue,18032.700498306574,23922.35197204949,18032.700498306574,0.0,19590.21555441868
