,GeneratorProfitDual,TotalCostDispatch,RTGeneratorProfitDual,gap,SSProfit
ObjectiveValue,60133.28708094782,70405.09461608817,60133.28708094782,8740.49,60133.28775209115
