,GeneratorProfitDual,TotalCostDispatch,RTGeneratorProfitDual,gap,SSProfit
ObjectiveValue,30547.221351090462,67569.33553346164,30547.221351090462,726.684,30547.221351089578
