,GeneratorProfitDual,TotalCostDispatch,RTGeneratorProfitDual,gap,SSProfit
ObjectiveValue,35311.37842720101,303007.6421916943,35311.37842720101,138.357,35311.378427199415
