,GeneratorProfitDual,TotalCostDispatch,RTGeneratorProfitDual,gap,SSProfit
ObjectiveValue,1914.6216371053079,632826.1235571427,1914.6216371053079,0.0,1928.7131472513893
