,GeneratorProfitDual,TotalCostDispatch,RTGeneratorProfitDual,gap,SSProfit
ObjectiveValue,13426.550136689177,46220.30556463292,13426.550136689177,303.622,13426.550136688023
