,GeneratorProfitDual,TotalCostDispatch,RTGeneratorProfitDual,gap,SSProfit
ObjectiveValue,27025.031684444475,177697.12286784666,27025.031684444475,6738.22,27080.12778579426
