,GeneratorProfitDual,TotalCostDispatch,RTGeneratorProfitDual,gap,SSProfit
ObjectiveValue,-1924435211.7591114,16691.11382082991,-1924435211.7591114,0.0,18106416.9184758
