,GeneratorProfitDual,TotalCostDispatch,RTGeneratorProfitDual,gap,SSProfit
ObjectiveValue,3482.6137045456735,60786.526051559194,3482.6137045456735,0.0,3482.613704543475
