,GeneratorProfitDual,TotalCostDispatch,RTGeneratorProfitDual,gap,SSProfit
ObjectiveValue,46822.24855115047,111241.93558083705,46822.24855115047,6127.39,46822.24855114984
