,GeneratorProfitDual,TotalCostDispatch,RTGeneratorProfitDual,gap,SSProfit
ObjectiveValue,12825.137038888812,674410.5464465573,12825.137038888812,255.31,13017.103972053153
