,GeneratorProfitDual,TotalCostDispatch,RTGeneratorProfitDual,gap,SSProfit
ObjectiveValue,-53302.33583693436,591314.4549691181,-53302.33583693436,17188.0,2491.2923895330587
