,GeneratorProfitDual,TotalCostDispatch,RTGeneratorProfitDual,gap,SSProfit
ObjectiveValue,29751.200918274284,119309.70236898136,29751.200918274284,0.0,29751.200918273564
