,GeneratorProfitDual,TotalCostDispatch,RTGeneratorProfitDual,gap,SSProfit
ObjectiveValue,29726.952811426745,119333.95047582926,29726.952811426745,12362.7,29726.95281142577
