,GeneratorProfitDual,TotalCostDispatch,RTGeneratorProfitDual,gap,SSProfit
ObjectiveValue,1389.3606487132276,29791.253285244144,1389.3606487132276,3451.56,1389.3606487110278
