,GeneratorProfitDual,TotalCostDispatch,RTGeneratorProfitDual,gap,SSProfit
ObjectiveValue,-1717397564.2650354,226461.0711422706,-1717397564.2650354,0.0,6963791.9614153495
