,GeneratorProfitDual,TotalCostDispatch,RTGeneratorProfitDual,gap,SSProfit
ObjectiveValue,-1753907399.491191,226461.07114227058,-1753907399.491191,0.0,6960774.530707378
