,GeneratorProfitDual,TotalCostDispatch,RTGeneratorProfitDual,gap,SSProfit
ObjectiveValue,42623.27852593815,491271.84069447283,42623.27852593815,0.0,42709.75785257661
