,GeneratorProfitDual,TotalCostDispatch,RTGeneratorProfitDual,gap,SSProfit
ObjectiveValue,42628.142362242135,491266.9768581695,42628.142362242135,422.759,42732.77891403382
