,GeneratorProfitDual,TotalCostDispatch,RTGeneratorProfitDual,gap,SSProfit
ObjectiveValue,3967.075160460785,204493.05135118632,3967.075160460785,0.0,3964.381317000002
