,GeneratorProfitDual,TotalCostDispatch,RTGeneratorProfitDual,gap,SSProfit
ObjectiveValue,4061.48580658612,65624.13180549716,4061.48580658612,14.2096,4061.4858065853145
