,GeneratorProfitDual,TotalCostDispatch,RTGeneratorProfitDual,gap,SSProfit
ObjectiveValue,50607.50694618809,423440.86234954227,50607.50694618809,437.794,50607.50694618539
