,GeneratorProfitDual,TotalCostDispatch,RTGeneratorProfitDual,gap,SSProfit
ObjectiveValue,50607.50694619063,423440.86234954273,50607.50694619063,421.179,50607.5069461854
