,GeneratorProfitDual,TotalCostDispatch,RTGeneratorProfitDual,gap,SSProfit
ObjectiveValue,17575.040757375176,534127.0056008807,17575.040757375176,171.344,17937.418225252197
