,GeneratorProfitDual,TotalCostDispatch,RTGeneratorProfitDual,gap,SSProfit
ObjectiveValue,17547.11890622436,534128.1011990735,17547.11890622436,293.462,17948.375704328875
