,GeneratorProfitDual,TotalCostDispatch,RTGeneratorProfitDual,gap,SSProfit
ObjectiveValue,2143.53480021785,452945.7611366679,2143.53480021785,7.06681,2143.534800215646
