,GeneratorProfitDual,TotalCostDispatch,RTGeneratorProfitDual,gap,SSProfit
ObjectiveValue,35892.74545488677,335990.46313853737,35892.74545488677,294.794,35892.7454548856
