,GeneratorProfitDual,TotalCostDispatch,RTGeneratorProfitDual,gap,SSProfit
ObjectiveValue,35892.7932571893,335990.41533623525,35892.7932571893,347.018,35892.79325718565
