,GeneratorProfitDual,TotalCostDispatch,RTGeneratorProfitDual,gap,SSProfit
ObjectiveValue,52117.017418090916,258184.99405741983,52117.017418090916,583.7,52184.076608888856
