,GeneratorProfitDual,TotalCostDispatch,RTGeneratorProfitDual,gap,SSProfit
ObjectiveValue,24984.801435627174,311335.56772927084,24984.801435627174,364.604,24984.801435623856
