,GeneratorProfitDual,TotalCostDispatch,RTGeneratorProfitDual,gap,SSProfit
ObjectiveValue,24984.801435628222,311335.56772927043,24984.801435628222,202.739,24984.801435623856
