,GeneratorProfitDual,TotalCostDispatch,RTGeneratorProfitDual,gap,SSProfit
ObjectiveValue,21553.157810240944,13683.16024946974,21553.157810240944,331.58,21553.15781024019
