,GeneratorProfitDual,TotalCostDispatch,RTGeneratorProfitDual,gap,SSProfit
ObjectiveValue,21553.157810240904,13683.160249469744,21553.157810240904,130.235,21553.15781024018
