,GeneratorProfitDual,TotalCostDispatch,RTGeneratorProfitDual,gap,SSProfit
ObjectiveValue,3818.7115149215297,114296.01214024644,3818.7115149215297,0.0,3938.3369429999993
