,GeneratorProfitDual,TotalCostDispatch,RTGeneratorProfitDual,gap,SSProfit
ObjectiveValue,2022.0352752720632,18092.76412973446,2022.0352752720632,0.0,2022.0352752717486
