,GeneratorProfitDual,TotalCostDispatch,RTGeneratorProfitDual,gap,SSProfit
ObjectiveValue,760.2130343514802,42464.50753522354,760.2130343514802,0.0,760.213034351186
