,GeneratorProfitDual,TotalCostDispatch,RTGeneratorProfitDual,gap,SSProfit
ObjectiveValue,-1729537045.081398,246965.14001067102,-1729537045.081398,0.0,11476012.481293412
