,GeneratorProfitDual,TotalCostDispatch,RTGeneratorProfitDual,gap,SSProfit
ObjectiveValue,80463.6182407402,273922.86937073024,80463.6182407402,3122.83,80463.61824073864
