,GeneratorProfitDual,TotalCostDispatch,RTGeneratorProfitDual,gap,SSProfit
ObjectiveValue,80502.53652424761,273925.17837941006,80502.53652424761,0.0,80502.53652424623
