,GeneratorProfitDual,TotalCostDispatch,RTGeneratorProfitDual,gap,SSProfit
ObjectiveValue,18541.803016993526,131405.065363249,18541.803016993526,2513.85,18606.14591152543
