,GeneratorProfitDual,TotalCostDispatch,RTGeneratorProfitDual,gap,SSProfit
ObjectiveValue,9479.557348187162,766409.7927701832,9479.557348187162,31.5005,9505.501717063114
