,GeneratorProfitDual,TotalCostDispatch,RTGeneratorProfitDual,gap,SSProfit
ObjectiveValue,7847.265663545099,207707.56448524244,7847.265663545099,0.0,7847.265663542712
