,GeneratorProfitDual,TotalCostDispatch,RTGeneratorProfitDual,gap,SSProfit
ObjectiveValue,4231.490311171367,162514.14860631363,4231.490311171367,0.0125605,4231.490311166665
