,GeneratorProfitDual,TotalCostDispatch,RTGeneratorProfitDual,gap,SSProfit
ObjectiveValue,75219.45267528482,234603.20941936882,75219.45267528482,709.95,75219.45267528409
