,GeneratorProfitDual,TotalCostDispatch,RTGeneratorProfitDual,gap,SSProfit
ObjectiveValue,38557.77104880002,215384.1496341451,38557.77104880002,6004.83,38655.51908291873
