,GeneratorProfitDual,TotalCostDispatch,RTGeneratorProfitDual,gap,SSProfit
ObjectiveValue,38569.13322747012,215385.6889732651,38569.13322747012,5339.54,38682.59544993526
