,GeneratorProfitDual,TotalCostDispatch,RTGeneratorProfitDual,gap,SSProfit
ObjectiveValue,38554.26096408781,215384.14963414514,38554.26096408781,410.523,38652.00899820592
