,GeneratorProfitDual,TotalCostDispatch,RTGeneratorProfitDual,gap,SSProfit
ObjectiveValue,2914.355179969409,26185.553749458002,2914.355179969409,27.4295,2914.3551799691654
