,GeneratorProfitDual,TotalCostDispatch,RTGeneratorProfitDual,gap,SSProfit
ObjectiveValue,8872.229767003113,134106.35675851422,8872.229767003113,24515.1,5965.018719582402
