,GeneratorProfitDual,TotalCostDispatch,RTGeneratorProfitDual,gap,SSProfit
ObjectiveValue,21819.509553877822,29144.76403579368,21819.509553877822,214.937,21819.50955387726
