,GeneratorProfitDual,TotalCostDispatch,RTGeneratorProfitDual,gap,SSProfit
ObjectiveValue,62348.08638695501,200528.6700341859,62348.08638695501,12358.4,62348.08638695378
