,GeneratorProfitDual,TotalCostDispatch,RTGeneratorProfitDual,gap,SSProfit
ObjectiveValue,-14777660099.909199,139028.60375135462,-14777660099.909199,0.0,-5249244.908820468
