,GeneratorProfitDual,TotalCostDispatch,RTGeneratorProfitDual,gap,SSProfit
ObjectiveValue,15087.944408850453,133447.33141838916,15087.944408850453,22305.7,15089.259398837346
