,GeneratorProfitDual,TotalCostDispatch,RTGeneratorProfitDual,gap,SSProfit
ObjectiveValue,24238.117671755816,51338.5219830287,24238.117671755816,29.3392,24238.117671753207
