,GeneratorProfitDual,TotalCostDispatch,RTGeneratorProfitDual,gap,SSProfit
ObjectiveValue,24287.080041233054,51338.52198302866,24287.080041233054,305.793,24318.886569336453
