,GeneratorProfitDual,TotalCostDispatch,RTGeneratorProfitDual,gap,SSProfit
ObjectiveValue,-1944544213.5871744,59640.566383140336,-1944544213.5871744,0.0,15175271.741985723
