,GeneratorProfitDual,TotalCostDispatch,RTGeneratorProfitDual,gap,SSProfit
ObjectiveValue,-1941855227.3913007,59640.566383140336,-1941855227.3913007,0.0,15143534.210375592
