,GeneratorProfitDual,TotalCostDispatch,RTGeneratorProfitDual,gap,SSProfit
ObjectiveValue,4006.0996654093346,222146.3828764009,4006.0996654093346,0.0,4006.099665407579
