,GeneratorProfitDual,TotalCostDispatch,RTGeneratorProfitDual,gap,SSProfit
ObjectiveValue,-1919701773.4769938,226076.72593222698,-1919701773.4769938,0.0,9677132.829906236
