,GeneratorProfitDual,TotalCostDispatch,RTGeneratorProfitDual,gap,SSProfit
ObjectiveValue,75900.45772676195,226076.72593222573,75900.45772676195,712.302,75900.45772676083
