,GeneratorProfitDual,TotalCostDispatch,RTGeneratorProfitDual,gap,SSProfit
ObjectiveValue,-1923382099.7074466,226076.72593222695,-1923382099.7074466,0.0,9365240.951544696
