,GeneratorProfitDual,TotalCostDispatch,RTGeneratorProfitDual,gap,SSProfit
ObjectiveValue,-1919767372.9547195,226076.72593222695,-1919767372.9547195,0.0,11351021.068096342
