,GeneratorProfitDual,TotalCostDispatch,RTGeneratorProfitDual,gap,SSProfit
ObjectiveValue,52114.16982476163,249863.0138342257,52114.16982476163,20117.1,52114.16982476078
