,GeneratorProfitDual,TotalCostDispatch,RTGeneratorProfitDual,gap,SSProfit
ObjectiveValue,22401.244774160277,73745.9505386192,22401.244774160277,221.025,22401.24477415965
