,GeneratorProfitDual,TotalCostDispatch,RTGeneratorProfitDual,gap,SSProfit
ObjectiveValue,786.5789670001861,16050.060435716654,786.5789670001861,0.0,786.5789669999913
