,GeneratorProfitDual,TotalCostDispatch,RTGeneratorProfitDual,gap,SSProfit
ObjectiveValue,79737.448865144,542561.2975193481,79737.448865144,883.786,80222.22949547486
