,GeneratorProfitDual,TotalCostDispatch,RTGeneratorProfitDual,gap,SSProfit
ObjectiveValue,79504.23460903358,542662.3784364387,79504.23460903358,698.452,80099.08601211871
