,GeneratorProfitDual,TotalCostDispatch,RTGeneratorProfitDual,gap,SSProfit
ObjectiveValue,56548.92307504522,351108.87427554256,56548.92307504522,3924.6,56548.92307504481
