,GeneratorProfitDual,TotalCostDispatch,RTGeneratorProfitDual,gap,SSProfit
ObjectiveValue,56548.923075045226,351108.8742755426,56548.923075045226,3989.25,56548.92307504485
