,GeneratorProfitDual,TotalCostDispatch,RTGeneratorProfitDual,gap,SSProfit
ObjectiveValue,56548.92307504502,351108.87427554256,56548.92307504502,86.4305,56548.92307504481
