,GeneratorProfitDual,TotalCostDispatch,RTGeneratorProfitDual,gap,SSProfit
ObjectiveValue,32823.95828872674,120367.35002097648,32823.95828872674,372.933,32823.958288726026
