,GeneratorProfitDual,TotalCostDispatch,RTGeneratorProfitDual,gap,SSProfit
ObjectiveValue,2111.664611000814,26664.604788814584,2111.664611000814,2.40268,2111.6646110000056
