,GeneratorProfitDual,TotalCostDispatch,RTGeneratorProfitDual,gap,SSProfit
ObjectiveValue,7590.366416582421,179538.9223173797,7590.366416582421,496.324,7694.532800946665
