,GeneratorProfitDual,TotalCostDispatch,RTGeneratorProfitDual,gap,SSProfit
ObjectiveValue,17202.097986466295,357113.1361394771,17202.097986466295,41.7949,17222.223089294217
