,GeneratorProfitDual,TotalCostDispatch,RTGeneratorProfitDual,gap,SSProfit
ObjectiveValue,-2000358038.0377536,106619.00899942973,-2000358038.0377536,0.0,10763954.460275156
