,GeneratorProfitDual,TotalCostDispatch,RTGeneratorProfitDual,gap,SSProfit
ObjectiveValue,3275.330691222309,64140.25706225161,3275.330691222309,0.0,3275.330691221897
