,GeneratorProfitDual,TotalCostDispatch,RTGeneratorProfitDual,gap,SSProfit
ObjectiveValue,3275.3306912224903,64140.257062251556,3275.3306912224903,0.0,3275.330691221897
