,GeneratorProfitDual,TotalCostDispatch,RTGeneratorProfitDual,gap,SSProfit
ObjectiveValue,2154.615992781486,501958.1182844747,2154.615992781486,22.2051,2427.882861277704
