,GeneratorProfitDual,TotalCostDispatch,RTGeneratorProfitDual,gap,SSProfit
ObjectiveValue,1300.581372137697,331884.0708374146,1300.581372137697,3.38475,1334.9618422617116
