,GeneratorProfitDual,TotalCostDispatch,RTGeneratorProfitDual,gap,SSProfit
ObjectiveValue,54136.0841158723,133212.32674463416,54136.0841158723,600.464,54136.08411586697
