,GeneratorProfitDual,TotalCostDispatch,RTGeneratorProfitDual,gap,SSProfit
ObjectiveValue,54136.084115867925,133212.32674463812,54136.084115867925,537.996,54136.084115866885
