,GeneratorProfitDual,TotalCostDispatch,RTGeneratorProfitDual,gap,SSProfit
ObjectiveValue,3021.3244118386024,49530.97365966655,3021.3244118386024,4.2166,3021.324411838248
