,GeneratorProfitDual,TotalCostDispatch,RTGeneratorProfitDual,gap,SSProfit
ObjectiveValue,3021.3244118388584,49530.97365966619,3021.3244118388584,24.9453,3021.32441183824
