,GeneratorProfitDual,TotalCostDispatch,RTGeneratorProfitDual,gap,SSProfit
ObjectiveValue,26089.015313621076,80279.5730501508,26089.015313621076,11347.6,26084.132563531177
