,GeneratorProfitDual,TotalCostDispatch,RTGeneratorProfitDual,gap,SSProfit
ObjectiveValue,26089.01531362104,80279.5730501508,26089.01531362104,550.006,26089.015313620577
