,GeneratorProfitDual,TotalCostDispatch,RTGeneratorProfitDual,gap,SSProfit
ObjectiveValue,87620.07110469537,126447.96472223187,87620.07110469537,0.0,87620.0711046944
