,GeneratorProfitDual,TotalCostDispatch,RTGeneratorProfitDual,gap,SSProfit
ObjectiveValue,87335.06136403614,126436.01253774912,87335.06136403614,22860.5,87335.06136403473
