,GeneratorProfitDual,TotalCostDispatch,RTGeneratorProfitDual,gap,SSProfit
ObjectiveValue,17997.72677592738,76864.56510000052,17997.72677592738,398.166,18062.845626243557
