,GeneratorProfitDual,TotalCostDispatch,RTGeneratorProfitDual,gap,SSProfit
ObjectiveValue,2565.6985511793014,44185.01222257793,2565.6985511793014,0.0,2565.698551178561
