,GeneratorProfitDual,TotalCostDispatch,RTGeneratorProfitDual,gap,SSProfit
ObjectiveValue,-19565654745.77291,154957.89677405404,-19565654745.77291,0.0,-39011734.94851903
