,GeneratorProfitDual,TotalCostDispatch,RTGeneratorProfitDual,gap,SSProfit
ObjectiveValue,-1982867101.2785115,269559.5284136238,-1982867101.2785115,0.0,3542052.2071415484
