,GeneratorProfitDual,TotalCostDispatch,RTGeneratorProfitDual,gap,SSProfit
ObjectiveValue,1055.8323055001729,25292.53017149607,1055.8323055001729,0.752202,1055.8323055000012
