,GeneratorProfitDual,TotalCostDispatch,RTGeneratorProfitDual,gap,SSProfit
ObjectiveValue,10551.992182106374,59297.948952110644,10551.992182106374,2063.46,10551.992182105689
