,GeneratorProfitDual,TotalCostDispatch,RTGeneratorProfitDual,gap,SSProfit
ObjectiveValue,4005.002766001922,367903.0764326298,4005.002766001922,0.29535,4005.0027659999987
