,GeneratorProfitDual,TotalCostDispatch,RTGeneratorProfitDual,gap,SSProfit
ObjectiveValue,50762.07025435146,177239.9218216179,50762.07025435146,733.018,50762.070254351005
