,GeneratorProfitDual,TotalCostDispatch,RTGeneratorProfitDual,gap,SSProfit
ObjectiveValue,60867.28930491268,177239.92182161816,60867.28930491268,604.196,60867.289304911304
