,GeneratorProfitDual,TotalCostDispatch,RTGeneratorProfitDual,gap,SSProfit
ObjectiveValue,8.590756209788196,514183.8208930712,8.590756209788196,0.0,8.59075620000067
