,GeneratorProfitDual,TotalCostDispatch,RTGeneratorProfitDual,gap,SSProfit
ObjectiveValue,2548.0325506917197,26495.593135797142,2548.0325506917197,0.0,2548.0325506899558
