,GeneratorProfitDual,TotalCostDispatch,RTGeneratorProfitDual,gap,SSProfit
ObjectiveValue,62678.59555165399,263404.6132797205,62678.59555165399,626.508,62678.59555164886
