,GeneratorProfitDual,TotalCostDispatch,RTGeneratorProfitDual,gap,SSProfit
ObjectiveValue,10573.230026339774,59276.71110787762,10573.230026339774,11949.4,10573.230026338944
