,GeneratorProfitDual,TotalCostDispatch,RTGeneratorProfitDual,gap,SSProfit
ObjectiveValue,67195.91709709162,91796.26722155638,67195.91709709162,668.896,67195.91709709133
