,GeneratorProfitDual,TotalCostDispatch,RTGeneratorProfitDual,gap,SSProfit
ObjectiveValue,47098.12196873489,91534.71356137576,47098.12196873489,0.0,47098.12196873435
