,GeneratorProfitDual,TotalCostDispatch,RTGeneratorProfitDual,gap,SSProfit
ObjectiveValue,41767.62471869536,24363.8929983474,41767.62471869536,0.0,44482.64022539638
