,GeneratorProfitDual,TotalCostDispatch,RTGeneratorProfitDual,gap,SSProfit
ObjectiveValue,775.0605064154148,307463.8572674433,775.0605064154148,1.18421,775.0605064117698
