,GeneratorProfitDual,TotalCostDispatch,RTGeneratorProfitDual,gap,SSProfit
ObjectiveValue,3580.5829209670837,123039.90854359182,3580.5829209670837,7.08768,3783.625586999997
