,GeneratorProfitDual,TotalCostDispatch,RTGeneratorProfitDual,gap,SSProfit
ObjectiveValue,46988.30597210323,174884.44900273604,46988.30597210323,562.2,47319.56708810936
