,GeneratorProfitDual,TotalCostDispatch,RTGeneratorProfitDual,gap,SSProfit
ObjectiveValue,46847.48674369189,175022.85639696097,46847.48674369189,620.257,47319.5670881093
