,GeneratorProfitDual,TotalCostDispatch,RTGeneratorProfitDual,gap,SSProfit
ObjectiveValue,46988.30597210332,174884.4490027361,46988.30597210332,0.0,47319.56708810934
