,GeneratorProfitDual,TotalCostDispatch,RTGeneratorProfitDual,gap,SSProfit
ObjectiveValue,532.6211788865476,487376.6407193072,532.6211788865476,6.33245,839.6924802548829
