,GeneratorProfitDual,TotalCostDispatch,RTGeneratorProfitDual,gap,SSProfit
ObjectiveValue,-18337440405.84057,613265.8429432726,-18337440405.84057,0.0,-15633145.401925363
