,GeneratorProfitDual,TotalCostDispatch,RTGeneratorProfitDual,gap,SSProfit
ObjectiveValue,7774.592376234235,139958.8894103905,7774.592376234235,0.0,7774.592376233388
