,GeneratorProfitDual,TotalCostDispatch,RTGeneratorProfitDual,gap,SSProfit
ObjectiveValue,34906.21864697035,177694.72834032663,34906.21864697035,345.737,34955.0926640285
