,GeneratorProfitDual,TotalCostDispatch,RTGeneratorProfitDual,gap,SSProfit
ObjectiveValue,34890.428743715966,177710.51824358082,34890.428743715966,346.842,34904.45134628175
