,GeneratorProfitDual,TotalCostDispatch,RTGeneratorProfitDual,gap,SSProfit
ObjectiveValue,34903.57320499812,177697.3737822985,34903.57320499812,348.839,34904.45134628174
