,GeneratorProfitDual,TotalCostDispatch,RTGeneratorProfitDual,gap,SSProfit
ObjectiveValue,22773.838141762448,37554.19725098979,22773.838141762448,6914.21,22773.83814176202
