,GeneratorProfitDual,TotalCostDispatch,RTGeneratorProfitDual,gap,SSProfit
ObjectiveValue,6708.927743668706,52891.31727918769,6708.927743668706,0.0,6746.029761914053
