,GeneratorProfitDual,TotalCostDispatch,RTGeneratorProfitDual,gap,SSProfit
ObjectiveValue,8097.856492108869,319479.76396622864,8097.856492108869,11.7477,8097.785860173263
