,GeneratorProfitDual,TotalCostDispatch,RTGeneratorProfitDual,gap,SSProfit
ObjectiveValue,7857.322006015964,673305.7568553222,7857.322006015964,27.3902,7940.117430374911
