,GeneratorProfitDual,TotalCostDispatch,RTGeneratorProfitDual,gap,SSProfit
ObjectiveValue,60831.878631094085,356683.8551079332,60831.878631094085,773.387,61256.16992553021
