,GeneratorProfitDual,TotalCostDispatch,RTGeneratorProfitDual,gap,SSProfit
ObjectiveValue,4835.519316466369,306261.8758199422,4835.519316466369,18.0261,4835.519316461409
