,GeneratorProfitDual,TotalCostDispatch,RTGeneratorProfitDual,gap,SSProfit
ObjectiveValue,51068.254646141126,256014.8151065068,51068.254646141126,543.407,51233.3584604934
