,GeneratorProfitDual,TotalCostDispatch,RTGeneratorProfitDual,gap,SSProfit
ObjectiveValue,26660.53726282398,33449.088731658034,26660.53726282398,226.245,26660.53726282228
