,GeneratorProfitDual,TotalCostDispatch,RTGeneratorProfitDual,gap,SSProfit
ObjectiveValue,533.2796704655559,83038.57476717213,533.2796704655559,0.0,533.2796704654893
