,GeneratorProfitDual,TotalCostDispatch,RTGeneratorProfitDual,gap,SSProfit
ObjectiveValue,53455.453948365466,525128.6127151375,53455.453948365466,534.456,53443.93695303046
