,GeneratorProfitDual,TotalCostDispatch,RTGeneratorProfitDual,gap,SSProfit
ObjectiveValue,-15771067178.605026,20504.42676522971,-15771067178.605026,0.0,-62320529.94561382
