,GeneratorProfitDual,TotalCostDispatch,RTGeneratorProfitDual,gap,SSProfit
ObjectiveValue,3482.6137045466526,130801.1715828027,3482.6137045466526,0.0,3482.613704543494
