,GeneratorProfitDual,TotalCostDispatch,RTGeneratorProfitDual,gap,SSProfit
ObjectiveValue,65694.04596368235,119409.66586938663,65694.04596368235,652.053,65694.04596368167
