,GeneratorProfitDual,TotalCostDispatch,RTGeneratorProfitDual,gap,SSProfit
ObjectiveValue,2360.6690625271526,22454.010880637743,2360.6690625271526,0.0,2360.669062526965
