,GeneratorProfitDual,TotalCostDispatch,RTGeneratorProfitDual,gap,SSProfit
ObjectiveValue,2360.6690625273704,22454.010880637466,2360.6690625273704,0.0,2360.669062526958
