,GeneratorProfitDual,TotalCostDispatch,RTGeneratorProfitDual,gap,SSProfit
ObjectiveValue,2914.3551799699785,28091.733083622563,2914.3551799699785,0.0,2914.355179969165
