,GeneratorProfitDual,TotalCostDispatch,RTGeneratorProfitDual,gap,SSProfit
ObjectiveValue,11153.303880689093,49465.00354728947,11153.303880689093,13401.4,11153.30388068804
