,GeneratorProfitDual,TotalCostDispatch,RTGeneratorProfitDual,gap,SSProfit
ObjectiveValue,26890.61813161579,65549.6921524776,26890.61813161579,0.0,26975.02744346297
