,GeneratorProfitDual,TotalCostDispatch,RTGeneratorProfitDual,gap,SSProfit
ObjectiveValue,56535.94303776789,68587.29723576893,56535.94303776789,358.801,66456.68601784373
