,GeneratorProfitDual,TotalCostDispatch,RTGeneratorProfitDual,gap,SSProfit
ObjectiveValue,-16961844185.749306,88921.4020531384,-16961844185.749306,0.0,-62371197.852851965
