,GeneratorProfitDual,TotalCostDispatch,RTGeneratorProfitDual,gap,SSProfit
ObjectiveValue,-15473.97785511701,214776.11226814342,-15473.97785511701,3.46331,3834.696863704772
