,GeneratorProfitDual,TotalCostDispatch,RTGeneratorProfitDual,gap,SSProfit
ObjectiveValue,3586.9680935398897,99117.00404805195,3586.9680935398897,30.257,3586.968093537873
