,GeneratorProfitDual,TotalCostDispatch,RTGeneratorProfitDual,gap,SSProfit
ObjectiveValue,99746.05573721553,74007.50419879981,99746.05573721553,924.957,99746.05573721524
