,GeneratorProfitDual,TotalCostDispatch,RTGeneratorProfitDual,gap,SSProfit
ObjectiveValue,36143.36959530188,140012.3089802025,36143.36959530188,363.09,36143.369595301476
