,GeneratorProfitDual,TotalCostDispatch,RTGeneratorProfitDual,gap,SSProfit
ObjectiveValue,40616.68017787635,546459.2352109947,40616.68017787635,213.732,40616.67903124273
