,GeneratorProfitDual,TotalCostDispatch,RTGeneratorProfitDual,gap,SSProfit
ObjectiveValue,40616.67970737778,546459.2345348576,40616.67970737778,19.0478,40616.67903124273
