,GeneratorProfitDual,TotalCostDispatch,RTGeneratorProfitDual,gap,SSProfit
ObjectiveValue,47056.5905925513,221106.95986748135,47056.5905925513,10664.3,47260.01123120707
