,GeneratorProfitDual,TotalCostDispatch,RTGeneratorProfitDual,gap,SSProfit
ObjectiveValue,6626.381740517454,305401.8886730823,6626.381740517454,64.5199,6626.381740515603
