,GeneratorProfitDual,TotalCostDispatch,RTGeneratorProfitDual,gap,SSProfit
ObjectiveValue,72507.1216360458,34348.810031773384,72507.1216360458,724.399,72519.11682973996
