,GeneratorProfitDual,TotalCostDispatch,RTGeneratorProfitDual,gap,SSProfit
ObjectiveValue,23663.10447574397,191062.75318692098,23663.10447574397,3399.18,34896.247404173686
