,GeneratorProfitDual,TotalCostDispatch,RTGeneratorProfitDual,gap,SSProfit
ObjectiveValue,51615.49804236357,188854.896644202,51615.49804236357,515.123,55192.666570599504
