,GeneratorProfitDual,TotalCostDispatch,RTGeneratorProfitDual,gap,SSProfit
ObjectiveValue,31522.58202186772,625372.5280506923,31522.58202186772,314.046,31635.81377018692
