,GeneratorProfitDual,TotalCostDispatch,RTGeneratorProfitDual,gap,SSProfit
ObjectiveValue,31326.378461156317,625376.1198419721,31326.378461156317,4202.05,31575.658561627635
