,GeneratorProfitDual,TotalCostDispatch,RTGeneratorProfitDual,gap,SSProfit
ObjectiveValue,1868.3852935983448,10329.761397103835,1868.3852935983448,82.5494,1868.3852935973496
