,GeneratorProfitDual,TotalCostDispatch,RTGeneratorProfitDual,gap,SSProfit
ObjectiveValue,1868.3852935975578,10329.76139710463,1868.3852935975578,16.3818,1868.3852935973496
