,GeneratorProfitDual,TotalCostDispatch,RTGeneratorProfitDual,gap,SSProfit
ObjectiveValue,73775.40900779483,51778.47301623623,73775.40900779483,16190.6,73775.40900778744
