,GeneratorProfitDual,TotalCostDispatch,RTGeneratorProfitDual,gap,SSProfit
ObjectiveValue,3773.777896143499,48788.131876973275,3773.777896143499,0.0,3773.777896143097
