,GeneratorProfitDual,TotalCostDispatch,RTGeneratorProfitDual,gap,SSProfit
ObjectiveValue,31617.53879388241,37820.00028435515,31617.53879388241,0.0,31618.277967429876
