,GeneratorProfitDual,TotalCostDispatch,RTGeneratorProfitDual,gap,SSProfit
ObjectiveValue,31617.53879388246,37820.00028435509,31617.53879388246,16283.6,31618.756831817944
