,GeneratorProfitDual,TotalCostDispatch,RTGeneratorProfitDual,gap,SSProfit
ObjectiveValue,40506.0943963986,38492.93591938601,40506.0943963986,22163.9,40506.09439615105
