,GeneratorProfitDual,TotalCostDispatch,RTGeneratorProfitDual,gap,SSProfit
ObjectiveValue,40506.094396151435,38492.93591938627,40506.094396151435,19545.2,40506.094396151224
