,GeneratorProfitDual,TotalCostDispatch,RTGeneratorProfitDual,gap,SSProfit
ObjectiveValue,21413.309467219933,452079.36068491323,21413.309467219933,204.0,21497.45495210766
