,GeneratorProfitDual,TotalCostDispatch,RTGeneratorProfitDual,gap,SSProfit
ObjectiveValue,21413.309467220864,452079.3606849131,21413.309467220864,208.801,21499.284156681217
