,GeneratorProfitDual,TotalCostDispatch,RTGeneratorProfitDual,gap,SSProfit
ObjectiveValue,-16664055661.666441,321694.6859910677,-16664055661.666441,0.0,-20553184.561108187
