,GeneratorProfitDual,TotalCostDispatch,RTGeneratorProfitDual,gap,SSProfit
ObjectiveValue,7974.158374416878,219628.0216211944,7974.158374416878,17.2635,7974.158374415763
