,GeneratorProfitDual,TotalCostDispatch,RTGeneratorProfitDual,gap,SSProfit
ObjectiveValue,47905.77940228619,43954.22848743957,47905.77940228619,52035.0,47905.77940228155
