,GeneratorProfitDual,TotalCostDispatch,RTGeneratorProfitDual,gap,SSProfit
ObjectiveValue,1868.3852935978434,17958.337050009082,1868.3852935978434,0.0,1868.385293597361
