,GeneratorProfitDual,TotalCostDispatch,RTGeneratorProfitDual,gap,SSProfit
ObjectiveValue,1868.385293597727,17958.337050009206,1868.385293597727,0.80446,1868.3852935973612
