,GeneratorProfitDual,TotalCostDispatch,RTGeneratorProfitDual,gap,SSProfit
ObjectiveValue,1868.3852935975176,17958.3370500093,1868.3852935975176,0.0,1868.3852935973496
