,GeneratorProfitDual,TotalCostDispatch,RTGeneratorProfitDual,gap,SSProfit
ObjectiveValue,6583.721657504116,26176.318382761496,6583.721657504116,0.0,6583.721657503684
