,GeneratorProfitDual,TotalCostDispatch,RTGeneratorProfitDual,gap,SSProfit
ObjectiveValue,176.63042904408212,591389.841371781,176.63042904408212,0.0,176.68069866016447
