,GeneratorProfitDual,TotalCostDispatch,RTGeneratorProfitDual,gap,SSProfit
ObjectiveValue,-16971259868.789152,265383.1915271619,-16971259868.789152,0.0,-36445897.20266116
