,GeneratorProfitDual,TotalCostDispatch,RTGeneratorProfitDual,gap,SSProfit
ObjectiveValue,2212.4769335390292,376430.94896655745,2212.4769335390292,21.0466,5173.531745127009
