,GeneratorProfitDual,TotalCostDispatch,RTGeneratorProfitDual,gap,SSProfit
ObjectiveValue,13007.270063678368,129628.85444500748,13007.270063678368,112268.0,13173.197382651946
