,GeneratorProfitDual,TotalCostDispatch,RTGeneratorProfitDual,gap,SSProfit
ObjectiveValue,13005.992580956252,129667.99782767342,13005.992580956252,68479.6,13173.197382651886
