,GeneratorProfitDual,TotalCostDispatch,RTGeneratorProfitDual,gap,SSProfit
ObjectiveValue,4052.0381280087627,325236.995705019,4052.0381280087627,0.0301341,4026.771198000026
