,GeneratorProfitDual,TotalCostDispatch,RTGeneratorProfitDual,gap,SSProfit
ObjectiveValue,7923.320526001953,104673.0986710624,7923.320526001953,19.0419,7923.320525999985
