,GeneratorProfitDual,TotalCostDispatch,RTGeneratorProfitDual,gap,SSProfit
ObjectiveValue,1235.3829973007369,39034.3816900878,1235.3829973007369,1.72261,1235.3829973000013
