,GeneratorProfitDual,TotalCostDispatch,RTGeneratorProfitDual,gap,SSProfit
ObjectiveValue,28978.07073752216,425112.21513472375,28978.07073752216,179.957,47119.43801188143
