,GeneratorProfitDual,TotalCostDispatch,RTGeneratorProfitDual,gap,SSProfit
ObjectiveValue,23915.33485250625,24820.271471128217,23915.33485250625,3645.39,23915.33485250548
