,GeneratorProfitDual,TotalCostDispatch,RTGeneratorProfitDual,gap,SSProfit
ObjectiveValue,23915.33485250626,24820.271471128253,23915.33485250626,11050.5,23915.33485250551
