,GeneratorProfitDual,TotalCostDispatch,RTGeneratorProfitDual,gap,SSProfit
ObjectiveValue,66106.65482531182,207744.61800193458,66106.65482531182,368.143,66106.65482531024
