,GeneratorProfitDual,TotalCostDispatch,RTGeneratorProfitDual,gap,SSProfit
ObjectiveValue,-17499192528.06866,207744.61800193597,-17499192528.06866,0.0,-90716319.76298362
