,GeneratorProfitDual,TotalCostDispatch,RTGeneratorProfitDual,gap,SSProfit
ObjectiveValue,-16355008933.836908,323394.5558657302,-16355008933.836908,0.0,-20731525.705602854
