,GeneratorProfitDual,TotalCostDispatch,RTGeneratorProfitDual,gap,SSProfit
ObjectiveValue,103005.41877341077,371919.7866061557,103005.41877341077,1029.87,103009.43608570832
