,GeneratorProfitDual,TotalCostDispatch,RTGeneratorProfitDual,gap,SSProfit
ObjectiveValue,29744.0603242625,320259.9580613588,29744.0603242625,11835.4,29752.73111390564
