,GeneratorProfitDual,TotalCostDispatch,RTGeneratorProfitDual,gap,SSProfit
ObjectiveValue,7837.227908310755,376758.7626876806,7837.227908310755,36.0403,7982.307012059226
