,GeneratorProfitDual,TotalCostDispatch,RTGeneratorProfitDual,gap,SSProfit
ObjectiveValue,7611.495090351726,40445.28217922767,7611.495090351726,31953.2,7611.495090349518
