,GeneratorProfitDual,TotalCostDispatch,RTGeneratorProfitDual,gap,SSProfit
ObjectiveValue,-1945200810.9987261,29819.070140452255,-1945200810.9987261,0.0,18535166.45977925
