,GeneratorProfitDual,TotalCostDispatch,RTGeneratorProfitDual,gap,SSProfit
ObjectiveValue,3842.8250409174757,334197.20713103435,3842.8250409174757,20.4398,3964.3813169999976
