,GeneratorProfitDual,TotalCostDispatch,RTGeneratorProfitDual,gap,SSProfit
ObjectiveValue,75900.45772676132,226076.7259322255,75900.45772676132,978.738,75900.4577267608
