,GeneratorProfitDual,TotalCostDispatch,RTGeneratorProfitDual,gap,SSProfit
ObjectiveValue,75900.45772676163,226076.72593222576,75900.45772676163,1056.44,75900.4577267607
