,GeneratorProfitDual,TotalCostDispatch,RTGeneratorProfitDual,gap,SSProfit
ObjectiveValue,102771.32997801568,226076.72593222582,102771.32997801568,1004.28,102771.32997801511
