,GeneratorProfitDual,TotalCostDispatch,RTGeneratorProfitDual,gap,SSProfit
ObjectiveValue,-14141872118.753187,431044.8561434269,-14141872118.753187,0.0,-4265846.5576630505
