,GeneratorProfitDual,TotalCostDispatch,RTGeneratorProfitDual,gap,SSProfit
ObjectiveValue,54831.35777816001,65184.82338323001,54831.35777816001,13924.7,54831.35777815936
