,GeneratorProfitDual,TotalCostDispatch,RTGeneratorProfitDual,gap,SSProfit
ObjectiveValue,3628.292154443976,123989.06402591262,3628.292154443976,0.0,3628.292154443503
