,GeneratorProfitDual,TotalCostDispatch,RTGeneratorProfitDual,gap,SSProfit
ObjectiveValue,-1913313441.796216,380308.9558711981,-1913313441.796216,0.0,9078166.274183525
