,GeneratorProfitDual,TotalCostDispatch,RTGeneratorProfitDual,gap,SSProfit
ObjectiveValue,35527.59228949142,93434.35051613097,35527.59228949142,128897.0,35527.59228948551
