,GeneratorProfitDual,TotalCostDispatch,RTGeneratorProfitDual,gap,SSProfit
ObjectiveValue,35527.59228948623,93434.35051613541,35527.59228948623,24643.2,35527.5922894855
