,GeneratorProfitDual,TotalCostDispatch,RTGeneratorProfitDual,gap,SSProfit
ObjectiveValue,34714.11602389351,215434.0641281731,34714.11602389351,388.748,34837.99199575815
