,GeneratorProfitDual,TotalCostDispatch,RTGeneratorProfitDual,gap,SSProfit
ObjectiveValue,34589.87964708677,215384.14963414517,34589.87964708677,1678.13,34689.30993118126
