,GeneratorProfitDual,TotalCostDispatch,RTGeneratorProfitDual,gap,SSProfit
ObjectiveValue,13023.741207255785,32493.189932046313,13023.741207255785,0.0,13321.975170094549
