,GeneratorProfitDual,TotalCostDispatch,RTGeneratorProfitDual,gap,SSProfit
ObjectiveValue,6693.45855384194,32414.907050632086,6693.45855384194,4423.96,6693.458553841644
