,GeneratorProfitDual,TotalCostDispatch,RTGeneratorProfitDual,gap,SSProfit
ObjectiveValue,29557.117500661872,219255.44016372334,29557.117500661872,297.747,29808.681752883364
