,GeneratorProfitDual,TotalCostDispatch,RTGeneratorProfitDual,gap,SSProfit
ObjectiveValue,51829.162068555306,26176.3183827615,51829.162068555306,590.693,51829.16206855482
