,GeneratorProfitDual,TotalCostDispatch,RTGeneratorProfitDual,gap,SSProfit
ObjectiveValue,7482.4910984561275,51338.52198302867,7482.4910984561275,18.6704,7482.491098453326
