,GeneratorProfitDual,TotalCostDispatch,RTGeneratorProfitDual,gap,SSProfit
ObjectiveValue,33986.635102632616,11409.918917978992,33986.635102632616,5560.2,33986.6351026306
