,GeneratorProfitDual,TotalCostDispatch,RTGeneratorProfitDual,gap,SSProfit
ObjectiveValue,3964.3813170021394,189481.5431875229,3964.3813170021394,0.0,3964.3813170000094
