,GeneratorProfitDual,TotalCostDispatch,RTGeneratorProfitDual,gap,SSProfit
ObjectiveValue,1739.4417560490988,58527.47895487605,1739.4417560490988,50.8545,2057.0630722247433
