,GeneratorProfitDual,TotalCostDispatch,RTGeneratorProfitDual,gap,SSProfit
ObjectiveValue,7952.034612122718,272358.7345949442,7952.034612122718,69.5716,7952.034612120969
