,GeneratorProfitDual,TotalCostDispatch,RTGeneratorProfitDual,gap,SSProfit
ObjectiveValue,4231.4903111683825,162514.14860631656,4231.4903111683825,3596.14,4231.490311166664
