,GeneratorProfitDual,TotalCostDispatch,RTGeneratorProfitDual,gap,SSProfit
ObjectiveValue,59646.767096056414,93677.73473851901,59646.767096056414,89786.7,59646.76709605304
