,GeneratorProfitDual,TotalCostDispatch,RTGeneratorProfitDual,gap,SSProfit
ObjectiveValue,36669.82116589998,589938.8830265927,36669.82116589998,360.879,37019.99887593879
