,GeneratorProfitDual,TotalCostDispatch,RTGeneratorProfitDual,gap,SSProfit
ObjectiveValue,3883.865239149443,88921.40205313792,3883.865239149443,0.0,3887.0280981229375
