,GeneratorProfitDual,TotalCostDispatch,RTGeneratorProfitDual,gap,SSProfit
ObjectiveValue,75641.62851413227,259211.78803350488,75641.62851413227,847.338,58692.80520853104
