,GeneratorProfitDual,TotalCostDispatch,RTGeneratorProfitDual,gap,SSProfit
ObjectiveValue,3524.7602940768884,31537.28965450523,3524.7602940768884,0.0,3524.76029407613
