,GeneratorProfitDual,TotalCostDispatch,RTGeneratorProfitDual,gap,SSProfit
ObjectiveValue,38273.098829108596,226612.82382661817,38273.098829108596,924.472,38538.33058114328
