,GeneratorProfitDual,TotalCostDispatch,RTGeneratorProfitDual,gap,SSProfit
ObjectiveValue,9668.256421463637,22165.736006265586,9668.256421463637,135.733,9668.256421463455
