,GeneratorProfitDual,TotalCostDispatch,RTGeneratorProfitDual,gap,SSProfit
ObjectiveValue,11966.46932691345,217946.18600395074,11966.46932691345,14324.6,11966.46932691073
