,GeneratorProfitDual,TotalCostDispatch,RTGeneratorProfitDual,gap,SSProfit
ObjectiveValue,11966.469326917133,217946.18600394644,11966.469326917133,8811.55,11966.469326910777
