,GeneratorProfitDual,TotalCostDispatch,RTGeneratorProfitDual,gap,SSProfit
ObjectiveValue,2151.310035724863,212256.03920920484,2151.310035724863,0.0,1505.2925171868092
