,GeneratorProfitDual,TotalCostDispatch,RTGeneratorProfitDual,gap,SSProfit
ObjectiveValue,-17124029980.551254,407088.79875498597,-17124029980.551254,0.0,-39348112.79427507
