,GeneratorProfitDual,TotalCostDispatch,RTGeneratorProfitDual,gap,SSProfit
ObjectiveValue,24975.615596076037,311335.567729274,24975.615596076037,239.739,24975.615596075237
