,GeneratorProfitDual,TotalCostDispatch,RTGeneratorProfitDual,gap,SSProfit
ObjectiveValue,34100.23826785801,244461.47159265156,34100.23826785801,455.767,34157.884712511135
