,GeneratorProfitDual,TotalCostDispatch,RTGeneratorProfitDual,gap,SSProfit
ObjectiveValue,34098.35220968377,244461.47159265162,34098.35220968377,454.916,34153.68964565656
