,GeneratorProfitDual,TotalCostDispatch,RTGeneratorProfitDual,gap,SSProfit
ObjectiveValue,4817.855916656653,16276.467633095983,4817.855916656653,37.4379,4817.855916656388
