,GeneratorProfitDual,TotalCostDispatch,RTGeneratorProfitDual,gap,SSProfit
ObjectiveValue,27460.919556798865,60048.61036707303,27460.919556798865,745.099,27726.158916564345
