,GeneratorProfitDual,TotalCostDispatch,RTGeneratorProfitDual,gap,SSProfit
ObjectiveValue,8066.646500617356,353662.04652307753,8066.646500617356,75.4178,8069.46957998243
