,GeneratorProfitDual,TotalCostDispatch,RTGeneratorProfitDual,gap,SSProfit
ObjectiveValue,-1950013677.9628274,59788.2581788903,-1950013677.9628274,0.0,12016211.190296588
