,GeneratorProfitDual,TotalCostDispatch,RTGeneratorProfitDual,gap,SSProfit
ObjectiveValue,-17399903617.77496,558632.7731158851,-17399903617.77496,0.0,-2149912.5947353262
