,GeneratorProfitDual,TotalCostDispatch,RTGeneratorProfitDual,gap,SSProfit
ObjectiveValue,8612.42411596452,22165.73600626488,8612.42411596452,10301.1,8612.42411596353
