,GeneratorProfitDual,TotalCostDispatch,RTGeneratorProfitDual,gap,SSProfit
ObjectiveValue,4053.4084827186507,310770.2649330781,4053.4084827186507,0.0,4050.8719620000234
