,GeneratorProfitDual,TotalCostDispatch,RTGeneratorProfitDual,gap,SSProfit
ObjectiveValue,47086.40759802939,113022.83102842321,47086.40759802939,2036.63,47086.407598027276
