,GeneratorProfitDual,TotalCostDispatch,RTGeneratorProfitDual,gap,SSProfit
ObjectiveValue,47001.154219090145,112976.09700385864,47001.154219090145,2036.78,47001.15421908823
