,GeneratorProfitDual,TotalCostDispatch,RTGeneratorProfitDual,gap,SSProfit
ObjectiveValue,38952.34917975988,81938.50663208449,38952.34917975988,29604.8,67602.62408347354
