,GeneratorProfitDual,TotalCostDispatch,RTGeneratorProfitDual,gap,SSProfit
ObjectiveValue,35206.2360006137,74694.77284504664,35206.2360006137,3394.53,35663.9874084034
