,GeneratorProfitDual,TotalCostDispatch,RTGeneratorProfitDual,gap,SSProfit
ObjectiveValue,40742.6204906226,136141.7778386164,40742.6204906226,338.066,40742.62049062146
