,GeneratorProfitDual,TotalCostDispatch,RTGeneratorProfitDual,gap,SSProfit
ObjectiveValue,37443.21868308187,227390.44171263973,37443.21868308187,2612.15,37648.043438998226
