,GeneratorProfitDual,TotalCostDispatch,RTGeneratorProfitDual,gap,SSProfit
ObjectiveValue,47027.96056614463,229179.54606543298,47027.96056614463,469.202,49467.86972702656
