,GeneratorProfitDual,TotalCostDispatch,RTGeneratorProfitDual,gap,SSProfit
ObjectiveValue,6211.745198897841,130801.17158280275,6211.745198897841,15989.8,6211.745198893518
