,GeneratorProfitDual,TotalCostDispatch,RTGeneratorProfitDual,gap,SSProfit
ObjectiveValue,6211.745198895514,130801.17158280502,6211.745198895514,168.39,6211.745198893539
