,GeneratorProfitDual,TotalCostDispatch,RTGeneratorProfitDual,gap,SSProfit
ObjectiveValue,59363.723302925435,250458.93879172817,59363.723302925435,596.76,59398.052422160814
