,GeneratorProfitDual,TotalCostDispatch,RTGeneratorProfitDual,gap,SSProfit
ObjectiveValue,59345.86798671455,250460.5027689192,59345.86798671455,596.515,59398.05242216083
