,GeneratorProfitDual,TotalCostDispatch,RTGeneratorProfitDual,gap,SSProfit
ObjectiveValue,59361.927407285504,250460.73468736812,59361.927407285504,587.383,59361.92740728406
