,GeneratorProfitDual,TotalCostDispatch,RTGeneratorProfitDual,gap,SSProfit
ObjectiveValue,39647.16090620459,497566.03739683144,39647.16090620459,375.825,39647.17512192122
