,GeneratorProfitDual,TotalCostDispatch,RTGeneratorProfitDual,gap,SSProfit
ObjectiveValue,-18808514600.344074,325696.7090163937,-18808514600.344074,0.0,-8277321.969254213
