,GeneratorProfitDual,TotalCostDispatch,RTGeneratorProfitDual,gap,SSProfit
ObjectiveValue,4003.4788913729344,313623.8355654266,4003.4788913729344,780.794,4001.7076662770432
