,GeneratorProfitDual,TotalCostDispatch,RTGeneratorProfitDual,gap,SSProfit
ObjectiveValue,3324.486275393279,47309.33438086652,3324.486275393279,23.307,3324.4862753923026
