,GeneratorProfitDual,TotalCostDispatch,RTGeneratorProfitDual,gap,SSProfit
ObjectiveValue,61894.903827906004,181446.49816473384,61894.903827906004,0.0,71735.48963831263
