,GeneratorProfitDual,TotalCostDispatch,RTGeneratorProfitDual,gap,SSProfit
ObjectiveValue,42989.004011580626,180955.69360809636,42989.004011580626,457.274,43282.48859914224
