,GeneratorProfitDual,TotalCostDispatch,RTGeneratorProfitDual,gap,SSProfit
ObjectiveValue,82967.40863838233,298534.6127334964,82967.40863838233,811.344,82967.40863838067
