,GeneratorProfitDual,TotalCostDispatch,RTGeneratorProfitDual,gap,SSProfit
ObjectiveValue,75934.82671934724,298534.6127334964,75934.82671934724,828.508,75934.82671934587
