,GeneratorProfitDual,TotalCostDispatch,RTGeneratorProfitDual,gap,SSProfit
ObjectiveValue,75934.82671934937,298534.6127334964,75934.82671934937,705.204,75934.82671934603
