,GeneratorProfitDual,TotalCostDispatch,RTGeneratorProfitDual,gap,SSProfit
ObjectiveValue,30996.571141474367,145159.10743403036,30996.571141474367,166.084,30996.571141471217
