,GeneratorProfitDual,TotalCostDispatch,RTGeneratorProfitDual,gap,SSProfit
ObjectiveValue,30996.571141471562,145159.1074340323,30996.571141471562,230.881,30996.571141471224
