,GeneratorProfitDual,TotalCostDispatch,RTGeneratorProfitDual,gap,SSProfit
ObjectiveValue,111126.26412660493,246965.5163138841,111126.26412660493,3653.84,113651.17963050208
