,GeneratorProfitDual,TotalCostDispatch,RTGeneratorProfitDual,gap,SSProfit
ObjectiveValue,24035.495316197048,186718.91761662622,24035.495316197048,215.74,24035.554952699396
