,GeneratorProfitDual,TotalCostDispatch,RTGeneratorProfitDual,gap,SSProfit
ObjectiveValue,24118.55907363865,186644.72022766876,24118.55907363865,237.866,24126.512739425296
