,GeneratorProfitDual,TotalCostDispatch,RTGeneratorProfitDual,gap,SSProfit
ObjectiveValue,3658.1321193863023,105031.61258562387,3658.1321193863023,0.0,3698.356245041123
