,GeneratorProfitDual,TotalCostDispatch,RTGeneratorProfitDual,gap,SSProfit
ObjectiveValue,6836.908220104324,130912.20793771885,6836.908220104324,9.4374,6836.908220103917
