,GeneratorProfitDual,TotalCostDispatch,RTGeneratorProfitDual,gap,SSProfit
ObjectiveValue,60868.28366820669,129055.14213420279,60868.28366820669,729.106,63642.53141535731
