,GeneratorProfitDual,TotalCostDispatch,RTGeneratorProfitDual,gap,SSProfit
ObjectiveValue,80777.67144851574,130704.68511135156,80777.67144851574,0.0,85502.03225808033
