,GeneratorProfitDual,TotalCostDispatch,RTGeneratorProfitDual,gap,SSProfit
ObjectiveValue,6845.439042199378,143088.29432309358,6845.439042199378,486.947,9871.015038763708
