,GeneratorProfitDual,TotalCostDispatch,RTGeneratorProfitDual,gap,SSProfit
ObjectiveValue,19803.212846870407,452938.057959776,19803.212846870407,2.67655,19803.212846867795
