,GeneratorProfitDual,TotalCostDispatch,RTGeneratorProfitDual,gap,SSProfit
ObjectiveValue,-1957434673.379964,65548.49488871825,-1957434673.379964,0.0,10017256.84557259
