,GeneratorProfitDual,TotalCostDispatch,RTGeneratorProfitDual,gap,SSProfit
ObjectiveValue,3500.2472490014616,171027.22200759297,3500.2472490014616,0.0,3500.2472490000036
