,GeneratorProfitDual,TotalCostDispatch,RTGeneratorProfitDual,gap,SSProfit
ObjectiveValue,51070.36470169647,107763.15836262045,51070.36470169647,796.01,51468.141639778834
