,GeneratorProfitDual,TotalCostDispatch,RTGeneratorProfitDual,gap,SSProfit
ObjectiveValue,46827.34488524089,172844.51553304345,46827.34488524089,4152.76,47161.172577958096
