,GeneratorProfitDual,TotalCostDispatch,RTGeneratorProfitDual,gap,SSProfit
ObjectiveValue,62114.58288536144,173257.2021246291,62114.58288536144,2810.09,64828.835373622715
