,GeneratorProfitDual,TotalCostDispatch,RTGeneratorProfitDual,gap,SSProfit
ObjectiveValue,-1938857594.2256558,142584.73308144187,-1938857594.2256558,0.0,3389380.406027889
