,GeneratorProfitDual,TotalCostDispatch,RTGeneratorProfitDual,gap,SSProfit
ObjectiveValue,5294.812735322309,184694.24549202394,5294.812735322309,38.7738,5373.709297940168
