,GeneratorProfitDual,TotalCostDispatch,RTGeneratorProfitDual,gap,SSProfit
ObjectiveValue,2947.5394244729596,51675.91760174222,2947.5394244729596,25.536,2947.5394244719155
