,GeneratorProfitDual,TotalCostDispatch,RTGeneratorProfitDual,gap,SSProfit
ObjectiveValue,2697.488669414868,335758.1416498307,2697.488669414868,11.1236,2697.48866941236
