,GeneratorProfitDual,TotalCostDispatch,RTGeneratorProfitDual,gap,SSProfit
ObjectiveValue,3301.2154483363374,122400.29470830612,3301.2154483363374,187.635,3938.336942999997
