,GeneratorProfitDual,TotalCostDispatch,RTGeneratorProfitDual,gap,SSProfit
ObjectiveValue,20161.501227775116,24953.976021332353,20161.501227775116,12798.9,20161.50122777375
