,GeneratorProfitDual,TotalCostDispatch,RTGeneratorProfitDual,gap,SSProfit
ObjectiveValue,1708.6797478747342,386675.22940370237,1708.6797478747342,3.4985,1713.2745770098031
