,GeneratorProfitDual,TotalCostDispatch,RTGeneratorProfitDual,gap,SSProfit
ObjectiveValue,-1726530571.4507976,188211.8800721292,-1726530571.4507976,0.0,10472021.175197454
