,GeneratorProfitDual,TotalCostDispatch,RTGeneratorProfitDual,gap,SSProfit
ObjectiveValue,1283.563880563588,322526.8869874228,1283.563880563588,0.0,1338.287707221431
