,GeneratorProfitDual,TotalCostDispatch,RTGeneratorProfitDual,gap,SSProfit
ObjectiveValue,8031.826119973404,254905.2944446182,8031.826119973404,0.0,8031.826119972011
