,GeneratorProfitDual,TotalCostDispatch,RTGeneratorProfitDual,gap,SSProfit
ObjectiveValue,7300.173513081281,107165.54320913309,7300.173513081281,55.3205,7373.218598563276
