,GeneratorProfitDual,TotalCostDispatch,RTGeneratorProfitDual,gap,SSProfit
ObjectiveValue,4031.0304436417127,326335.5094051775,4031.0304436417127,0.0,4026.7711980000076
