,GeneratorProfitDual,TotalCostDispatch,RTGeneratorProfitDual,gap,SSProfit
ObjectiveValue,42653.05825873027,267890.2382295233,42653.05825873027,418.409,42785.61185379226
