,GeneratorProfitDual,TotalCostDispatch,RTGeneratorProfitDual,gap,SSProfit
ObjectiveValue,3717.463353353849,82425.84891302543,3717.463353353849,34.39,3717.463353351113
