,GeneratorProfitDual,TotalCostDispatch,RTGeneratorProfitDual,gap,SSProfit
ObjectiveValue,12455.285219799254,664607.7773718953,12455.285219799254,17.0055,12487.517338658241
