,GeneratorProfitDual,TotalCostDispatch,RTGeneratorProfitDual,gap,SSProfit
ObjectiveValue,6457.026740103174,16265.829440747306,6457.026740103174,85.0029,6457.02674010299
