,GeneratorProfitDual,TotalCostDispatch,RTGeneratorProfitDual,gap,SSProfit
ObjectiveValue,-1737454191.8507078,31283.342037873415,-1737454191.8507078,0.0,19166873.35748801
