,GeneratorProfitDual,TotalCostDispatch,RTGeneratorProfitDual,gap,SSProfit
ObjectiveValue,45275.844206868234,175033.2874092306,45275.844206868234,567.901,45428.48733805221
