,GeneratorProfitDual,TotalCostDispatch,RTGeneratorProfitDual,gap,SSProfit
ObjectiveValue,5197.108449444067,129561.2639051495,5197.108449444067,8.96323,5582.843944542378
