,GeneratorProfitDual,TotalCostDispatch,RTGeneratorProfitDual,gap,SSProfit
ObjectiveValue,36846.54309301594,18280.597738945533,36846.54309301594,0.0,46696.49686367642
