,GeneratorProfitDual,TotalCostDispatch,RTGeneratorProfitDual,gap,SSProfit
ObjectiveValue,1868.3852935976283,17958.337050009286,1868.3852935976283,0.0,1868.3852935973496
