,GeneratorProfitDual,TotalCostDispatch,RTGeneratorProfitDual,gap,SSProfit
ObjectiveValue,-1926783876.9876997,228588.23402872318,-1926783876.9876997,0.0,4669549.756641825
