,GeneratorProfitDual,TotalCostDispatch,RTGeneratorProfitDual,gap,SSProfit
ObjectiveValue,-1926521258.2956688,226461.0711422706,-1926521258.2956688,0.0,4165304.0492204996
