,GeneratorProfitDual,TotalCostDispatch,RTGeneratorProfitDual,gap,SSProfit
ObjectiveValue,-1924607896.6581109,226461.0711422706,-1924607896.6581109,0.0,6735163.355434903
