,GeneratorProfitDual,TotalCostDispatch,RTGeneratorProfitDual,gap,SSProfit
ObjectiveValue,23273.796233069756,227122.3738291029,23273.796233069756,238.426,23980.668532461237
