,GeneratorProfitDual,TotalCostDispatch,RTGeneratorProfitDual,gap,SSProfit
ObjectiveValue,17833.773410140617,31495.300854670713,17833.773410140617,5790.36,19927.734022348006
