,GeneratorProfitDual,TotalCostDispatch,RTGeneratorProfitDual,gap,SSProfit
ObjectiveValue,62656.155960692544,258988.97586069925,62656.155960692544,835.859,62999.09854357987
