,GeneratorProfitDual,TotalCostDispatch,RTGeneratorProfitDual,gap,SSProfit
ObjectiveValue,4031.420842694314,268850.6899650984,4031.420842694314,31.3104,4018.593016689991
