,GeneratorProfitDual,TotalCostDispatch,RTGeneratorProfitDual,gap,SSProfit
ObjectiveValue,777.2192381558148,147098.46191144097,777.2192381558148,0.0,777.2192381536095
