,GeneratorProfitDual,TotalCostDispatch,RTGeneratorProfitDual,gap,SSProfit
ObjectiveValue,9002.548239936892,320922.7508668425,9002.548239936892,90.5072,9431.504716458374
