,GeneratorProfitDual,TotalCostDispatch,RTGeneratorProfitDual,gap,SSProfit
ObjectiveValue,-1931116688.0395892,61289.00704892587,-1931116688.0395892,0.0,14478358.292730417
