,GeneratorProfitDual,TotalCostDispatch,RTGeneratorProfitDual,gap,SSProfit
ObjectiveValue,66678.53156892046,274950.5672571031,66678.53156892046,0.0,66678.53156891844
