,GeneratorProfitDual,TotalCostDispatch,RTGeneratorProfitDual,gap,SSProfit
ObjectiveValue,66678.53156891996,274950.5672571032,66678.53156891996,284.88,66678.53156891854
