,GeneratorProfitDual,TotalCostDispatch,RTGeneratorProfitDual,gap,SSProfit
ObjectiveValue,66678.53156892167,274950.5672571026,66678.53156892167,530.162,66678.53156891851
