,GeneratorProfitDual,TotalCostDispatch,RTGeneratorProfitDual,gap,SSProfit
ObjectiveValue,89448.0384723613,72339.68647647365,89448.0384723613,817.142,121466.24739068346
