,GeneratorProfitDual,TotalCostDispatch,RTGeneratorProfitDual,gap,SSProfit
ObjectiveValue,63588.907784372146,336793.50351005414,63588.907784372146,0.0,63588.90778437107
