,GeneratorProfitDual,TotalCostDispatch,RTGeneratorProfitDual,gap,SSProfit
ObjectiveValue,51221.762872838575,263162.62264481036,51221.762872838575,619.884,51330.16551929418
