,GeneratorProfitDual,TotalCostDispatch,RTGeneratorProfitDual,gap,SSProfit
ObjectiveValue,1829.6433222831956,50499.343408519904,1829.6433222831956,13678.7,1833.2366492055057
