,GeneratorProfitDual,TotalCostDispatch,RTGeneratorProfitDual,gap,SSProfit
ObjectiveValue,50329.54522744845,55058.978880432136,50329.54522744845,0.0,50329.54522744729
