,GeneratorProfitDual,TotalCostDispatch,RTGeneratorProfitDual,gap,SSProfit
ObjectiveValue,50329.545227448514,55058.97888043243,50329.545227448514,29154.8,50329.54522744763
