,GeneratorProfitDual,TotalCostDispatch,RTGeneratorProfitDual,gap,SSProfit
ObjectiveValue,8053.651066832972,424999.56239646394,8053.651066832972,0.0,8053.651066832324
