,GeneratorProfitDual,TotalCostDispatch,RTGeneratorProfitDual,gap,SSProfit
ObjectiveValue,3976.610128346285,331495.1549024822,3976.610128346285,0.0,4026.771198000023
