,GeneratorProfitDual,TotalCostDispatch,RTGeneratorProfitDual,gap,SSProfit
ObjectiveValue,38923.268651625796,48879.18684289149,38923.268651625796,856.312,39633.183492722084
