,GeneratorProfitDual,TotalCostDispatch,RTGeneratorProfitDual,gap,SSProfit
ObjectiveValue,-1734583717.2775886,67820.8751045053,-1734583717.2775886,0.0,20188723.124849122
