,GeneratorProfitDual,TotalCostDispatch,RTGeneratorProfitDual,gap,SSProfit
ObjectiveValue,2939.88863861553,49175.47439789716,2939.88863861553,179.266,2939.8886386148815
