,GeneratorProfitDual,TotalCostDispatch,RTGeneratorProfitDual,gap,SSProfit
ObjectiveValue,2939.888638615488,49175.47439789717,2939.888638615488,128.919,2939.8886386148683
