,GeneratorProfitDual,TotalCostDispatch,RTGeneratorProfitDual,gap,SSProfit
ObjectiveValue,2939.888638616195,49175.47439789657,2939.888638616195,131.613,2939.888638614874
