,GeneratorProfitDual,TotalCostDispatch,RTGeneratorProfitDual,gap,SSProfit
ObjectiveValue,1868.3852935975501,8112.242250396059,1868.3852935975501,0.0,1868.3852935973496
