,GeneratorProfitDual,TotalCostDispatch,RTGeneratorProfitDual,gap,SSProfit
ObjectiveValue,1868.385293598118,8112.24225039552,1868.385293598118,0.0,1868.3852935973498
