,GeneratorProfitDual,TotalCostDispatch,RTGeneratorProfitDual,gap,SSProfit
ObjectiveValue,11547.088763498467,280046.4997087536,11547.088763498467,71.4546,11547.088763496376
