,GeneratorProfitDual,TotalCostDispatch,RTGeneratorProfitDual,gap,SSProfit
ObjectiveValue,68423.9672803787,382282.77491160174,68423.9672803787,175.242,68424.25273991097
