,GeneratorProfitDual,TotalCostDispatch,RTGeneratorProfitDual,gap,SSProfit
ObjectiveValue,88001.95654527748,253335.0772555792,88001.95654527748,0.0,88073.46183958638
