,GeneratorProfitDual,TotalCostDispatch,RTGeneratorProfitDual,gap,SSProfit
ObjectiveValue,44682.12541220556,311973.2566427343,44682.12541220556,540.797,44759.459663338435
