,GeneratorProfitDual,TotalCostDispatch,RTGeneratorProfitDual,gap,SSProfit
ObjectiveValue,43548.99344558062,311930.8189848035,43548.99344558062,48.6261,43548.99344557962
