,GeneratorProfitDual,TotalCostDispatch,RTGeneratorProfitDual,gap,SSProfit
ObjectiveValue,43144.36572388884,282748.93752538285,43144.36572388884,8176.59,43144.36572388684
