,GeneratorProfitDual,TotalCostDispatch,RTGeneratorProfitDual,gap,SSProfit
ObjectiveValue,43144.36572388752,282748.93752538285,43144.36572388752,450.908,43144.36572388684
