,GeneratorProfitDual,TotalCostDispatch,RTGeneratorProfitDual,gap,SSProfit
ObjectiveValue,79147.25283989152,104124.89419035999,79147.25283989152,911.79,79270.7553323278
