,GeneratorProfitDual,TotalCostDispatch,RTGeneratorProfitDual,gap,SSProfit
ObjectiveValue,80682.5716045888,104264.5491127278,80682.5716045888,806.822,80688.73597359622
