,GeneratorProfitDual,TotalCostDispatch,RTGeneratorProfitDual,gap,SSProfit
ObjectiveValue,-16044246057.27248,268850.68996510346,-16044246057.27248,0.0,-26416500.158732336
