,GeneratorProfitDual,TotalCostDispatch,RTGeneratorProfitDual,gap,SSProfit
ObjectiveValue,5670.447773103012,16265.82944074731,5670.447773103012,4.01581,5670.447773103019
