,GeneratorProfitDual,TotalCostDispatch,RTGeneratorProfitDual,gap,SSProfit
ObjectiveValue,5670.447773103974,16265.829440746542,5670.447773103974,48.4712,5670.447773103011
