,GeneratorProfitDual,TotalCostDispatch,RTGeneratorProfitDual,gap,SSProfit
ObjectiveValue,103715.1514408089,174740.3778272292,103715.1514408089,42993.7,103745.78174281774
