,GeneratorProfitDual,TotalCostDispatch,RTGeneratorProfitDual,gap,SSProfit
ObjectiveValue,103785.30790034494,174748.33600954813,103785.30790034494,0.0,103785.30790034248
