,GeneratorProfitDual,TotalCostDispatch,RTGeneratorProfitDual,gap,SSProfit
ObjectiveValue,-16270127739.156502,209567.05931844504,-16270127739.156502,0.0,-27153177.37007336
