,GeneratorProfitDual,TotalCostDispatch,RTGeneratorProfitDual,gap,SSProfit
ObjectiveValue,17973.478669077507,76864.56510000273,17973.478669077507,7335.09,18062.845626243536
