,GeneratorProfitDual,TotalCostDispatch,RTGeneratorProfitDual,gap,SSProfit
ObjectiveValue,18182.42498426797,76931.91134952482,18182.42498426797,267.258,18248.928337744546
