,GeneratorProfitDual,TotalCostDispatch,RTGeneratorProfitDual,gap,SSProfit
ObjectiveValue,-15549279030.400066,264336.80831991235,-15549279030.400066,0.0,-23296003.23005783
