,GeneratorProfitDual,TotalCostDispatch,RTGeneratorProfitDual,gap,SSProfit
ObjectiveValue,8667.327395851602,40445.2821792279,8667.327395851602,125.038,8667.32739584953
