,GeneratorProfitDual,TotalCostDispatch,RTGeneratorProfitDual,gap,SSProfit
ObjectiveValue,8011.949142001439,262947.04992559244,8011.949142001439,0.0,8011.949141999986
