,GeneratorProfitDual,TotalCostDispatch,RTGeneratorProfitDual,gap,SSProfit
ObjectiveValue,7973.414015338665,270495.8921268319,7973.414015338665,7.52436,8053.542395999989
