,GeneratorProfitDual,TotalCostDispatch,RTGeneratorProfitDual,gap,SSProfit
ObjectiveValue,5257.980479000465,21763.015731539603,5257.980479000465,19.0998,5257.980479
