,GeneratorProfitDual,TotalCostDispatch,RTGeneratorProfitDual,gap,SSProfit
ObjectiveValue,3544.1447404030478,119328.22396810866,3544.1447404030478,13.4858,3939.500552378958
