,GeneratorProfitDual,TotalCostDispatch,RTGeneratorProfitDual,gap,SSProfit
ObjectiveValue,48495.38067904634,351108.8742755415,48495.38067904634,483.991,48495.38067904486
