,GeneratorProfitDual,TotalCostDispatch,RTGeneratorProfitDual,gap,SSProfit
ObjectiveValue,-17140645796.112297,351108.87427554507,-17140645796.112297,502.321,-27389064.62333501
