,GeneratorProfitDual,TotalCostDispatch,RTGeneratorProfitDual,gap,SSProfit
ObjectiveValue,54862.858290156946,269559.52841362247,54862.858290156946,1419.39,55078.68034889232
