,GeneratorProfitDual,TotalCostDispatch,RTGeneratorProfitDual,gap,SSProfit
ObjectiveValue,55139.06402273746,269561.06775273895,55139.06402273746,536.869,55328.071543391845
