,GeneratorProfitDual,TotalCostDispatch,RTGeneratorProfitDual,gap,SSProfit
ObjectiveValue,58542.711668931915,354346.4561731571,58542.711668931915,305.924,58658.94974864073
