,GeneratorProfitDual,TotalCostDispatch,RTGeneratorProfitDual,gap,SSProfit
ObjectiveValue,58579.17717836489,354345.8575412774,58579.17717836489,499.621,58677.3927626912
