,GeneratorProfitDual,TotalCostDispatch,RTGeneratorProfitDual,gap,SSProfit
ObjectiveValue,51177.74884215646,243866.5861256198,51177.74884215646,7787.76,51823.21492139452
