,GeneratorProfitDual,TotalCostDispatch,RTGeneratorProfitDual,gap,SSProfit
ObjectiveValue,93330.75603365849,281505.31502940896,93330.75603365849,697.041,93326.5073021973
