,GeneratorProfitDual,TotalCostDispatch,RTGeneratorProfitDual,gap,SSProfit
ObjectiveValue,38192.0554194195,140663.18911309805,38192.0554194195,370.48,38192.05541941908
