,GeneratorProfitDual,TotalCostDispatch,RTGeneratorProfitDual,gap,SSProfit
ObjectiveValue,36807.78129489193,140116.582922728,36807.78129489193,421.113,36807.78129489115
