,GeneratorProfitDual,TotalCostDispatch,RTGeneratorProfitDual,gap,SSProfit
ObjectiveValue,59631.95760880654,74549.75932579846,59631.95760880654,0.0,59631.95760880528
