,GeneratorProfitDual,TotalCostDispatch,RTGeneratorProfitDual,gap,SSProfit
ObjectiveValue,59631.95760880635,74549.75932579846,59631.95760880635,8645.61,59631.95760880538
