,GeneratorProfitDual,TotalCostDispatch,RTGeneratorProfitDual,gap,SSProfit
ObjectiveValue,7392.999970469177,387002.12439403776,7392.999970469177,69.8369,7629.809904343803
