,GeneratorProfitDual,TotalCostDispatch,RTGeneratorProfitDual,gap,SSProfit
ObjectiveValue,4018.5777264589437,253710.0894130572,4018.5777264589437,193.36,4018.577726457836
