,GeneratorProfitDual,TotalCostDispatch,RTGeneratorProfitDual,gap,SSProfit
ObjectiveValue,22163.17064909416,306250.52998933976,22163.17064909416,152.983,22163.170649084663
