,GeneratorProfitDual,TotalCostDispatch,RTGeneratorProfitDual,gap,SSProfit
ObjectiveValue,22163.170649090443,306250.52998934634,22163.170649090443,38.7906,22163.170649084677
