,GeneratorProfitDual,TotalCostDispatch,RTGeneratorProfitDual,gap,SSProfit
ObjectiveValue,4361.34043551411,31493.014041582162,4361.34043551411,0.0,6374.937903967353
