,GeneratorProfitDual,TotalCostDispatch,RTGeneratorProfitDual,gap,SSProfit
ObjectiveValue,21211.214173158296,37400.94191120915,21211.214173158296,0.0,21211.214173158103
