,GeneratorProfitDual,TotalCostDispatch,RTGeneratorProfitDual,gap,SSProfit
ObjectiveValue,8043.228109507225,325451.525003618,8043.228109507225,40.4283,8043.228109505835
