,GeneratorProfitDual,TotalCostDispatch,RTGeneratorProfitDual,gap,SSProfit
ObjectiveValue,1868.385293598346,11098.712088620092,1868.385293598346,0.0,1868.3852935973496
