,GeneratorProfitDual,TotalCostDispatch,RTGeneratorProfitDual,gap,SSProfit
ObjectiveValue,9676.84123008919,766566.1341581134,9676.84123008919,96.9702,9676.841230085232
