,GeneratorProfitDual,TotalCostDispatch,RTGeneratorProfitDual,gap,SSProfit
ObjectiveValue,9780.587770915368,766419.5145577354,9780.587770915368,92.3948,9806.395151027577
