,GeneratorProfitDual,TotalCostDispatch,RTGeneratorProfitDual,gap,SSProfit
ObjectiveValue,21250.93379443524,43609.74505290339,21250.93379443524,0.0,21250.933794434197
