,GeneratorProfitDual,TotalCostDispatch,RTGeneratorProfitDual,gap,SSProfit
ObjectiveValue,21250.93379443471,43609.74505290385,21250.93379443471,343.178,21250.93379443404
