,GeneratorProfitDual,TotalCostDispatch,RTGeneratorProfitDual,gap,SSProfit
ObjectiveValue,13185.005785171272,53949.16544583635,13185.005785171272,213.962,13185.005785171057
