,GeneratorProfitDual,TotalCostDispatch,RTGeneratorProfitDual,gap,SSProfit
ObjectiveValue,13158.934512145355,53975.23671886262,13158.934512145355,6160.78,13158.934512142758
