,GeneratorProfitDual,TotalCostDispatch,RTGeneratorProfitDual,gap,SSProfit
ObjectiveValue,57555.241934474805,258210.20348627088,57555.241934474805,610.276,57534.445307467286
