,GeneratorProfitDual,TotalCostDispatch,RTGeneratorProfitDual,gap,SSProfit
ObjectiveValue,66728.60540896763,586482.9775370156,66728.60540896763,3188.99,66910.37630320998
