,GeneratorProfitDual,TotalCostDispatch,RTGeneratorProfitDual,gap,SSProfit
ObjectiveValue,66844.95974215382,586369.4891451795,66844.95974215382,3922.0,66907.82077999495
