,GeneratorProfitDual,TotalCostDispatch,RTGeneratorProfitDual,gap,SSProfit
ObjectiveValue,21501.805150688408,171944.29527923564,21501.805150688408,33.7727,21501.80515068774
