,GeneratorProfitDual,TotalCostDispatch,RTGeneratorProfitDual,gap,SSProfit
ObjectiveValue,3329.7812348439584,78924.79988019344,3329.7812348439584,2.51853,3347.675844981519
