,GeneratorProfitDual,TotalCostDispatch,RTGeneratorProfitDual,gap,SSProfit
ObjectiveValue,3329.7812348446632,78924.79988019282,3329.7812348446632,0.0,3329.7812348438683
