,GeneratorProfitDual,TotalCostDispatch,RTGeneratorProfitDual,gap,SSProfit
ObjectiveValue,22774.18037133523,207206.86616937147,22774.18037133523,407.29,22787.592031243414
