,GeneratorProfitDual,TotalCostDispatch,RTGeneratorProfitDual,gap,SSProfit
ObjectiveValue,22333.079795303296,207202.54539365784,22333.079795303296,6572.51,22333.07979530171
