,GeneratorProfitDual,TotalCostDispatch,RTGeneratorProfitDual,gap,SSProfit
ObjectiveValue,5836.874083798664,70948.71542357975,5836.874083798664,51.0749,6884.594639054468
