,GeneratorProfitDual,TotalCostDispatch,RTGeneratorProfitDual,gap,SSProfit
ObjectiveValue,1868.3852935975397,10329.761397104628,1868.3852935975397,0.0,1868.3852935973496
