,GeneratorProfitDual,TotalCostDispatch,RTGeneratorProfitDual,gap,SSProfit
ObjectiveValue,69648.74773403881,210793.76831932613,69648.74773403881,27051.9,69648.32988856327
