,GeneratorProfitDual,TotalCostDispatch,RTGeneratorProfitDual,gap,SSProfit
ObjectiveValue,69647.75216021048,210793.76831932625,69647.75216021048,28543.4,69647.75216020872
