,GeneratorProfitDual,TotalCostDispatch,RTGeneratorProfitDual,gap,SSProfit
ObjectiveValue,11161.15321617541,169805.5118650565,11161.15321617541,111.717,12500.096458653483
