,GeneratorProfitDual,TotalCostDispatch,RTGeneratorProfitDual,gap,SSProfit
ObjectiveValue,7710.520669261574,325236.99570502434,7710.520669261574,0.0,7710.520669258436
