,GeneratorProfitDual,TotalCostDispatch,RTGeneratorProfitDual,gap,SSProfit
ObjectiveValue,42454.1818996545,228925.78107093857,42454.1818996545,16435.9,42454.181899653326
