,GeneratorProfitDual,TotalCostDispatch,RTGeneratorProfitDual,gap,SSProfit
ObjectiveValue,42455.07744131499,228924.88552927825,42455.07744131499,512.541,42457.68039765343
