,GeneratorProfitDual,TotalCostDispatch,RTGeneratorProfitDual,gap,SSProfit
ObjectiveValue,2709.7810620003047,37400.94191120915,2709.7810620003047,0.0,2709.7810620000037
