,GeneratorProfitDual,TotalCostDispatch,RTGeneratorProfitDual,gap,SSProfit
ObjectiveValue,375.91009060827355,591389.8413717761,375.91009060827355,3.75257,375.9007236601203
