,GeneratorProfitDual,TotalCostDispatch,RTGeneratorProfitDual,gap,SSProfit
ObjectiveValue,2362.4558322178573,12356.376321221727,2362.4558322178573,22.4094,2362.455832217226
