,GeneratorProfitDual,TotalCostDispatch,RTGeneratorProfitDual,gap,SSProfit
ObjectiveValue,2362.4558322175644,12356.376321222027,2362.4558322175644,0.0,2362.455832217231
