,GeneratorProfitDual,TotalCostDispatch,RTGeneratorProfitDual,gap,SSProfit
ObjectiveValue,11762.283976127832,117264.93288612927,11762.283976127832,15333.4,11896.377154532436
