,GeneratorProfitDual,TotalCostDispatch,RTGeneratorProfitDual,gap,SSProfit
ObjectiveValue,1896.4606305403126,460614.4008320248,1896.4606305403126,0.0,2118.432067044422
