,GeneratorProfitDual,TotalCostDispatch,RTGeneratorProfitDual,gap,SSProfit
ObjectiveValue,-1927527053.3659673,331494.41860467655,-1927527053.3659673,0.0,600905.324755019
