,GeneratorProfitDual,TotalCostDispatch,RTGeneratorProfitDual,gap,SSProfit
ObjectiveValue,23463.649533801647,263387.4476546926,23463.649533801647,270.558,23463.649533790966
