,GeneratorProfitDual,TotalCostDispatch,RTGeneratorProfitDual,gap,SSProfit
ObjectiveValue,81943.41811426281,133835.46928336663,81943.41811426281,50891.5,81943.4181142596
