,GeneratorProfitDual,TotalCostDispatch,RTGeneratorProfitDual,gap,SSProfit
ObjectiveValue,14522.301695059348,36669.74913100359,14522.301695059348,2775.38,14522.301695058344
