,GeneratorProfitDual,TotalCostDispatch,RTGeneratorProfitDual,gap,SSProfit
ObjectiveValue,47587.45059247509,87393.7569105807,47587.45059247509,12173.4,47587.45059247446
