,GeneratorProfitDual,TotalCostDispatch,RTGeneratorProfitDual,gap,SSProfit
ObjectiveValue,47586.140547407034,87395.06695564878,47586.140547407034,3242.3,47586.140547406336
