,GeneratorProfitDual,TotalCostDispatch,RTGeneratorProfitDual,gap,SSProfit
ObjectiveValue,-1975228143.5792449,105120.58907425795,-1975228143.5792449,0.0,10968582.405721772
