,GeneratorProfitDual,TotalCostDispatch,RTGeneratorProfitDual,gap,SSProfit
ObjectiveValue,55477.59095389054,131870.81990661583,55477.59095389054,496.552,55477.59095388934
