,GeneratorProfitDual,TotalCostDispatch,RTGeneratorProfitDual,gap,SSProfit
ObjectiveValue,-1956052023.4083436,228537.3181831423,-1956052023.4083436,0.0,3837064.949183038
