,GeneratorProfitDual,TotalCostDispatch,RTGeneratorProfitDual,gap,SSProfit
ObjectiveValue,7892.04089070443,157387.05387156413,7892.04089070443,1.9183,7892.040890704008
