,GeneratorProfitDual,TotalCostDispatch,RTGeneratorProfitDual,gap,SSProfit
ObjectiveValue,21339.585563199493,81499.93695391758,21339.585563199493,19026.3,21339.585563197274
