,GeneratorProfitDual,TotalCostDispatch,RTGeneratorProfitDual,gap,SSProfit
ObjectiveValue,2377.4342367476074,383655.18566221953,2377.4342367476074,10.195,2377.4342367432246
