,GeneratorProfitDual,TotalCostDispatch,RTGeneratorProfitDual,gap,SSProfit
ObjectiveValue,34837.663061343854,108103.5075184293,34837.663061343854,439.823,34837.66306134211
