,GeneratorProfitDual,TotalCostDispatch,RTGeneratorProfitDual,gap,SSProfit
ObjectiveValue,34818.455979994884,108122.71459977787,34818.455979994884,6713.44,34818.45597999361
