,GeneratorProfitDual,TotalCostDispatch,RTGeneratorProfitDual,gap,SSProfit
ObjectiveValue,45344.67380118278,306435.79832668666,45344.67380118278,404.554,45344.673801181896
