,GeneratorProfitDual,TotalCostDispatch,RTGeneratorProfitDual,gap,SSProfit
ObjectiveValue,28787.04314691639,59554.06667924498,28787.04314691639,493.397,28787.043146915792
