,GeneratorProfitDual,TotalCostDispatch,RTGeneratorProfitDual,gap,SSProfit
ObjectiveValue,33204.45509719372,59767.96788802392,33204.45509719372,331.861,33204.455097192935
