,GeneratorProfitDual,TotalCostDispatch,RTGeneratorProfitDual,gap,SSProfit
ObjectiveValue,45260.79059355699,292564.7469649622,45260.79059355699,249.879,45262.43383520355
