,GeneratorProfitDual,TotalCostDispatch,RTGeneratorProfitDual,gap,SSProfit
ObjectiveValue,-1912533856.952585,70824.61112156136,-1912533856.952585,0.0,14194781.116897404
