,GeneratorProfitDual,TotalCostDispatch,RTGeneratorProfitDual,gap,SSProfit
ObjectiveValue,79795.99908061464,322308.7401759563,79795.99908061464,0.0,79795.99908060703
