,GeneratorProfitDual,TotalCostDispatch,RTGeneratorProfitDual,gap,SSProfit
ObjectiveValue,21607.740664523302,212858.87939677984,21607.740664523302,116.712,21863.128611336957
