,GeneratorProfitDual,TotalCostDispatch,RTGeneratorProfitDual,gap,SSProfit
ObjectiveValue,5957.15817792831,84788.43375647713,5957.15817792831,1899.68,7911.286428239395
