,GeneratorProfitDual,TotalCostDispatch,RTGeneratorProfitDual,gap,SSProfit
ObjectiveValue,3964.3440365699753,154957.89677405288,3964.3440365699753,0.0,3964.3440365683864
