,GeneratorProfitDual,TotalCostDispatch,RTGeneratorProfitDual,gap,SSProfit
ObjectiveValue,63045.44020988003,164850.98221292003,63045.44020988003,598.701,63212.47528302814
