,GeneratorProfitDual,TotalCostDispatch,RTGeneratorProfitDual,gap,SSProfit
ObjectiveValue,30899.455034071423,108104.73912970172,30899.455034071423,427.592,30899.45503406975
