,GeneratorProfitDual,TotalCostDispatch,RTGeneratorProfitDual,gap,SSProfit
ObjectiveValue,230.60710888021276,397525.3264385172,230.60710888021276,0.56577,294.32539117048896
