,GeneratorProfitDual,TotalCostDispatch,RTGeneratorProfitDual,gap,SSProfit
ObjectiveValue,14319.588686639612,29144.764035793713,14319.588686639612,0.0,14319.588686639225
