,GeneratorProfitDual,TotalCostDispatch,RTGeneratorProfitDual,gap,SSProfit
ObjectiveValue,-1892004710.3088982,283392.1796993289,-1892004710.3088982,0.0,8830327.143360537
