,GeneratorProfitDual,TotalCostDispatch,RTGeneratorProfitDual,gap,SSProfit
ObjectiveValue,21889.335797115808,139648.6815150712,21889.335797115808,8118.72,21889.335797114665
