,GeneratorProfitDual,TotalCostDispatch,RTGeneratorProfitDual,gap,SSProfit
ObjectiveValue,13297.108247084114,63849.45788720303,13297.108247084114,2598.82,13786.214392737504
