,GeneratorProfitDual,TotalCostDispatch,RTGeneratorProfitDual,gap,SSProfit
ObjectiveValue,13197.285238336784,64137.16674829459,13197.285238336784,0.0,16773.293997639234
