,GeneratorProfitDual,TotalCostDispatch,RTGeneratorProfitDual,gap,SSProfit
ObjectiveValue,8036.110351474602,322191.1373078452,8036.110351474602,8.24586,8036.110351473333
