,GeneratorProfitDual,TotalCostDispatch,RTGeneratorProfitDual,gap,SSProfit
ObjectiveValue,-1995489653.8615985,29144.764035794156,-1995489653.8615985,0.0,15757413.548854286
