,GeneratorProfitDual,TotalCostDispatch,RTGeneratorProfitDual,gap,SSProfit
ObjectiveValue,6445.948134390638,396386.60687529255,6445.948134390638,64.3885,6579.206444700727
