,GeneratorProfitDual,TotalCostDispatch,RTGeneratorProfitDual,gap,SSProfit
ObjectiveValue,-16466426595.280159,355732.8636967985,-16466426595.280159,0.0,-10931418.896362094
