,GeneratorProfitDual,TotalCostDispatch,RTGeneratorProfitDual,gap,SSProfit
ObjectiveValue,-1918857159.2995543,339483.048887036,-1918857159.2995543,0.0,600905.324755019
