,GeneratorProfitDual,TotalCostDispatch,RTGeneratorProfitDual,gap,SSProfit
ObjectiveValue,-1938907749.7884974,244552.68127894346,-1938907749.7884974,0.0,8384407.520800801
