,GeneratorProfitDual,TotalCostDispatch,RTGeneratorProfitDual,gap,SSProfit
ObjectiveValue,64470.730203892774,89220.06733121199,64470.730203892774,641.679,64470.73020389269
