,GeneratorProfitDual,TotalCostDispatch,RTGeneratorProfitDual,gap,SSProfit
ObjectiveValue,49674.32185907914,88958.51367103143,49674.32185907914,674.333,49674.321859078605
