,GeneratorProfitDual,TotalCostDispatch,RTGeneratorProfitDual,gap,SSProfit
ObjectiveValue,-2004061360.9028354,36669.749131004544,-2004061360.9028354,0.0,11626330.835335901
