,GeneratorProfitDual,TotalCostDispatch,RTGeneratorProfitDual,gap,SSProfit
ObjectiveValue,100211.1276579042,111985.29949594264,100211.1276579042,11223.7,113136.7920756853
