,GeneratorProfitDual,TotalCostDispatch,RTGeneratorProfitDual,gap,SSProfit
ObjectiveValue,-1921034487.2394238,200869.7544578539,-1921034487.2394238,0.0,14085170.098816242
