,GeneratorProfitDual,TotalCostDispatch,RTGeneratorProfitDual,gap,SSProfit
ObjectiveValue,-19562121212.313206,174856.08906530833,-19562121212.313206,0.0,-45175391.58542047
