,GeneratorProfitDual,TotalCostDispatch,RTGeneratorProfitDual,gap,SSProfit
ObjectiveValue,53541.39785115605,270880.98885262245,53541.39785115605,267.171,53835.353031892264
