,GeneratorProfitDual,TotalCostDispatch,RTGeneratorProfitDual,gap,SSProfit
ObjectiveValue,53395.043015619114,270881.8868004393,53395.043015619114,412.355,53849.63444244641
