,GeneratorProfitDual,TotalCostDispatch,RTGeneratorProfitDual,gap,SSProfit
ObjectiveValue,12675.779391990516,73607.80399148456,12675.779391990516,205.872,13416.021957646539
