,GeneratorProfitDual,TotalCostDispatch,RTGeneratorProfitDual,gap,SSProfit
ObjectiveValue,13270.790050497522,72968.64688418657,13270.790050497522,29519.3,13416.021957646564
