,GeneratorProfitDual,TotalCostDispatch,RTGeneratorProfitDual,gap,SSProfit
ObjectiveValue,8014.087113002181,398302.72585735976,8014.087113002181,37.8179,8014.087112999991
