,GeneratorProfitDual,TotalCostDispatch,RTGeneratorProfitDual,gap,SSProfit
ObjectiveValue,-1949339466.7385883,59674.97765665199,-1949339466.7385883,0.0,11923001.126882806
