,GeneratorProfitDual,TotalCostDispatch,RTGeneratorProfitDual,gap,SSProfit
ObjectiveValue,3913.8932186329375,168088.30059157245,3913.8932186329375,23.8198,4001.5042679999938
