,GeneratorProfitDual,TotalCostDispatch,RTGeneratorProfitDual,gap,SSProfit
ObjectiveValue,-1917112257.6253917,183905.49943973336,-1917112257.6253917,0.0,4739622.117738756
