,GeneratorProfitDual,TotalCostDispatch,RTGeneratorProfitDual,gap,SSProfit
ObjectiveValue,24115.547596652494,128987.59688234418,24115.547596652494,500.272,24174.184851235088
