,GeneratorProfitDual,TotalCostDispatch,RTGeneratorProfitDual,gap,SSProfit
ObjectiveValue,24126.67522772865,128976.46925126638,24126.67522772865,490.264,24185.31248231176
