,GeneratorProfitDual,TotalCostDispatch,RTGeneratorProfitDual,gap,SSProfit
ObjectiveValue,23139.357046163434,129000.37825797344,23139.357046163434,0.0,23645.246719305214
