,GeneratorProfitDual,TotalCostDispatch,RTGeneratorProfitDual,gap,SSProfit
ObjectiveValue,3899.606320093852,306403.98406585236,3899.606320093852,26.5468,3899.6063200915296
