,GeneratorProfitDual,TotalCostDispatch,RTGeneratorProfitDual,gap,SSProfit
ObjectiveValue,13511.074491493922,39160.63750410387,13511.074491493922,2460.25,13511.074491493659
