,GeneratorProfitDual,TotalCostDispatch,RTGeneratorProfitDual,gap,SSProfit
ObjectiveValue,9697.700014604745,29272.206333122842,9697.700014604745,94.1377,12003.254954306434
