,GeneratorProfitDual,TotalCostDispatch,RTGeneratorProfitDual,gap,SSProfit
ObjectiveValue,108793.07585544355,368403.9141058333,108793.07585544355,1084.89,108793.07585544095
