,GeneratorProfitDual,TotalCostDispatch,RTGeneratorProfitDual,gap,SSProfit
ObjectiveValue,8628.58186319711,147671.19038075992,8628.58186319711,79.8872,8628.581863195694
