,GeneratorProfitDual,TotalCostDispatch,RTGeneratorProfitDual,gap,SSProfit
ObjectiveValue,8628.581863200388,147671.19038075669,8628.581863200388,0.0,8628.581863195694
