,GeneratorProfitDual,TotalCostDispatch,RTGeneratorProfitDual,gap,SSProfit
ObjectiveValue,-17540807937.032276,17655.381999238514,-17540807937.032276,0.0,-91802320.31013617
