,GeneratorProfitDual,TotalCostDispatch,RTGeneratorProfitDual,gap,SSProfit
ObjectiveValue,-1707707431.2304668,138498.16850064008,-1707707431.2304668,0.0,8895090.321330773
