,GeneratorProfitDual,TotalCostDispatch,RTGeneratorProfitDual,gap,SSProfit
ObjectiveValue,32503.152094884663,583201.1602566476,32503.152094884663,155.8,32544.01258915555
