,GeneratorProfitDual,TotalCostDispatch,RTGeneratorProfitDual,gap,SSProfit
ObjectiveValue,50726.568283634595,364976.01478619454,50726.568283634595,1197.65,50726.56828363042
