,GeneratorProfitDual,TotalCostDispatch,RTGeneratorProfitDual,gap,SSProfit
ObjectiveValue,50726.568283637534,364976.0147861946,50726.568283637534,2785.6,50726.568283630404
