,GeneratorProfitDual,TotalCostDispatch,RTGeneratorProfitDual,gap,SSProfit
ObjectiveValue,-1991153336.8413343,31283.34203787342,-1991153336.8413343,0.0,7743052.667001542
