,GeneratorProfitDual,TotalCostDispatch,RTGeneratorProfitDual,gap,SSProfit
ObjectiveValue,17895.72993585948,68192.01439859763,17895.72993585948,284.729,18243.859694406012
