,GeneratorProfitDual,TotalCostDispatch,RTGeneratorProfitDual,gap,SSProfit
ObjectiveValue,41879.28200735374,69061.81324246014,41879.28200735374,112.541,45496.56310094868
