,GeneratorProfitDual,TotalCostDispatch,RTGeneratorProfitDual,gap,SSProfit
ObjectiveValue,43319.58266757054,267139.5295001578,43319.58266757054,217.839,43452.13626263167
