,GeneratorProfitDual,TotalCostDispatch,RTGeneratorProfitDual,gap,SSProfit
ObjectiveValue,54400.91582369736,177558.77303784163,54400.91582369736,592.914,54400.91582369427
