,GeneratorProfitDual,TotalCostDispatch,RTGeneratorProfitDual,gap,SSProfit
ObjectiveValue,3356.3398580068824,150586.58312245266,3356.3398580068824,1.54463,3356.339858005741
