,GeneratorProfitDual,TotalCostDispatch,RTGeneratorProfitDual,gap,SSProfit
ObjectiveValue,6537.651084221088,18971.581678146384,6537.651084221088,4649.26,6537.651084220548
