,GeneratorProfitDual,TotalCostDispatch,RTGeneratorProfitDual,gap,SSProfit
ObjectiveValue,3558.1393202972945,107458.30648099269,3558.1393202972945,14.2145,3558.139320297041
