,GeneratorProfitDual,TotalCostDispatch,RTGeneratorProfitDual,gap,SSProfit
ObjectiveValue,220.25224974049365,534130.7342678662,220.25224974049365,1.32699,220.25224973464213
