,GeneratorProfitDual,TotalCostDispatch,RTGeneratorProfitDual,gap,SSProfit
ObjectiveValue,1059.3954606825948,361486.6824840018,1059.3954606825948,10.2741,1210.2483812346384
