,GeneratorProfitDual,TotalCostDispatch,RTGeneratorProfitDual,gap,SSProfit
ObjectiveValue,5786.0747278554745,29322.0580319487,5786.0747278554745,2.9063,5788.981025506429
