,GeneratorProfitDual,TotalCostDispatch,RTGeneratorProfitDual,gap,SSProfit
ObjectiveValue,-14602773168.55987,42384.629198952345,-14602773168.55987,0.0,-53249295.058949046
