,GeneratorProfitDual,TotalCostDispatch,RTGeneratorProfitDual,gap,SSProfit
ObjectiveValue,39309.39670875383,70882.14387736356,39309.39670875383,895.074,39913.17157866934
