,GeneratorProfitDual,TotalCostDispatch,RTGeneratorProfitDual,gap,SSProfit
ObjectiveValue,78372.58405855943,75219.12014405652,78372.58405855943,14522.9,78380.84874422874
