,GeneratorProfitDual,TotalCostDispatch,RTGeneratorProfitDual,gap,SSProfit
ObjectiveValue,2851.276526104659,334826.7759932037,2851.276526104659,0.0,2851.276526102994
