,GeneratorProfitDual,TotalCostDispatch,RTGeneratorProfitDual,gap,SSProfit
ObjectiveValue,59685.051045837565,104877.45936813667,59685.051045837565,12370.0,59685.05104583654
