,GeneratorProfitDual,TotalCostDispatch,RTGeneratorProfitDual,gap,SSProfit
ObjectiveValue,48460.39367819311,103157.92807039084,48460.39367819311,30191.8,48460.393678192326
