,GeneratorProfitDual,TotalCostDispatch,RTGeneratorProfitDual,gap,SSProfit
ObjectiveValue,10311.023549978274,102102.38386077463,10311.023549978274,19956.0,10311.023549976879
