,GeneratorProfitDual,TotalCostDispatch,RTGeneratorProfitDual,gap,SSProfit
ObjectiveValue,51592.2554634919,103831.42339909305,51592.2554634919,24776.8,51592.25546349178
