,GeneratorProfitDual,TotalCostDispatch,RTGeneratorProfitDual,gap,SSProfit
ObjectiveValue,-1728652800.924477,314851.7595483372,-1728652800.924477,0.0,740834.8909872724
