,GeneratorProfitDual,TotalCostDispatch,RTGeneratorProfitDual,gap,SSProfit
ObjectiveValue,-1963489338.371747,33962.200967750076,-1963489338.371747,0.0,7640262.932739902
