,GeneratorProfitDual,TotalCostDispatch,RTGeneratorProfitDual,gap,SSProfit
ObjectiveValue,1567.446555728107,39976.40878479417,1567.446555728107,13.7347,2121.7311621601875
