,GeneratorProfitDual,TotalCostDispatch,RTGeneratorProfitDual,gap,SSProfit
ObjectiveValue,30862.122627725737,177698.28319895378,30862.122627725737,308.091,30955.887645757786
