,GeneratorProfitDual,TotalCostDispatch,RTGeneratorProfitDual,gap,SSProfit
ObjectiveValue,3251.816303691112,229866.8844758676,3251.816303691112,0.0,3600.9828790188844
