,GeneratorProfitDual,TotalCostDispatch,RTGeneratorProfitDual,gap,SSProfit
ObjectiveValue,11.601954048766402,434461.2069328889,11.601954048766402,0.00308932,11.6019540438283
