,GeneratorProfitDual,TotalCostDispatch,RTGeneratorProfitDual,gap,SSProfit
ObjectiveValue,16113.417004940702,36855.46599708584,16113.417004940702,411.014,16150.572349613914
