,GeneratorProfitDual,TotalCostDispatch,RTGeneratorProfitDual,gap,SSProfit
ObjectiveValue,16138.166284806759,36810.883617537045,16138.166284806759,106.963,16138.16628480595
