,GeneratorProfitDual,TotalCostDispatch,RTGeneratorProfitDual,gap,SSProfit
ObjectiveValue,16138.166284819872,36810.88361753698,16138.166284819872,203.518,16138.166284835908
