,GeneratorProfitDual,TotalCostDispatch,RTGeneratorProfitDual,gap,SSProfit
ObjectiveValue,1868.3852935978725,6883.866879288936,1868.3852935978725,0.0,1868.3852935973837
