,GeneratorProfitDual,TotalCostDispatch,RTGeneratorProfitDual,gap,SSProfit
ObjectiveValue,1868.3852935974558,6883.866879289323,1868.3852935974558,0.0,1868.3852935973496
