,GeneratorProfitDual,TotalCostDispatch,RTGeneratorProfitDual,gap,SSProfit
ObjectiveValue,-1918132510.0052257,205485.96850101606,-1918132510.0052257,0.0,13747734.455027465
