,GeneratorProfitDual,TotalCostDispatch,RTGeneratorProfitDual,gap,SSProfit
ObjectiveValue,1691.8429312383535,465756.14148704824,1691.8429312383535,16.0768,1684.3248520703025
