,GeneratorProfitDual,TotalCostDispatch,RTGeneratorProfitDual,gap,SSProfit
ObjectiveValue,-1742174099.0973194,198958.9707691453,-1742174099.0973194,0.0,6588901.456881322
