,GeneratorProfitDual,TotalCostDispatch,RTGeneratorProfitDual,gap,SSProfit
ObjectiveValue,8884.880611412638,199223.64745989017,8884.880611412638,3775.88,9248.021545953176
