,GeneratorProfitDual,TotalCostDispatch,RTGeneratorProfitDual,gap,SSProfit
ObjectiveValue,-1688633487.4424305,198958.9707691453,-1688633487.4424305,0.0,7164531.888012956
