,GeneratorProfitDual,TotalCostDispatch,RTGeneratorProfitDual,gap,SSProfit
ObjectiveValue,-1928465252.556785,198958.9707691453,-1928465252.556785,0.0,5179291.347884888
