,GeneratorProfitDual,TotalCostDispatch,RTGeneratorProfitDual,gap,SSProfit
ObjectiveValue,10672.326264010335,23668.32349245357,10672.326264010335,34771.3,10672.326264010024
