,GeneratorProfitDual,TotalCostDispatch,RTGeneratorProfitDual,gap,SSProfit
ObjectiveValue,11806.119430493598,23716.24791056309,11806.119430493598,18504.5,11908.139038059751
