,GeneratorProfitDual,TotalCostDispatch,RTGeneratorProfitDual,gap,SSProfit
ObjectiveValue,23821.534293174365,117339.3893514818,23821.534293174365,28.3599,23814.244677148377
