,GeneratorProfitDual,TotalCostDispatch,RTGeneratorProfitDual,gap,SSProfit
ObjectiveValue,50329.54522744677,55058.97888043299,50329.54522744677,6647.97,50329.54522744616
