,GeneratorProfitDual,TotalCostDispatch,RTGeneratorProfitDual,gap,SSProfit
ObjectiveValue,-1885200651.0343468,329267.5207285724,-1885200651.0343468,0.0,6334879.202366927
