,GeneratorProfitDual,TotalCostDispatch,RTGeneratorProfitDual,gap,SSProfit
ObjectiveValue,62327.29559055442,324925.89253607567,62327.29559055442,518.901,62327.29559055226
