,GeneratorProfitDual,TotalCostDispatch,RTGeneratorProfitDual,gap,SSProfit
ObjectiveValue,-1920297828.9769297,302367.87467228295,-1920297828.9769297,0.0,5047034.969512201
