,GeneratorProfitDual,TotalCostDispatch,RTGeneratorProfitDual,gap,SSProfit
ObjectiveValue,-1876546255.0237885,302370.93812816,-1876546255.0237885,0.0,7206239.598495958
