,GeneratorProfitDual,TotalCostDispatch,RTGeneratorProfitDual,gap,SSProfit
ObjectiveValue,46313.06742944255,55058.97888042922,46313.06742944255,136247.0,46313.06742943859
