,GeneratorProfitDual,TotalCostDispatch,RTGeneratorProfitDual,gap,SSProfit
ObjectiveValue,46313.067429439616,55058.9788804321,46313.067429439616,70352.3,46313.067429438575
