,GeneratorProfitDual,TotalCostDispatch,RTGeneratorProfitDual,gap,SSProfit
ObjectiveValue,5895.255389118124,99305.63867022483,5895.255389118124,39.924,6049.197727695649
