,GeneratorProfitDual,TotalCostDispatch,RTGeneratorProfitDual,gap,SSProfit
ObjectiveValue,1818.2700190261608,306299.7158485696,1818.2700190261608,16.9786,1818.2700190229357
