,GeneratorProfitDual,TotalCostDispatch,RTGeneratorProfitDual,gap,SSProfit
ObjectiveValue,56925.43027433083,379025.05268784275,56925.43027433083,565.162,57045.84479831056
