,GeneratorProfitDual,TotalCostDispatch,RTGeneratorProfitDual,gap,SSProfit
ObjectiveValue,14395.98457344497,302740.24656564865,14395.98457344497,84.5081,14635.769448962325
