,GeneratorProfitDual,TotalCostDispatch,RTGeneratorProfitDual,gap,SSProfit
ObjectiveValue,13998.10815438521,431044.85614341835,13998.10815438521,61.4509,13970.89761437726
