,GeneratorProfitDual,TotalCostDispatch,RTGeneratorProfitDual,gap,SSProfit
ObjectiveValue,68118.94441706248,229866.8844758677,68118.94441706248,8928.46,68468.11099239025
