,GeneratorProfitDual,TotalCostDispatch,RTGeneratorProfitDual,gap,SSProfit
ObjectiveValue,-46413.31046361012,712087.6190193652,-46413.31046361012,45878.3,-1563.6637465564409
