,GeneratorProfitDual,TotalCostDispatch,RTGeneratorProfitDual,gap,SSProfit
ObjectiveValue,-1918817883.371597,27324.99116764528,-1918817883.371597,0.0,12447665.378457306
