,GeneratorProfitDual,TotalCostDispatch,RTGeneratorProfitDual,gap,SSProfit
ObjectiveValue,23169.36917332374,124564.11261330015,23169.36917332374,0.0,23169.36917332316
