,GeneratorProfitDual,TotalCostDispatch,RTGeneratorProfitDual,gap,SSProfit
ObjectiveValue,45296.12989495256,169188.2418953758,45296.12989495256,0.0,45296.12989494858
