,GeneratorProfitDual,TotalCostDispatch,RTGeneratorProfitDual,gap,SSProfit
ObjectiveValue,45296.12989494914,169188.24189537924,45296.12989494914,36732.1,45296.12989494855
