,GeneratorProfitDual,TotalCostDispatch,RTGeneratorProfitDual,gap,SSProfit
ObjectiveValue,6944.820754185259,175012.80433134906,6944.820754185259,39.8608,7137.324642000007
