,GeneratorProfitDual,TotalCostDispatch,RTGeneratorProfitDual,gap,SSProfit
ObjectiveValue,40841.07466828959,92937.88735919126,40841.07466828959,0.0,41247.62705092327
