,GeneratorProfitDual,TotalCostDispatch,RTGeneratorProfitDual,gap,SSProfit
ObjectiveValue,67359.59376101094,94094.47822753373,67359.59376101094,598.022,70790.61070208192
