,GeneratorProfitDual,TotalCostDispatch,RTGeneratorProfitDual,gap,SSProfit
ObjectiveValue,1166.012294581021,383655.9553317804,1166.012294581021,2.37123,1189.1264167883812
