,GeneratorProfitDual,TotalCostDispatch,RTGeneratorProfitDual,gap,SSProfit
ObjectiveValue,8053.542396002266,424999.6710672963,8053.542396002266,0.10867,8053.542396000024
