,GeneratorProfitDual,TotalCostDispatch,RTGeneratorProfitDual,gap,SSProfit
ObjectiveValue,173.5449670324631,505620.3179509908,173.5449670324631,0.762569,296.8244151261324
