,GeneratorProfitDual,TotalCostDispatch,RTGeneratorProfitDual,gap,SSProfit
ObjectiveValue,3182.27315124209,42192.84319464259,3182.27315124209,1157.71,3182.273151240303
