,GeneratorProfitDual,TotalCostDispatch,RTGeneratorProfitDual,gap,SSProfit
ObjectiveValue,-1921236381.0451179,190160.80901110225,-1921236381.0451179,0.0,10461683.845294133
