,GeneratorProfitDual,TotalCostDispatch,RTGeneratorProfitDual,gap,SSProfit
ObjectiveValue,55153.936528127284,210222.61636497852,55153.936528127284,12796.4,57031.19534680056
