,GeneratorProfitDual,TotalCostDispatch,RTGeneratorProfitDual,gap,SSProfit
ObjectiveValue,77133.54999350163,188513.62729647625,77133.54999350163,1100.36,77133.5499935008
