,GeneratorProfitDual,TotalCostDispatch,RTGeneratorProfitDual,gap,SSProfit
ObjectiveValue,-1921687427.840119,188513.62729647732,-1921687427.840119,0.0,11871931.339159353
