,GeneratorProfitDual,TotalCostDispatch,RTGeneratorProfitDual,gap,SSProfit
ObjectiveValue,-1921237909.2479668,191689.0118599743,-1921237909.2479668,0.0,10310244.407852018
