,GeneratorProfitDual,TotalCostDispatch,RTGeneratorProfitDual,gap,SSProfit
ObjectiveValue,3343.9714961318678,87638.44772582078,3343.9714961318678,28.1906,3343.971496130251
