,GeneratorProfitDual,TotalCostDispatch,RTGeneratorProfitDual,gap,SSProfit
ObjectiveValue,3343.811822225717,87638.60739972694,3343.811822225717,17552.9,3343.9714961302443
