,GeneratorProfitDual,TotalCostDispatch,RTGeneratorProfitDual,gap,SSProfit
ObjectiveValue,-18981552532.414513,276678.073145458,-18981552532.414513,0.0,-44130450.04977625
