,GeneratorProfitDual,TotalCostDispatch,RTGeneratorProfitDual,gap,SSProfit
ObjectiveValue,3855.2292032355285,207706.0251461224,3855.2292032355285,0.468445,3855.2292032331943
