,GeneratorProfitDual,TotalCostDispatch,RTGeneratorProfitDual,gap,SSProfit
ObjectiveValue,55430.34030831278,302679.6918491895,55430.34030831278,554.172,55430.3403083103
