,GeneratorProfitDual,TotalCostDispatch,RTGeneratorProfitDual,gap,SSProfit
ObjectiveValue,55444.58049092576,302679.6918491888,55444.58049092576,3396.69,55430.34030831031
