,GeneratorProfitDual,TotalCostDispatch,RTGeneratorProfitDual,gap,SSProfit
ObjectiveValue,11980.057136816416,71248.90693099395,11980.057136816416,38123.9,11980.057136814032
