,GeneratorProfitDual,TotalCostDispatch,RTGeneratorProfitDual,gap,SSProfit
ObjectiveValue,11980.057136816824,71248.90693099375,11980.057136816824,3164.26,11980.057136814032
