,GeneratorProfitDual,TotalCostDispatch,RTGeneratorProfitDual,gap,SSProfit
ObjectiveValue,67553.28910137183,332829.122193054,67553.28910137183,0.0,67553.28910137105
