,GeneratorProfitDual,TotalCostDispatch,RTGeneratorProfitDual,gap,SSProfit
ObjectiveValue,71877.23132773077,383655.1856622196,71877.23132773077,316.305,71920.57010660558
