,GeneratorProfitDual,TotalCostDispatch,RTGeneratorProfitDual,gap,SSProfit
ObjectiveValue,88339.57662604233,235773.54613664644,88339.57662604233,2096.15,88639.1259322963
