,GeneratorProfitDual,TotalCostDispatch,RTGeneratorProfitDual,gap,SSProfit
ObjectiveValue,84340.68894734919,239192.62193893702,84340.68894734919,4203.78,84347.09036796619
