,GeneratorProfitDual,TotalCostDispatch,RTGeneratorProfitDual,gap,SSProfit
ObjectiveValue,12238.678758247761,213367.38808766048,12238.678758247761,12350.9,12624.989305512077
