,GeneratorProfitDual,TotalCostDispatch,RTGeneratorProfitDual,gap,SSProfit
ObjectiveValue,91240.5252827755,66338.65174731064,91240.5252827755,13318.6,91240.52528277543
