,GeneratorProfitDual,TotalCostDispatch,RTGeneratorProfitDual,gap,SSProfit
ObjectiveValue,36883.28288717405,325696.89173669973,36883.28288717405,220.195,36884.13558194653
