,GeneratorProfitDual,TotalCostDispatch,RTGeneratorProfitDual,gap,SSProfit
ObjectiveValue,23118.84248354104,77873.35338873621,23118.84248354104,325.748,23118.84248354036
