,GeneratorProfitDual,TotalCostDispatch,RTGeneratorProfitDual,gap,SSProfit
ObjectiveValue,39976.81705532444,45881.4536435183,39976.81705532444,536.357,39976.817055323554
