,GeneratorProfitDual,TotalCostDispatch,RTGeneratorProfitDual,gap,SSProfit
ObjectiveValue,39976.817055327825,45881.45364351513,39976.817055327825,0.0,39976.817055323554
