,GeneratorProfitDual,TotalCostDispatch,RTGeneratorProfitDual,gap,SSProfit
ObjectiveValue,900.5287934831597,57739.845428476656,900.5287934831597,0.0,900.5287934822151
