,GeneratorProfitDual,TotalCostDispatch,RTGeneratorProfitDual,gap,SSProfit
ObjectiveValue,64438.32616225831,172202.77939434955,64438.32616225831,643.897,64438.326162256126
