,GeneratorProfitDual,TotalCostDispatch,RTGeneratorProfitDual,gap,SSProfit
ObjectiveValue,53052.57133042553,170851.79494908926,53052.57133042553,653.781,53761.87794226319
