,GeneratorProfitDual,TotalCostDispatch,RTGeneratorProfitDual,gap,SSProfit
ObjectiveValue,64438.326162257195,172202.77939434946,64438.326162257195,641.064,64438.32616225586
