,GeneratorProfitDual,TotalCostDispatch,RTGeneratorProfitDual,gap,SSProfit
ObjectiveValue,64438.32616225806,172202.7793943495,64438.32616225806,644.086,64438.326162255864
