,GeneratorProfitDual,TotalCostDispatch,RTGeneratorProfitDual,gap,SSProfit
ObjectiveValue,52775.738667746766,171278.37850066234,52775.738667746766,641.927,52775.73866774553
