,GeneratorProfitDual,TotalCostDispatch,RTGeneratorProfitDual,gap,SSProfit
ObjectiveValue,14371.546170667327,336911.8800791139,14371.546170667327,104.453,14563.315177709264
