,GeneratorProfitDual,TotalCostDispatch,RTGeneratorProfitDual,gap,SSProfit
ObjectiveValue,13675.115245938667,337707.4179882128,13675.115245938667,136.503,13675.11524593834
