,GeneratorProfitDual,TotalCostDispatch,RTGeneratorProfitDual,gap,SSProfit
ObjectiveValue,9015.46298168674,515558.23622443026,9015.46298168674,25.4992,9153.53569925091
