,GeneratorProfitDual,TotalCostDispatch,RTGeneratorProfitDual,gap,SSProfit
ObjectiveValue,3343.267131116336,58408.98011813447,3343.267131116336,10.9016,3343.2671311156796
