,GeneratorProfitDual,TotalCostDispatch,RTGeneratorProfitDual,gap,SSProfit
ObjectiveValue,365.1138864938389,583206.5138750974,365.1138864938389,4.35914,454.1416974619415
