,GeneratorProfitDual,TotalCostDispatch,RTGeneratorProfitDual,gap,SSProfit
ObjectiveValue,13084.249667754622,56425.62351903042,13084.249667754622,0.0,13167.698723843747
