,GeneratorProfitDual,TotalCostDispatch,RTGeneratorProfitDual,gap,SSProfit
ObjectiveValue,7671.917365612491,98803.29066238776,7671.917365612491,0.0352634,7671.917365611093
