,GeneratorProfitDual,TotalCostDispatch,RTGeneratorProfitDual,gap,SSProfit
ObjectiveValue,12997.222902767868,55198.11821200116,12997.222902767868,61581.0,13285.774229961635
