,GeneratorProfitDual,TotalCostDispatch,RTGeneratorProfitDual,gap,SSProfit
ObjectiveValue,-15558586184.781216,297526.5292857223,-15558586184.781216,0.0,-7646828.866834601
