,GeneratorProfitDual,TotalCostDispatch,RTGeneratorProfitDual,gap,SSProfit
ObjectiveValue,91038.30414343462,192724.13153989686,91038.30414343462,909.801,91038.30414343234
