,GeneratorProfitDual,TotalCostDispatch,RTGeneratorProfitDual,gap,SSProfit
ObjectiveValue,5347.207980804625,29160.10411739293,5347.207980804625,13.2068,5347.207980804039
