,GeneratorProfitDual,TotalCostDispatch,RTGeneratorProfitDual,gap,SSProfit
ObjectiveValue,45930.83723933608,137910.1120153853,45930.83723933608,97.8677,45930.83723933423
