,GeneratorProfitDual,TotalCostDispatch,RTGeneratorProfitDual,gap,SSProfit
ObjectiveValue,45930.837239334716,137910.1120153866,45930.837239334716,453.25,45930.83723933421
