,GeneratorProfitDual,TotalCostDispatch,RTGeneratorProfitDual,gap,SSProfit
ObjectiveValue,3988.060593311081,54283.49627079994,3988.060593311081,4.38812,4750.714552152398
