,GeneratorProfitDual,TotalCostDispatch,RTGeneratorProfitDual,gap,SSProfit
ObjectiveValue,3290.576961523399,54266.8959737813,3290.576961523399,12.1401,3290.5769615228564
