,GeneratorProfitDual,TotalCostDispatch,RTGeneratorProfitDual,gap,SSProfit
ObjectiveValue,7913.434316265581,302345.8405962246,7913.434316265581,40.9715,7928.762634000008
