,GeneratorProfitDual,TotalCostDispatch,RTGeneratorProfitDual,gap,SSProfit
ObjectiveValue,-1983953492.8343782,266916.60753562377,-1983953492.8343782,0.0,3542052.2071415484
