,GeneratorProfitDual,TotalCostDispatch,RTGeneratorProfitDual,gap,SSProfit
ObjectiveValue,-1742124987.4695742,58470.137579026145,-1742124987.4695742,0.0,14833888.97294
