,GeneratorProfitDual,TotalCostDispatch,RTGeneratorProfitDual,gap,SSProfit
ObjectiveValue,-1730368923.0103447,192440.30217310507,-1730368923.0103447,0.0,15030202.063988267
