,GeneratorProfitDual,TotalCostDispatch,RTGeneratorProfitDual,gap,SSProfit
ObjectiveValue,80199.320940916,189745.2646273678,80199.320940916,822.923,80300.00406703228
