,GeneratorProfitDual,TotalCostDispatch,RTGeneratorProfitDual,gap,SSProfit
ObjectiveValue,-1922007260.2135677,192440.30217310504,-1922007260.2135677,0.0,10023115.462322772
