,GeneratorProfitDual,TotalCostDispatch,RTGeneratorProfitDual,gap,SSProfit
ObjectiveValue,-1887385165.6651857,189666.7877237314,-1887385165.6651857,0.0,11024532.207290802
