,GeneratorProfitDual,TotalCostDispatch,RTGeneratorProfitDual,gap,SSProfit
ObjectiveValue,-1878552087.790166,189351.5607207293,-1878552087.790166,0.0,10590303.549603613
