,GeneratorProfitDual,TotalCostDispatch,RTGeneratorProfitDual,gap,SSProfit
ObjectiveValue,-16387860223.310017,450827.38118109625,-16387860223.310017,0.0,-669704.2836787754
