,GeneratorProfitDual,TotalCostDispatch,RTGeneratorProfitDual,gap,SSProfit
ObjectiveValue,-1959350167.868731,59272.277179566634,-1959350167.868731,0.0,12393326.340554671
