,GeneratorProfitDual,TotalCostDispatch,RTGeneratorProfitDual,gap,SSProfit
ObjectiveValue,16801.98912065589,30216.198552574373,16801.98912065589,167.653,18729.131171138582
