,GeneratorProfitDual,TotalCostDispatch,RTGeneratorProfitDual,gap,SSProfit
ObjectiveValue,-15966683162.606543,207704.4858070049,-15966683162.606543,0.0,-6443659.525662123
