,GeneratorProfitDual,TotalCostDispatch,RTGeneratorProfitDual,gap,SSProfit
ObjectiveValue,7315.3118529742615,90340.80738836237,7315.3118529742615,59.0945,7372.016301869353
