,GeneratorProfitDual,TotalCostDispatch,RTGeneratorProfitDual,gap,SSProfit
ObjectiveValue,-17257971322.09461,338601.71341641864,-17257971322.09461,0.0,-27446474.559634734
