,GeneratorProfitDual,TotalCostDispatch,RTGeneratorProfitDual,gap,SSProfit
ObjectiveValue,69874.479361253,63920.400368915485,69874.479361253,3790.08,69874.92385846478
