,GeneratorProfitDual,TotalCostDispatch,RTGeneratorProfitDual,gap,SSProfit
ObjectiveValue,10573.230026339435,59276.71110787788,10573.230026339435,0.0,10573.230026338812
