,GeneratorProfitDual,TotalCostDispatch,RTGeneratorProfitDual,gap,SSProfit
ObjectiveValue,10573.230026338819,59276.711107878604,10573.230026338819,774.7,10573.230026338904
