,GeneratorProfitDual,TotalCostDispatch,RTGeneratorProfitDual,gap,SSProfit
ObjectiveValue,10573.230026339845,59276.71110787759,10573.230026339845,3424.16,10573.230026338902
