,GeneratorProfitDual,TotalCostDispatch,RTGeneratorProfitDual,gap,SSProfit
ObjectiveValue,69874.47936124963,63920.400368915696,69874.47936124963,3110.0,69874.92385846424
