,GeneratorProfitDual,TotalCostDispatch,RTGeneratorProfitDual,gap,SSProfit
ObjectiveValue,-1964163436.4355273,33962.321030853374,-1964163436.4355273,0.0,7631908.154307025
