,GeneratorProfitDual,TotalCostDispatch,RTGeneratorProfitDual,gap,SSProfit
ObjectiveValue,64245.967535105476,490812.28711683606,64245.967535105476,1016.16,64245.998750244784
