,GeneratorProfitDual,TotalCostDispatch,RTGeneratorProfitDual,gap,SSProfit
ObjectiveValue,3572.9976507586885,107942.41190026283,3572.9976507586885,27.812,3572.997650780158
