,GeneratorProfitDual,TotalCostDispatch,RTGeneratorProfitDual,gap,SSProfit
ObjectiveValue,3967.879815000955,278914.4773631235,3967.879815000955,0.471211,3967.879815000032
