,GeneratorProfitDual,TotalCostDispatch,RTGeneratorProfitDual,gap,SSProfit
ObjectiveValue,-16668015766.770107,253873.37341509637,-16668015766.770107,0.0,-2702119.1468537697
