,GeneratorProfitDual,TotalCostDispatch,RTGeneratorProfitDual,gap,SSProfit
ObjectiveValue,7368.315423552496,233161.36608835481,7368.315423552496,0.0,7390.497974086796
