,GeneratorProfitDual,TotalCostDispatch,RTGeneratorProfitDual,gap,SSProfit
ObjectiveValue,38308.03226528258,179994.82465822395,38308.03226528258,470.661,38482.14255090726
