,GeneratorProfitDual,TotalCostDispatch,RTGeneratorProfitDual,gap,SSProfit
ObjectiveValue,-1741956193.453966,72377.06400709337,-1741956193.453966,0.0,21592522.59928748
