,GeneratorProfitDual,TotalCostDispatch,RTGeneratorProfitDual,gap,SSProfit
ObjectiveValue,-1913319886.4567854,69251.45318756136,-1913319886.4567854,0.0,14194781.116897404
