,GeneratorProfitDual,TotalCostDispatch,RTGeneratorProfitDual,gap,SSProfit
ObjectiveValue,2422.995087071179,175818.1583267278,2422.995087071179,0.0,2422.9950870701323
