,GeneratorProfitDual,TotalCostDispatch,RTGeneratorProfitDual,gap,SSProfit
ObjectiveValue,62634.1505588403,124064.90455362806,62634.1505588403,0.0,62634.15055883918
