,GeneratorProfitDual,TotalCostDispatch,RTGeneratorProfitDual,gap,SSProfit
ObjectiveValue,37764.682302179,75854.06015638789,37764.682302179,39145.1,37764.68230217612
