,GeneratorProfitDual,TotalCostDispatch,RTGeneratorProfitDual,gap,SSProfit
ObjectiveValue,37764.68230217948,75854.06015638752,37764.68230217948,11536.4,37764.68230217612
