,GeneratorProfitDual,TotalCostDispatch,RTGeneratorProfitDual,gap,SSProfit
ObjectiveValue,59926.6722306202,490809.45371447864,59926.6722306202,1720.78,59926.672230610944
