,GeneratorProfitDual,TotalCostDispatch,RTGeneratorProfitDual,gap,SSProfit
ObjectiveValue,41379.756595230276,242038.97837319464,41379.756595230276,30359.9,41525.2655496428
