,GeneratorProfitDual,TotalCostDispatch,RTGeneratorProfitDual,gap,SSProfit
ObjectiveValue,-18121027581.948833,26176.318382761925,-18121027581.948833,0.0,-50196542.9020118
