,GeneratorProfitDual,TotalCostDispatch,RTGeneratorProfitDual,gap,SSProfit
ObjectiveValue,38137.68618283544,138746.7121464032,38137.68618283544,460.574,38137.686182834164
