,GeneratorProfitDual,TotalCostDispatch,RTGeneratorProfitDual,gap,SSProfit
ObjectiveValue,45746.231251174104,139342.35301034545,45746.231251174104,454.761,45746.231251173296
