,GeneratorProfitDual,TotalCostDispatch,RTGeneratorProfitDual,gap,SSProfit
ObjectiveValue,24629.81592110004,64164.19280089167,24629.81592110004,1941.28,24944.562306375654
