,GeneratorProfitDual,TotalCostDispatch,RTGeneratorProfitDual,gap,SSProfit
ObjectiveValue,4030.8815056584644,398277.53710036003,4030.8815056584644,1.77074,4013.5833766537817
