,GeneratorProfitDual,TotalCostDispatch,RTGeneratorProfitDual,gap,SSProfit
ObjectiveValue,9430.653696458547,766469.7743491206,9430.653696458547,93.7827,9503.09020940371
