,GeneratorProfitDual,TotalCostDispatch,RTGeneratorProfitDual,gap,SSProfit
ObjectiveValue,9493.237969155318,766416.1411235487,9493.237969155318,41.8655,9524.538445325217
