,GeneratorProfitDual,TotalCostDispatch,RTGeneratorProfitDual,gap,SSProfit
ObjectiveValue,36871.423058156906,314838.6721602913,36871.423058156906,431.052,37140.00879777284
