,GeneratorProfitDual,TotalCostDispatch,RTGeneratorProfitDual,gap,SSProfit
ObjectiveValue,-18993018557.621025,314834.45738454745,-18993018557.621025,9064.3,-38305430.407421924
