,GeneratorProfitDual,TotalCostDispatch,RTGeneratorProfitDual,gap,SSProfit
ObjectiveValue,-25732.457278535825,135247.48101455055,-25732.457278535825,8257.32,-21952.768602242984
