,GeneratorProfitDual,TotalCostDispatch,RTGeneratorProfitDual,gap,SSProfit
ObjectiveValue,22322.407833608104,102719.03721258577,22322.407833608104,69933.8,22322.407833605746
