,GeneratorProfitDual,TotalCostDispatch,RTGeneratorProfitDual,gap,SSProfit
ObjectiveValue,23750.44455742271,66690.16138736524,23750.44455742271,321.775,23754.274540991326
