,GeneratorProfitDual,TotalCostDispatch,RTGeneratorProfitDual,gap,SSProfit
ObjectiveValue,36630.674940607794,24213.502853132333,36630.674940607794,8171.4,36630.67494060763
