,GeneratorProfitDual,TotalCostDispatch,RTGeneratorProfitDual,gap,SSProfit
ObjectiveValue,64270.62568668109,153787.881549567,64270.62568668109,31312.7,64270.62568667929
