,GeneratorProfitDual,TotalCostDispatch,RTGeneratorProfitDual,gap,SSProfit
ObjectiveValue,64270.62568668498,153787.8815495632,64270.62568668498,15161.3,64270.62568667929
