,GeneratorProfitDual,TotalCostDispatch,RTGeneratorProfitDual,gap,SSProfit
ObjectiveValue,7318.923873577606,776613.5761370359,7318.923873577606,7.06039,7269.075917958692
