,GeneratorProfitDual,TotalCostDispatch,RTGeneratorProfitDual,gap,SSProfit
ObjectiveValue,7261.530588588055,776615.9102022338,7261.530588588055,7.72571,7261.530588586328
