,GeneratorProfitDual,TotalCostDispatch,RTGeneratorProfitDual,gap,SSProfit
ObjectiveValue,-1927083553.3288167,190828.51575722033,-1927083553.3288167,0.0,14343628.00511093
