,GeneratorProfitDual,TotalCostDispatch,RTGeneratorProfitDual,gap,SSProfit
ObjectiveValue,320.9823622041024,510295.45031497197,320.9823622041024,0.0,321.0419987584096
