,GeneratorProfitDual,TotalCostDispatch,RTGeneratorProfitDual,gap,SSProfit
ObjectiveValue,1510.1081066272282,68777.56436347871,1510.1081066272282,0.0,1741.521701890127
