,GeneratorProfitDual,TotalCostDispatch,RTGeneratorProfitDual,gap,SSProfit
ObjectiveValue,13441.711829651054,59816.45431417242,13441.711829651054,402.614,13473.410199849159
