,GeneratorProfitDual,TotalCostDispatch,RTGeneratorProfitDual,gap,SSProfit
ObjectiveValue,6720.904370925237,121012.36522493021,6720.904370925237,11.1347,6720.9043709223115
