,GeneratorProfitDual,TotalCostDispatch,RTGeneratorProfitDual,gap,SSProfit
ObjectiveValue,58260.79026830436,40415.69175323564,58260.79026830436,21834.4,58260.79026830379
