,GeneratorProfitDual,TotalCostDispatch,RTGeneratorProfitDual,gap,SSProfit
ObjectiveValue,52967.01696441393,175028.41999208016,52967.01696441393,686.202,52985.56287237384
