,GeneratorProfitDual,TotalCostDispatch,RTGeneratorProfitDual,gap,SSProfit
ObjectiveValue,49725.191962612684,65184.82338323,49725.191962612684,12533.0,49725.191962612036
