,GeneratorProfitDual,TotalCostDispatch,RTGeneratorProfitDual,gap,SSProfit
ObjectiveValue,49725.19196261486,65184.82338322815,49725.19196261486,20458.7,49725.191962612356
