,GeneratorProfitDual,TotalCostDispatch,RTGeneratorProfitDual,gap,SSProfit
ObjectiveValue,22402.819476441604,112517.89284878317,22402.819476441604,6248.16,22354.323262745176
