,GeneratorProfitDual,TotalCostDispatch,RTGeneratorProfitDual,gap,SSProfit
ObjectiveValue,43910.548160536826,386404.3111103957,43910.548160536826,10440.6,43984.08173639327
