,GeneratorProfitDual,TotalCostDispatch,RTGeneratorProfitDual,gap,SSProfit
ObjectiveValue,3864.2502791753286,253332.43029172762,3864.2502791753286,34.5104,3993.545948676408
