,GeneratorProfitDual,TotalCostDispatch,RTGeneratorProfitDual,gap,SSProfit
ObjectiveValue,35584.012275147536,529867.5755382559,35584.012275147536,1150.97,35584.01227514123
