,GeneratorProfitDual,TotalCostDispatch,RTGeneratorProfitDual,gap,SSProfit
ObjectiveValue,11972.019736107006,81293.95047763406,11972.019736107006,343.985,11980.057136814055
