,GeneratorProfitDual,TotalCostDispatch,RTGeneratorProfitDual,gap,SSProfit
ObjectiveValue,46472.15318969748,177558.77303784149,46472.15318969748,454.649,46472.15318969428
