,GeneratorProfitDual,TotalCostDispatch,RTGeneratorProfitDual,gap,SSProfit
ObjectiveValue,46472.1531896952,177558.77303784367,46472.1531896952,4553.67,46472.15318969429
