,GeneratorProfitDual,TotalCostDispatch,RTGeneratorProfitDual,gap,SSProfit
ObjectiveValue,20427.2918870131,63509.30213965574,20427.2918870131,6362.19,20603.903058626314
