,GeneratorProfitDual,TotalCostDispatch,RTGeneratorProfitDual,gap,SSProfit
ObjectiveValue,20441.088548869295,63509.30213965561,20441.088548869295,435.257,20603.90305862671
