,GeneratorProfitDual,TotalCostDispatch,RTGeneratorProfitDual,gap,SSProfit
ObjectiveValue,-1923300499.894171,172073.50463475112,-1923300499.894171,0.0,10462521.710605297
