,GeneratorProfitDual,TotalCostDispatch,RTGeneratorProfitDual,gap,SSProfit
ObjectiveValue,4376.758220000629,31477.596257095636,4376.758220000629,37.1024,6374.937903967353
