,GeneratorProfitDual,TotalCostDispatch,RTGeneratorProfitDual,gap,SSProfit
ObjectiveValue,3015.536274434336,33245.45534594597,3015.536274434336,29.723,3015.5362763922885
