,GeneratorProfitDual,TotalCostDispatch,RTGeneratorProfitDual,gap,SSProfit
ObjectiveValue,31575.59904102263,160988.73446908055,31575.59904102263,1112.57,31726.390722906228
