,GeneratorProfitDual,TotalCostDispatch,RTGeneratorProfitDual,gap,SSProfit
ObjectiveValue,86633.02358120921,262435.4272458046,86633.02358120921,798.901,86633.02358120754
