,GeneratorProfitDual,TotalCostDispatch,RTGeneratorProfitDual,gap,SSProfit
ObjectiveValue,22936.413995626208,62881.34917912238,22936.413995626208,222.286,22961.0491640708
