,GeneratorProfitDual,TotalCostDispatch,RTGeneratorProfitDual,gap,SSProfit
ObjectiveValue,22897.270612960398,62920.492561788255,22897.270612960398,13938.3,22897.270612959826
