,GeneratorProfitDual,TotalCostDispatch,RTGeneratorProfitDual,gap,SSProfit
ObjectiveValue,109214.68865457622,512672.1035409028,109214.68865457622,752.13,109214.68865455745
