,GeneratorProfitDual,TotalCostDispatch,RTGeneratorProfitDual,gap,SSProfit
ObjectiveValue,87175.44199955386,282394.3647262734,87175.44199955386,1141.7,87281.6885629549
