,GeneratorProfitDual,TotalCostDispatch,RTGeneratorProfitDual,gap,SSProfit
ObjectiveValue,32778.72959197992,17779.040042116314,32778.72959197992,0.0,32778.72959197808
