,GeneratorProfitDual,TotalCostDispatch,RTGeneratorProfitDual,gap,SSProfit
ObjectiveValue,32778.72959197857,17779.0400421177,32778.72959197857,10538.2,32778.72959197807
