,GeneratorProfitDual,TotalCostDispatch,RTGeneratorProfitDual,gap,SSProfit
ObjectiveValue,-14479963634.61417,227677.1122035991,-14479963634.61417,0.0,-19480354.016046453
