,GeneratorProfitDual,TotalCostDispatch,RTGeneratorProfitDual,gap,SSProfit
ObjectiveValue,5585.8486469487725,82425.8489130277,5585.8486469487725,51.855,5585.84864694845
