,GeneratorProfitDual,TotalCostDispatch,RTGeneratorProfitDual,gap,SSProfit
ObjectiveValue,5585.8486469488835,82425.84891302774,5585.8486469488835,50.6176,5585.84864694845
