,GeneratorProfitDual,TotalCostDispatch,RTGeneratorProfitDual,gap,SSProfit
ObjectiveValue,51504.4559749783,145296.0212963512,51504.4559749783,2691.72,51556.51759750591
