,GeneratorProfitDual,TotalCostDispatch,RTGeneratorProfitDual,gap,SSProfit
ObjectiveValue,50107.17296535866,145278.40632272098,50107.17296535866,724.719,50107.17296542759
