,GeneratorProfitDual,TotalCostDispatch,RTGeneratorProfitDual,gap,SSProfit
ObjectiveValue,42577.916870227375,491216.71132968465,42577.916870227375,295.417,42816.592652168634
