,GeneratorProfitDual,TotalCostDispatch,RTGeneratorProfitDual,gap,SSProfit
ObjectiveValue,42803.9654695952,491270.7044426167,42803.9654695952,426.481,42883.368236631926
