,GeneratorProfitDual,TotalCostDispatch,RTGeneratorProfitDual,gap,SSProfit
ObjectiveValue,3580.5158411175726,23412.492979352806,3580.5158411175726,5518.3,3580.515841117289
