,GeneratorProfitDual,TotalCostDispatch,RTGeneratorProfitDual,gap,SSProfit
ObjectiveValue,21841.681542729966,57874.56873141459,21841.681542729966,358.552,21841.681542727063
