,GeneratorProfitDual,TotalCostDispatch,RTGeneratorProfitDual,gap,SSProfit
ObjectiveValue,-17506032287.99684,405222.5632764637,-17506032287.99684,0.0,1035040.4350165478
