,GeneratorProfitDual,TotalCostDispatch,RTGeneratorProfitDual,gap,SSProfit
ObjectiveValue,44074.64095321932,267139.5295001578,44074.64095321932,378.068,44178.5457368817
