,GeneratorProfitDual,TotalCostDispatch,RTGeneratorProfitDual,gap,SSProfit
ObjectiveValue,-1938627921.6680288,31881.943426637965,-1938627921.6680288,0.0,17037823.13695902
