,GeneratorProfitDual,TotalCostDispatch,RTGeneratorProfitDual,gap,SSProfit
ObjectiveValue,2757.4596970138055,22135.054780011586,2757.4596970138055,56.0886,2757.4596970133944
