,GeneratorProfitDual,TotalCostDispatch,RTGeneratorProfitDual,gap,SSProfit
ObjectiveValue,2757.459697013781,22135.054780011564,2757.459697013781,0.0,2757.459697013394
