,GeneratorProfitDual,TotalCostDispatch,RTGeneratorProfitDual,gap,SSProfit
ObjectiveValue,7926.041580002528,192303.00125409095,7926.041580002528,0.206188,7926.041580000052
