,GeneratorProfitDual,TotalCostDispatch,RTGeneratorProfitDual,gap,SSProfit
ObjectiveValue,36241.01830213016,274082.29937332135,36241.01830213016,365.945,36462.804397808366
