,GeneratorProfitDual,TotalCostDispatch,RTGeneratorProfitDual,gap,SSProfit
ObjectiveValue,38105.45446996106,276299.1963042915,38105.45446996106,345.549,42578.61800712474
