,GeneratorProfitDual,TotalCostDispatch,RTGeneratorProfitDual,gap,SSProfit
ObjectiveValue,2936.7332129240795,569487.7859780152,2936.7332129240795,0.0,2936.73321292223
