,GeneratorProfitDual,TotalCostDispatch,RTGeneratorProfitDual,gap,SSProfit
ObjectiveValue,2936.7332129216447,569487.7859780121,2936.7332129216447,0.188214,2936.7332129222336
