,GeneratorProfitDual,TotalCostDispatch,RTGeneratorProfitDual,gap,SSProfit
ObjectiveValue,-1962864350.9804027,31881.943426637965,-1962864350.9804027,0.0,17022295.78979391
