,GeneratorProfitDual,TotalCostDispatch,RTGeneratorProfitDual,gap,SSProfit
ObjectiveValue,14345.495276149319,34296.68710721633,14345.495276149319,11257.9,32409.209220730263
