,GeneratorProfitDual,TotalCostDispatch,RTGeneratorProfitDual,gap,SSProfit
ObjectiveValue,8357.796069911608,33035.0017713069,8357.796069911608,20603.4,24503.139605634693
