,GeneratorProfitDual,TotalCostDispatch,RTGeneratorProfitDual,gap,SSProfit
ObjectiveValue,11769.620927231294,299519.764274488,11769.620927231294,64.8532,11748.824300226337
