,GeneratorProfitDual,TotalCostDispatch,RTGeneratorProfitDual,gap,SSProfit
ObjectiveValue,-1963503918.7173858,247054.9379374942,-1963503918.7173858,0.0,9500897.292482983
