,GeneratorProfitDual,TotalCostDispatch,RTGeneratorProfitDual,gap,SSProfit
ObjectiveValue,68258.70786748828,187495.2560615505,68258.70786748828,682.192,68258.76750378663
