,GeneratorProfitDual,TotalCostDispatch,RTGeneratorProfitDual,gap,SSProfit
ObjectiveValue,58780.11067963181,364976.0147861969,58780.11067963181,593.186,58780.110679630394
