,GeneratorProfitDual,TotalCostDispatch,RTGeneratorProfitDual,gap,SSProfit
ObjectiveValue,58780.11067963328,364976.014786196,58780.11067963328,610.952,58780.110679630474
