,GeneratorProfitDual,TotalCostDispatch,RTGeneratorProfitDual,gap,SSProfit
ObjectiveValue,3954.5120456660825,171025.79269203832,3954.5120456660825,0.515559,3954.5120456647483
