,GeneratorProfitDual,TotalCostDispatch,RTGeneratorProfitDual,gap,SSProfit
ObjectiveValue,8392.832832752627,490834.7897843481,8392.832832752627,29.019,8418.10926605163
