,GeneratorProfitDual,TotalCostDispatch,RTGeneratorProfitDual,gap,SSProfit
ObjectiveValue,17452.7835891807,207196.32640182445,17452.7835891807,9311.65,17452.78358917726
