,GeneratorProfitDual,TotalCostDispatch,RTGeneratorProfitDual,gap,SSProfit
ObjectiveValue,17452.783589182687,207196.32640182422,17452.783589182687,11296.1,17452.78358917726
