,GeneratorProfitDual,TotalCostDispatch,RTGeneratorProfitDual,gap,SSProfit
ObjectiveValue,22855.60873166827,656328.560159911,22855.60873166827,226.725,23063.70689412748
