,GeneratorProfitDual,TotalCostDispatch,RTGeneratorProfitDual,gap,SSProfit
ObjectiveValue,51450.01097443166,125889.21964992581,51450.01097443166,510.627,51450.01097443065
