,GeneratorProfitDual,TotalCostDispatch,RTGeneratorProfitDual,gap,SSProfit
ObjectiveValue,86994.31927784781,232589.02462940014,86994.31927784781,1050.45,94215.56324303549
