,GeneratorProfitDual,TotalCostDispatch,RTGeneratorProfitDual,gap,SSProfit
ObjectiveValue,69968.65431801877,158446.39497368102,69968.65431801877,4253.88,70001.19675061821
