,GeneratorProfitDual,TotalCostDispatch,RTGeneratorProfitDual,gap,SSProfit
ObjectiveValue,41966.455922334455,141874.49333238657,41966.455922334455,419.601,41966.45592233407
