,GeneratorProfitDual,TotalCostDispatch,RTGeneratorProfitDual,gap,SSProfit
ObjectiveValue,41966.4559223359,141874.49333238526,41966.4559223359,423.026,41966.45592233423
