,GeneratorProfitDual,TotalCostDispatch,RTGeneratorProfitDual,gap,SSProfit
ObjectiveValue,25890.593119918463,35979.468848975885,25890.593119918463,426.845,25890.593119917394
