,GeneratorProfitDual,TotalCostDispatch,RTGeneratorProfitDual,gap,SSProfit
ObjectiveValue,759.2883516936317,292564.298808144,759.2883516936317,0.0,775.1074056897141
