,GeneratorProfitDual,TotalCostDispatch,RTGeneratorProfitDual,gap,SSProfit
ObjectiveValue,-15954286817.473906,454035.7683048525,-15954286817.473906,0.0,-7361033.943168471
