,GeneratorProfitDual,TotalCostDispatch,RTGeneratorProfitDual,gap,SSProfit
ObjectiveValue,67713.80652549476,258657.90969009267,67713.80652549476,4935.07,67713.80652558232
