,GeneratorProfitDual,TotalCostDispatch,RTGeneratorProfitDual,gap,SSProfit
ObjectiveValue,-1933394434.2722104,98034.81449639882,-1933394434.2722104,0.0,22329226.710658528
