,GeneratorProfitDual,TotalCostDispatch,RTGeneratorProfitDual,gap,SSProfit
ObjectiveValue,-1704917055.3862104,320623.8543158435,-1704917055.3862104,0.0,423552.9411764708
