,GeneratorProfitDual,TotalCostDispatch,RTGeneratorProfitDual,gap,SSProfit
ObjectiveValue,2745.9006274368057,24625.841943962536,2745.9006274368057,14.6968,2745.90062743515
