,GeneratorProfitDual,TotalCostDispatch,RTGeneratorProfitDual,gap,SSProfit
ObjectiveValue,2745.9006274355497,24625.84194396381,2745.9006274355497,0.0,2745.9006274351723
