,GeneratorProfitDual,TotalCostDispatch,RTGeneratorProfitDual,gap,SSProfit
ObjectiveValue,70009.60518227579,119499.36343024034,70009.60518227579,697.36,75552.19268060171
