,GeneratorProfitDual,TotalCostDispatch,RTGeneratorProfitDual,gap,SSProfit
ObjectiveValue,-195728.24703119748,250079.7929006663,-195728.24703119748,463.996,19814.706666203554
