,GeneratorProfitDual,TotalCostDispatch,RTGeneratorProfitDual,gap,SSProfit
ObjectiveValue,-1744747267.0845623,55198.16437155168,-1744747267.0845623,0.0,17106134.762670036
