,GeneratorProfitDual,TotalCostDispatch,RTGeneratorProfitDual,gap,SSProfit
ObjectiveValue,10455.348360952474,38545.014236338226,10455.348360952474,10592.9,10455.348024265037
