,GeneratorProfitDual,TotalCostDispatch,RTGeneratorProfitDual,gap,SSProfit
ObjectiveValue,1534.5151940434357,38274.43540018906,1534.5151940434357,489.287,1534.515194043083
