,GeneratorProfitDual,TotalCostDispatch,RTGeneratorProfitDual,gap,SSProfit
ObjectiveValue,3905.58554968352,161950.14094008447,3905.58554968352,35.6749,3948.567837111111
