,GeneratorProfitDual,TotalCostDispatch,RTGeneratorProfitDual,gap,SSProfit
ObjectiveValue,63972.125522710085,408892.47760446445,63972.125522710085,367.47,63962.84385098328
