,GeneratorProfitDual,TotalCostDispatch,RTGeneratorProfitDual,gap,SSProfit
ObjectiveValue,21501.80515069086,171944.29527923223,21501.80515069086,200.327,21501.805150687745
