,GeneratorProfitDual,TotalCostDispatch,RTGeneratorProfitDual,gap,SSProfit
ObjectiveValue,-17003673383.674927,29319.151734297877,-17003673383.674927,0.0,-64582644.706209086
