,GeneratorProfitDual,TotalCostDispatch,RTGeneratorProfitDual,gap,SSProfit
ObjectiveValue,12455.285219799021,664607.7773718954,12455.285219799021,24.4396,12487.471794072548
