,GeneratorProfitDual,TotalCostDispatch,RTGeneratorProfitDual,gap,SSProfit
ObjectiveValue,12406.691533693675,664607.7773718955,12406.691533693675,73.6719,12492.126215294596
