,GeneratorProfitDual,TotalCostDispatch,RTGeneratorProfitDual,gap,SSProfit
ObjectiveValue,56921.12810400739,376757.42255817185,56921.12810400739,1510.22,57044.34627500072
