,GeneratorProfitDual,TotalCostDispatch,RTGeneratorProfitDual,gap,SSProfit
ObjectiveValue,12200.807532581435,227101.6619171738,12200.807532581435,8932.54,12629.468549118075
