,GeneratorProfitDual,TotalCostDispatch,RTGeneratorProfitDual,gap,SSProfit
ObjectiveValue,2989.483959527787,76370.72620513252,2989.483959527787,9.46209,3022.9241572136275
