,GeneratorProfitDual,TotalCostDispatch,RTGeneratorProfitDual,gap,SSProfit
ObjectiveValue,57501.507034456874,266920.8796693223,57501.507034456874,560.71,57825.778722892224
