,GeneratorProfitDual,TotalCostDispatch,RTGeneratorProfitDual,gap,SSProfit
ObjectiveValue,57581.84281281559,266914.1622062439,57581.84281281559,134.266,57809.266589776285
