,GeneratorProfitDual,TotalCostDispatch,RTGeneratorProfitDual,gap,SSProfit
ObjectiveValue,1868.3852935992168,12387.41877696069,1868.3852935992168,0.0,1868.3852935973498
