,GeneratorProfitDual,TotalCostDispatch,RTGeneratorProfitDual,gap,SSProfit
ObjectiveValue,1868.3852935977804,12387.418776962164,1868.3852935977804,0.0,1868.3852935973496
