,GeneratorProfitDual,TotalCostDispatch,RTGeneratorProfitDual,gap,SSProfit
ObjectiveValue,1868.3852935980144,12387.41877696212,1868.3852935980144,0.0,1868.3852935973555
