,GeneratorProfitDual,TotalCostDispatch,RTGeneratorProfitDual,gap,SSProfit
ObjectiveValue,7933.578831869098,136125.95235980596,7933.578831869098,76.1364,7946.523380472188
