,GeneratorProfitDual,TotalCostDispatch,RTGeneratorProfitDual,gap,SSProfit
ObjectiveValue,95097.00638538256,430465.87255048926,95097.00638538256,412.724,95097.00638537861
