,GeneratorProfitDual,TotalCostDispatch,RTGeneratorProfitDual,gap,SSProfit
ObjectiveValue,-1984711500.115754,38274.43540018939,-1984711500.115754,0.0,12284624.592441348
