,GeneratorProfitDual,TotalCostDispatch,RTGeneratorProfitDual,gap,SSProfit
ObjectiveValue,29641.360193202778,95569.8044262862,29641.360193202778,326.864,29641.360193201588
