,GeneratorProfitDual,TotalCostDispatch,RTGeneratorProfitDual,gap,SSProfit
ObjectiveValue,7920.50743388543,362003.46771042113,7920.50743388543,50.462,8043.57348732742
