,GeneratorProfitDual,TotalCostDispatch,RTGeneratorProfitDual,gap,SSProfit
ObjectiveValue,950.650264989268,435156.8687464207,950.650264989268,4.74321,950.6502649849681
