,GeneratorProfitDual,TotalCostDispatch,RTGeneratorProfitDual,gap,SSProfit
ObjectiveValue,-1920730342.0609093,373566.6019851192,-1920730342.0609093,0.0,9265395.815781265
