,GeneratorProfitDual,TotalCostDispatch,RTGeneratorProfitDual,gap,SSProfit
ObjectiveValue,48447.08792468264,180077.64414880713,48447.08792468264,466.827,52946.22907483695
