,GeneratorProfitDual,TotalCostDispatch,RTGeneratorProfitDual,gap,SSProfit
ObjectiveValue,45337.18659332765,178607.51102634918,45337.18659332765,5862.76,45555.73485514222
