,GeneratorProfitDual,TotalCostDispatch,RTGeneratorProfitDual,gap,SSProfit
ObjectiveValue,-15958555524.775791,365676.84791702917,-15958555524.775791,0.0,-8440540.125121055
