,GeneratorProfitDual,TotalCostDispatch,RTGeneratorProfitDual,gap,SSProfit
ObjectiveValue,-4900.893206872082,56694.44831678196,-4900.893206872082,0.0,2123.4414040258966
