,GeneratorProfitDual,TotalCostDispatch,RTGeneratorProfitDual,gap,SSProfit
ObjectiveValue,1055.8323055001592,43569.63197911851,1055.8323055001592,0.0,1055.8323055000185
