,GeneratorProfitDual,TotalCostDispatch,RTGeneratorProfitDual,gap,SSProfit
ObjectiveValue,6128.05304728088,71318.83624639589,6128.05304728088,51.4878,6168.228414439872
