,GeneratorProfitDual,TotalCostDispatch,RTGeneratorProfitDual,gap,SSProfit
ObjectiveValue,-17582361656.44471,460614.40083203133,-17582361656.44471,0.0,3435072.4778997204
