,GeneratorProfitDual,TotalCostDispatch,RTGeneratorProfitDual,gap,SSProfit
ObjectiveValue,40090.75007954166,30745.830446667896,40090.75007954166,8443.48,40090.75007953962
