,GeneratorProfitDual,TotalCostDispatch,RTGeneratorProfitDual,gap,SSProfit
ObjectiveValue,7771.866377366489,299794.1522462048,7771.866377366489,2.19952,8087.358936965273
