,GeneratorProfitDual,TotalCostDispatch,RTGeneratorProfitDual,gap,SSProfit
ObjectiveValue,205.30007335532673,109341.90531895577,205.30007335532673,0.0,205.3000733541974
