,GeneratorProfitDual,TotalCostDispatch,RTGeneratorProfitDual,gap,SSProfit
ObjectiveValue,2236.8075609581665,485591.64072680706,2236.8075609581665,0.0,2407.453498585274
