,GeneratorProfitDual,TotalCostDispatch,RTGeneratorProfitDual,gap,SSProfit
ObjectiveValue,2673.939303012612,358833.7633314754,2673.939303012612,26.6417,2673.939303010084
