,GeneratorProfitDual,TotalCostDispatch,RTGeneratorProfitDual,gap,SSProfit
ObjectiveValue,-18105842793.476933,158375.46576784406,-18105842793.476933,0.0,-40840881.51528824
