,GeneratorProfitDual,TotalCostDispatch,RTGeneratorProfitDual,gap,SSProfit
ObjectiveValue,5918.151141237461,112757.00618301092,5918.151141237461,0.0,6049.197727695647
