,GeneratorProfitDual,TotalCostDispatch,RTGeneratorProfitDual,gap,SSProfit
ObjectiveValue,34096.52708954947,188080.25799146752,34096.52708954947,21832.4,34253.52518599328
