,GeneratorProfitDual,TotalCostDispatch,RTGeneratorProfitDual,gap,SSProfit
ObjectiveValue,51188.14234103761,190095.70103902605,51188.14234103761,2746.91,54947.23636176926
