,GeneratorProfitDual,TotalCostDispatch,RTGeneratorProfitDual,gap,SSProfit
ObjectiveValue,2565.698551179402,15883.565568752942,2565.698551179402,13.8795,2565.698551178589
