,GeneratorProfitDual,TotalCostDispatch,RTGeneratorProfitDual,gap,SSProfit
ObjectiveValue,-1970630801.454306,38274.43540018939,-1970630801.454306,0.0,18960374.58000724
