,GeneratorProfitDual,TotalCostDispatch,RTGeneratorProfitDual,gap,SSProfit
ObjectiveValue,29709.38396517597,146446.29461032807,29709.38396517597,273.191,29709.383965175468
