,GeneratorProfitDual,TotalCostDispatch,RTGeneratorProfitDual,gap,SSProfit
ObjectiveValue,29709.383965178633,146446.29461032612,29709.383965178633,297.614,29709.38396517546
