,GeneratorProfitDual,TotalCostDispatch,RTGeneratorProfitDual,gap,SSProfit
ObjectiveValue,87860.49938219142,246965.19119391736,87860.49938219142,30055.0,87998.9011313523
