,GeneratorProfitDual,TotalCostDispatch,RTGeneratorProfitDual,gap,SSProfit
ObjectiveValue,88053.62652826571,247465.45706725642,88053.62652826571,2332.72,88053.626528263
