,GeneratorProfitDual,TotalCostDispatch,RTGeneratorProfitDual,gap,SSProfit
ObjectiveValue,13685.921922217412,63801.43488721483,13685.921922217412,334.892,13843.827240651332
