,GeneratorProfitDual,TotalCostDispatch,RTGeneratorProfitDual,gap,SSProfit
ObjectiveValue,16522.73263521921,63725.409297570885,16522.73263521921,5604.61,16522.732635218545
