,GeneratorProfitDual,TotalCostDispatch,RTGeneratorProfitDual,gap,SSProfit
ObjectiveValue,90841.43514664934,368319.06263703055,90841.43514664934,1541.17,90841.43514664727
