,GeneratorProfitDual,TotalCostDispatch,RTGeneratorProfitDual,gap,SSProfit
ObjectiveValue,34640.34677392415,215384.14963414514,34640.34677392415,11917.0,34744.78328577188
