,GeneratorProfitDual,TotalCostDispatch,RTGeneratorProfitDual,gap,SSProfit
ObjectiveValue,-44.35067374186542,539431.8341046828,-44.35067374186542,0.173943,-44.35067374776179
