,GeneratorProfitDual,TotalCostDispatch,RTGeneratorProfitDual,gap,SSProfit
ObjectiveValue,-1922428204.4384053,186369.44614282122,-1922428204.4384053,0.0,7543338.673092564
