,GeneratorProfitDual,TotalCostDispatch,RTGeneratorProfitDual,gap,SSProfit
ObjectiveValue,5024.820818648723,23716.24791056199,5024.820818648723,47.9244,5024.820818647156
