,GeneratorProfitDual,TotalCostDispatch,RTGeneratorProfitDual,gap,SSProfit
ObjectiveValue,12527.747565049889,31353.6245039214,12527.747565049889,340.006,12527.747565049991
