,GeneratorProfitDual,TotalCostDispatch,RTGeneratorProfitDual,gap,SSProfit
ObjectiveValue,62678.5955516534,263404.6132797208,62678.5955516534,625.67,62678.59555164887
