,GeneratorProfitDual,TotalCostDispatch,RTGeneratorProfitDual,gap,SSProfit
ObjectiveValue,2936.7332129224224,569487.785978011,2936.7332129224224,0.0,2936.733212922239
