,GeneratorProfitDual,TotalCostDispatch,RTGeneratorProfitDual,gap,SSProfit
ObjectiveValue,8549.663472870277,150931.28271760893,8549.663472870277,84.8386,13470.987280452737
