,GeneratorProfitDual,TotalCostDispatch,RTGeneratorProfitDual,gap,SSProfit
ObjectiveValue,66797.01321578525,586386.0916495181,66797.01321578525,7964.25,66898.48756477503
