,GeneratorProfitDual,TotalCostDispatch,RTGeneratorProfitDual,gap,SSProfit
ObjectiveValue,68917.88700028413,93973.87663392459,68917.88700028413,30533.5,68917.88700028112
