,GeneratorProfitDual,TotalCostDispatch,RTGeneratorProfitDual,gap,SSProfit
ObjectiveValue,91227.5113504244,66998.57600560917,91227.5113504244,12090.8,91227.51135042461
