,GeneratorProfitDual,TotalCostDispatch,RTGeneratorProfitDual,gap,SSProfit
ObjectiveValue,96451.98952287731,64379.37535358613,96451.98952287731,7055.67,96451.98952287623
