,GeneratorProfitDual,TotalCostDispatch,RTGeneratorProfitDual,gap,SSProfit
ObjectiveValue,42798.5280418042,61606.126972852995,42798.5280418042,7555.32,42798.52804180404
