,GeneratorProfitDual,TotalCostDispatch,RTGeneratorProfitDual,gap,SSProfit
ObjectiveValue,43758.50223089874,61289.00704892313,43758.50223089874,10164.0,43950.25160998789
