,GeneratorProfitDual,TotalCostDispatch,RTGeneratorProfitDual,gap,SSProfit
ObjectiveValue,4162.88079408674,206668.47855081435,4162.88079408674,38.583,4208.186080925108
