,GeneratorProfitDual,TotalCostDispatch,RTGeneratorProfitDual,gap,SSProfit
ObjectiveValue,87807.24633577254,260634.54085540166,87807.24633577254,497.027,93687.7772230331
