,GeneratorProfitDual,TotalCostDispatch,RTGeneratorProfitDual,gap,SSProfit
ObjectiveValue,-18333345926.272182,443119.574343044,-18333345926.272182,0.0,-14432994.00377598
