,GeneratorProfitDual,TotalCostDispatch,RTGeneratorProfitDual,gap,SSProfit
ObjectiveValue,3550.277357237306,131814.37533600986,3550.277357237306,19.7804,3958.8770445255423
