,GeneratorProfitDual,TotalCostDispatch,RTGeneratorProfitDual,gap,SSProfit
ObjectiveValue,22608.371663635426,50637.69474048934,22608.371663635426,421.521,22608.371663634578
