,GeneratorProfitDual,TotalCostDispatch,RTGeneratorProfitDual,gap,SSProfit
ObjectiveValue,22580.899205983547,50628.01185368134,22580.899205983547,421.401,22627.042225589365
