,GeneratorProfitDual,TotalCostDispatch,RTGeneratorProfitDual,gap,SSProfit
ObjectiveValue,76637.83721910906,107889.14989041019,76637.83721910906,1038.35,77029.97592253984
