,GeneratorProfitDual,TotalCostDispatch,RTGeneratorProfitDual,gap,SSProfit
ObjectiveValue,30744.20844399306,184694.24549202406,30744.20844399306,170.449,30823.105006611302
