,GeneratorProfitDual,TotalCostDispatch,RTGeneratorProfitDual,gap,SSProfit
ObjectiveValue,7744.509647682791,204968.68744894225,7744.509647682791,37.4829,7956.944173068042
