,GeneratorProfitDual,TotalCostDispatch,RTGeneratorProfitDual,gap,SSProfit
ObjectiveValue,1654.6990980367127,234425.12813329138,1654.6990980367127,13.7151,1758.7364722759494
