,GeneratorProfitDual,TotalCostDispatch,RTGeneratorProfitDual,gap,SSProfit
ObjectiveValue,1868.3852935974978,2187.0480535001966,1868.3852935974978,0.0,1868.3852935973496
