,GeneratorProfitDual,TotalCostDispatch,RTGeneratorProfitDual,gap,SSProfit
ObjectiveValue,1868.385293598088,2187.0480534996036,1868.385293598088,0.0,1868.3852935973491
