,GeneratorProfitDual,TotalCostDispatch,RTGeneratorProfitDual,gap,SSProfit
ObjectiveValue,44609.37680033593,139231.57245438526,44609.37680033593,422.828,44609.37680033421
