,GeneratorProfitDual,TotalCostDispatch,RTGeneratorProfitDual,gap,SSProfit
ObjectiveValue,44609.376800334474,139231.5724543866,44609.376800334474,442.806,44609.37680033407
