,GeneratorProfitDual,TotalCostDispatch,RTGeneratorProfitDual,gap,SSProfit
ObjectiveValue,777.0164846493178,551000.5600324912,777.0164846493178,0.00817811,777.0083065278976
