,GeneratorProfitDual,TotalCostDispatch,RTGeneratorProfitDual,gap,SSProfit
ObjectiveValue,62645.50387454487,274949.0279179832,62645.50387454487,625.798,62645.5038745433
