,GeneratorProfitDual,TotalCostDispatch,RTGeneratorProfitDual,gap,SSProfit
ObjectiveValue,-1967176476.744291,138745.17280728434,-1967176476.744291,0.0,9687458.257478284
