,GeneratorProfitDual,TotalCostDispatch,RTGeneratorProfitDual,gap,SSProfit
ObjectiveValue,4465.231044798397,126475.7787983423,4465.231044798397,19.3778,4465.231044788452
