,GeneratorProfitDual,TotalCostDispatch,RTGeneratorProfitDual,gap,SSProfit
ObjectiveValue,8837.852531626158,16265.82944074658,8837.852531626158,0.0,8837.852531625218
