,GeneratorProfitDual,TotalCostDispatch,RTGeneratorProfitDual,gap,SSProfit
ObjectiveValue,8837.85253162551,16265.829440747304,8837.85253162551,154.692,8837.852531625178
