,GeneratorProfitDual,TotalCostDispatch,RTGeneratorProfitDual,gap,SSProfit
ObjectiveValue,8837.852531625424,16265.829440747284,8837.852531625424,716.461,8837.852531625176
