,GeneratorProfitDual,TotalCostDispatch,RTGeneratorProfitDual,gap,SSProfit
ObjectiveValue,43824.33652007399,424999.56239646394,43824.33652007399,317.24,43824.33652007192
