,GeneratorProfitDual,TotalCostDispatch,RTGeneratorProfitDual,gap,SSProfit
ObjectiveValue,43824.336520073506,424999.56239646394,43824.336520073506,422.564,43824.33652007189
