,GeneratorProfitDual,TotalCostDispatch,RTGeneratorProfitDual,gap,SSProfit
ObjectiveValue,5037.250550372008,400505.41655973095,5037.250550372008,41.893,5037.250550369885
