,GeneratorProfitDual,TotalCostDispatch,RTGeneratorProfitDual,gap,SSProfit
ObjectiveValue,40626.5602927509,143104.68411673588,40626.5602927509,2327.22,40639.342438771644
