,GeneratorProfitDual,TotalCostDispatch,RTGeneratorProfitDual,gap,SSProfit
ObjectiveValue,4069.625517945273,381190.2075000322,4069.625517945273,0.0,4081.7753610000254
