,GeneratorProfitDual,TotalCostDispatch,RTGeneratorProfitDual,gap,SSProfit
ObjectiveValue,86797.0402713905,204552.17629699825,86797.0402713905,8917.33,86797.04027138825
