,GeneratorProfitDual,TotalCostDispatch,RTGeneratorProfitDual,gap,SSProfit
ObjectiveValue,86797.04027138985,204552.17629699834,86797.04027138985,1005.45,86797.04027138815
