,GeneratorProfitDual,TotalCostDispatch,RTGeneratorProfitDual,gap,SSProfit
ObjectiveValue,43610.565645139446,92402.77585581667,43610.565645139446,1036.0,43610.56564513884
