,GeneratorProfitDual,TotalCostDispatch,RTGeneratorProfitDual,gap,SSProfit
ObjectiveValue,36672.401040984885,73437.87664334883,36672.401040984885,16909.8,36930.2477897683
