,GeneratorProfitDual,TotalCostDispatch,RTGeneratorProfitDual,gap,SSProfit
ObjectiveValue,54634.278144188065,423440.8623495423,54634.278144188065,543.437,54634.27814418539
