,GeneratorProfitDual,TotalCostDispatch,RTGeneratorProfitDual,gap,SSProfit
ObjectiveValue,1315.0035244488733,2489.993978812868,1315.0035244488733,0.0,1315.003524448637
