,GeneratorProfitDual,TotalCostDispatch,RTGeneratorProfitDual,gap,SSProfit
ObjectiveValue,6211.745198896893,130801.17158280264,6211.745198896893,123286.0,6211.745198893519
