,GeneratorProfitDual,TotalCostDispatch,RTGeneratorProfitDual,gap,SSProfit
ObjectiveValue,108469.15577340972,188832.7604992141,108469.15577340972,32014.2,108469.15577340755
