,GeneratorProfitDual,TotalCostDispatch,RTGeneratorProfitDual,gap,SSProfit
ObjectiveValue,-1969329156.5969784,23194.143492006373,-1969329156.5969784,0.0,16014424.105284156
