,GeneratorProfitDual,TotalCostDispatch,RTGeneratorProfitDual,gap,SSProfit
ObjectiveValue,-15713801165.762276,381189.60373236804,-15713801165.762276,0.0,-25101767.85270036
