,GeneratorProfitDual,TotalCostDispatch,RTGeneratorProfitDual,gap,SSProfit
ObjectiveValue,7022.944818106391,244463.35711192637,7022.944818106391,12.5972,7080.576367188329
