,GeneratorProfitDual,TotalCostDispatch,RTGeneratorProfitDual,gap,SSProfit
ObjectiveValue,20685.327376102876,58193.79117285839,20685.327376102876,505.192,20685.32737609923
