,GeneratorProfitDual,TotalCostDispatch,RTGeneratorProfitDual,gap,SSProfit
ObjectiveValue,20685.32737610001,58193.791172861005,20685.32737610001,2680.9,20685.327376099092
