,GeneratorProfitDual,TotalCostDispatch,RTGeneratorProfitDual,gap,SSProfit
ObjectiveValue,8584.13198029645,150842.96714780456,8584.13198029645,6388.5,8628.791837862671
