,GeneratorProfitDual,TotalCostDispatch,RTGeneratorProfitDual,gap,SSProfit
ObjectiveValue,54602.47792541659,364976.01478619396,54602.47792541659,569.556,54627.56750672537
