,GeneratorProfitDual,TotalCostDispatch,RTGeneratorProfitDual,gap,SSProfit
ObjectiveValue,54774.13610863446,364976.0147861941,54774.13610863446,574.09,54753.33948163036
