,GeneratorProfitDual,TotalCostDispatch,RTGeneratorProfitDual,gap,SSProfit
ObjectiveValue,43503.46597422557,182832.36056426162,43503.46597422557,26883.9,43503.465974224186
