,GeneratorProfitDual,TotalCostDispatch,RTGeneratorProfitDual,gap,SSProfit
ObjectiveValue,43503.465974225735,182832.36056426153,43503.465974225735,29080.3,43503.46597422422
