,GeneratorProfitDual,TotalCostDispatch,RTGeneratorProfitDual,gap,SSProfit
ObjectiveValue,70884.90653580522,346772.76139631926,70884.90653580522,136.73,71466.87675150276
