,GeneratorProfitDual,TotalCostDispatch,RTGeneratorProfitDual,gap,SSProfit
ObjectiveValue,2435.373397265149,152704.05666732768,2435.373397265149,241.917,2435.373397263699
