,GeneratorProfitDual,TotalCostDispatch,RTGeneratorProfitDual,gap,SSProfit
ObjectiveValue,3398.8832940243965,32414.90705063207,3398.8832940243965,33.346,3398.883294024046
