,GeneratorProfitDual,TotalCostDispatch,RTGeneratorProfitDual,gap,SSProfit
ObjectiveValue,25316.752008303734,28327.81977488196,25316.752008303734,272.087,25316.752008304462
