,GeneratorProfitDual,TotalCostDispatch,RTGeneratorProfitDual,gap,SSProfit
ObjectiveValue,25316.752008303574,28327.81977488196,25316.752008303574,317.062,25316.75200830349
