,GeneratorProfitDual,TotalCostDispatch,RTGeneratorProfitDual,gap,SSProfit
ObjectiveValue,4920.871729486054,589442.0474134058,4920.871729486054,0.0,4920.871729468035
