,GeneratorProfitDual,TotalCostDispatch,RTGeneratorProfitDual,gap,SSProfit
ObjectiveValue,-1952290226.2517207,59272.277179566634,-1952290226.2517207,0.0,12295989.307696886
