,GeneratorProfitDual,TotalCostDispatch,RTGeneratorProfitDual,gap,SSProfit
ObjectiveValue,64749.63976597794,300150.3810276395,64749.63976597794,2287.71,64829.87742886258
