,GeneratorProfitDual,TotalCostDispatch,RTGeneratorProfitDual,gap,SSProfit
ObjectiveValue,64506.42287778743,300048.97124572494,64506.42287778743,700.829,64586.00379246621
