,GeneratorProfitDual,TotalCostDispatch,RTGeneratorProfitDual,gap,SSProfit
ObjectiveValue,41638.07029825953,53462.59276177898,41638.07029825953,7922.68,41638.070298258775
