,GeneratorProfitDual,TotalCostDispatch,RTGeneratorProfitDual,gap,SSProfit
ObjectiveValue,41635.30177276629,53465.36128727223,41635.30177276629,529.69,41635.30177276584
