,GeneratorProfitDual,TotalCostDispatch,RTGeneratorProfitDual,gap,SSProfit
ObjectiveValue,51600.86167475376,124949.42005948535,51600.86167475376,592.32,51600.86167475291
