,GeneratorProfitDual,TotalCostDispatch,RTGeneratorProfitDual,gap,SSProfit
ObjectiveValue,27397.242218668744,656328.5601599109,27397.242218668744,100.329,27605.340381127473
