,GeneratorProfitDual,TotalCostDispatch,RTGeneratorProfitDual,gap,SSProfit
ObjectiveValue,27716.622452213825,656365.5067335169,27716.622452213825,2366.14,27758.076665155644
