,GeneratorProfitDual,TotalCostDispatch,RTGeneratorProfitDual,gap,SSProfit
ObjectiveValue,33235.32359556008,58397.360733877795,33235.32359556008,412.658,33235.323595558606
