,GeneratorProfitDual,TotalCostDispatch,RTGeneratorProfitDual,gap,SSProfit
ObjectiveValue,33242.629977002965,58390.054352434694,33242.629977002965,345.754,33242.629977002114
