,GeneratorProfitDual,TotalCostDispatch,RTGeneratorProfitDual,gap,SSProfit
ObjectiveValue,44189.614888330165,266082.3905192209,44189.614888330165,1787.49,44412.940323128045
