,GeneratorProfitDual,TotalCostDispatch,RTGeneratorProfitDual,gap,SSProfit
ObjectiveValue,47892.98441890436,269331.53147039516,47892.98441890436,477.058,47892.98441890333
