,GeneratorProfitDual,TotalCostDispatch,RTGeneratorProfitDual,gap,SSProfit
ObjectiveValue,64953.8276942155,245490.90384200777,64953.8276942155,620.957,65892.82192343628
