,GeneratorProfitDual,TotalCostDispatch,RTGeneratorProfitDual,gap,SSProfit
ObjectiveValue,3964.381317003376,139028.6037513514,3964.381317003376,0.0,3964.3813170000094
