,GeneratorProfitDual,TotalCostDispatch,RTGeneratorProfitDual,gap,SSProfit
ObjectiveValue,490.90999238835616,328532.56153404724,490.90999238835616,3.28952,1488.416537997331
