,GeneratorProfitDual,TotalCostDispatch,RTGeneratorProfitDual,gap,SSProfit
ObjectiveValue,3838.8543707667295,165910.33228811587,3838.8543707667295,0.0,3938.336942999985
