,GeneratorProfitDual,TotalCostDispatch,RTGeneratorProfitDual,gap,SSProfit
ObjectiveValue,7875.97318103128,766694.8315251509,7875.97318103128,15.2444,9207.026016815631
