,GeneratorProfitDual,TotalCostDispatch,RTGeneratorProfitDual,gap,SSProfit
ObjectiveValue,4921.557901079757,145839.5599732267,4921.557901079757,2715.84,4975.979471015011
