,GeneratorProfitDual,TotalCostDispatch,RTGeneratorProfitDual,gap,SSProfit
ObjectiveValue,34038.82889752803,325237.10673234257,34038.82889752803,4847.33,34034.46962184404
