,GeneratorProfitDual,TotalCostDispatch,RTGeneratorProfitDual,gap,SSProfit
ObjectiveValue,6457.026740103496,14017.891272984705,6457.026740103496,4120.04,6457.0267401030305
