,GeneratorProfitDual,TotalCostDispatch,RTGeneratorProfitDual,gap,SSProfit
ObjectiveValue,6107.895793385572,71339.6171909083,6107.895793385572,20.4564,6107.895793385069
