,GeneratorProfitDual,TotalCostDispatch,RTGeneratorProfitDual,gap,SSProfit
ObjectiveValue,7928.762634001682,177558.77303784367,7928.762634001682,0.0,7928.762633999979
