,GeneratorProfitDual,TotalCostDispatch,RTGeneratorProfitDual,gap,SSProfit
ObjectiveValue,-1966444473.969974,32216.130213877164,-1966444473.969974,0.0,7743052.667001542
