,GeneratorProfitDual,TotalCostDispatch,RTGeneratorProfitDual,gap,SSProfit
ObjectiveValue,7530.7014397176035,48032.59250844293,7530.7014397176035,186.75,7530.701439717402
