,GeneratorProfitDual,TotalCostDispatch,RTGeneratorProfitDual,gap,SSProfit
ObjectiveValue,3278.5165683813384,42125.657445806144,3278.5165683813384,0.0,3278.5165683807218
