,GeneratorProfitDual,TotalCostDispatch,RTGeneratorProfitDual,gap,SSProfit
ObjectiveValue,84004.95046768847,102969.77642565033,84004.95046768847,2363.99,84022.3945350594
