,GeneratorProfitDual,TotalCostDispatch,RTGeneratorProfitDual,gap,SSProfit
ObjectiveValue,99372.08044146356,102969.77642565049,99372.08044146356,239.277,99383.17616511893
