,GeneratorProfitDual,TotalCostDispatch,RTGeneratorProfitDual,gap,SSProfit
ObjectiveValue,62348.086386955154,200528.67003418595,62348.086386955154,6470.94,62348.08638695371
