,GeneratorProfitDual,TotalCostDispatch,RTGeneratorProfitDual,gap,SSProfit
ObjectiveValue,62348.08638695501,200528.6700341859,62348.08638695501,1517.97,62348.08638695378
