,GeneratorProfitDual,TotalCostDispatch,RTGeneratorProfitDual,gap,SSProfit
ObjectiveValue,-16465995144.131966,349293.158458892,-16465995144.131966,0.0,-22419162.947852504
