,GeneratorProfitDual,TotalCostDispatch,RTGeneratorProfitDual,gap,SSProfit
ObjectiveValue,91119.04684939138,228905.02212742943,91119.04684939138,341.848,91119.04684938923
