,GeneratorProfitDual,TotalCostDispatch,RTGeneratorProfitDual,gap,SSProfit
ObjectiveValue,3226.710246727769,10648.033512393962,3226.710246727769,4.80237,3226.710246727717
