,GeneratorProfitDual,TotalCostDispatch,RTGeneratorProfitDual,gap,SSProfit
ObjectiveValue,6211.745198898032,130801.17158280264,6211.745198898032,6942.86,6211.745198893519
