,GeneratorProfitDual,TotalCostDispatch,RTGeneratorProfitDual,gap,SSProfit
ObjectiveValue,6211.745198896926,130801.17158280275,6211.745198896926,0.0,6211.745198893519
