,GeneratorProfitDual,TotalCostDispatch,RTGeneratorProfitDual,gap,SSProfit
ObjectiveValue,-18153429480.287384,253220.89651897445,-18153429480.287384,0.0,-32133944.430217914
