,GeneratorProfitDual,TotalCostDispatch,RTGeneratorProfitDual,gap,SSProfit
ObjectiveValue,24.85029983993013,323394.55586572684,24.85029983993013,0.0,24.850299836666508
