,GeneratorProfitDual,TotalCostDispatch,RTGeneratorProfitDual,gap,SSProfit
ObjectiveValue,63684.27195256835,149701.441049736,63684.27195256835,6577.55,63711.75632827078
