,GeneratorProfitDual,TotalCostDispatch,RTGeneratorProfitDual,gap,SSProfit
ObjectiveValue,62636.42983916035,149796.59096726787,62636.42983916035,8870.81,62636.42983915894
