,GeneratorProfitDual,TotalCostDispatch,RTGeneratorProfitDual,gap,SSProfit
ObjectiveValue,9284.31354293931,713288.6601184033,9284.31354293931,68.4891,9476.977340673035
