,GeneratorProfitDual,TotalCostDispatch,RTGeneratorProfitDual,gap,SSProfit
ObjectiveValue,19770.64088108852,42473.715768924165,19770.64088108852,34291.5,19980.38517295517
