,GeneratorProfitDual,TotalCostDispatch,RTGeneratorProfitDual,gap,SSProfit
ObjectiveValue,6148.008631621113,150897.76384902824,6148.008631621113,43930.0,8628.5818631957
