,GeneratorProfitDual,TotalCostDispatch,RTGeneratorProfitDual,gap,SSProfit
ObjectiveValue,786.5789670002154,18652.76623577101,786.5789670002154,0.0,786.5789669999996
