,GeneratorProfitDual,TotalCostDispatch,RTGeneratorProfitDual,gap,SSProfit
ObjectiveValue,2152.406336887572,151546.0471068498,2152.406336887572,0.0,8628.581863195725
