,GeneratorProfitDual,TotalCostDispatch,RTGeneratorProfitDual,gap,SSProfit
ObjectiveValue,4392.178751479839,235973.92706414967,4392.178751479839,23.384,4436.692418602766
