,GeneratorProfitDual,TotalCostDispatch,RTGeneratorProfitDual,gap,SSProfit
ObjectiveValue,12314.785321755948,130284.1334602735,12314.785321755948,38893.1,12850.228962237412
