,GeneratorProfitDual,TotalCostDispatch,RTGeneratorProfitDual,gap,SSProfit
ObjectiveValue,58383.705069955824,200528.6700341832,58383.705069955824,59689.7,58383.70506995363
