,GeneratorProfitDual,TotalCostDispatch,RTGeneratorProfitDual,gap,SSProfit
ObjectiveValue,34189.52371364059,142734.84050397936,34189.52371364059,5751.53,34189.523713639326
