,GeneratorProfitDual,TotalCostDispatch,RTGeneratorProfitDual,gap,SSProfit
ObjectiveValue,35565.65652611889,143320.17239886613,35565.65652611889,352.739,35565.656526118575
