,GeneratorProfitDual,TotalCostDispatch,RTGeneratorProfitDual,gap,SSProfit
ObjectiveValue,15455.20290150419,50585.376468052804,15455.20290150419,11002.0,15455.202901501318
