,GeneratorProfitDual,TotalCostDispatch,RTGeneratorProfitDual,gap,SSProfit
ObjectiveValue,-17077246481.593367,604392.5647591637,-17077246481.593367,0.0,-12753818.113587193
