,GeneratorProfitDual,TotalCostDispatch,RTGeneratorProfitDual,gap,SSProfit
ObjectiveValue,4005.695330581956,360475.1643312916,4005.695330581956,1.80999,4017.8305919999975
