,GeneratorProfitDual,TotalCostDispatch,RTGeneratorProfitDual,gap,SSProfit
ObjectiveValue,3.3708617648139807,463981.14710320596,3.3708617648139807,0.0,3.3708617538517274
