,GeneratorProfitDual,TotalCostDispatch,RTGeneratorProfitDual,gap,SSProfit
ObjectiveValue,1544.9652925246805,102673.87820871407,1544.9652925246805,302.037,1541.4798835616664
