,GeneratorProfitDual,TotalCostDispatch,RTGeneratorProfitDual,gap,SSProfit
ObjectiveValue,-1929662220.8916938,31881.943426637965,-1929662220.8916938,0.0,17022295.78979391
