,GeneratorProfitDual,TotalCostDispatch,RTGeneratorProfitDual,gap,SSProfit
ObjectiveValue,44720.84630753579,69287.1189535842,44720.84630753579,361.982,61968.92153292448
