,GeneratorProfitDual,TotalCostDispatch,RTGeneratorProfitDual,gap,SSProfit
ObjectiveValue,26755.35143073514,65245.11398731482,26755.35143073514,343.986,27497.49313901385
