,GeneratorProfitDual,TotalCostDispatch,RTGeneratorProfitDual,gap,SSProfit
ObjectiveValue,36145.31984665726,140010.35872884744,36145.31984665726,294.292,36145.31984665427
