,GeneratorProfitDual,TotalCostDispatch,RTGeneratorProfitDual,gap,SSProfit
ObjectiveValue,36145.31984665469,140010.35872884927,36145.31984665469,331.374,36145.31984665428
