,GeneratorProfitDual,TotalCostDispatch,RTGeneratorProfitDual,gap,SSProfit
ObjectiveValue,42014.058902565564,207097.4485362002,42014.058902565564,433.414,43076.94775677834
