,GeneratorProfitDual,TotalCostDispatch,RTGeneratorProfitDual,gap,SSProfit
ObjectiveValue,46678.46522632647,207672.06938206757,46678.46522632647,456.954,51056.0616854919
