,GeneratorProfitDual,TotalCostDispatch,RTGeneratorProfitDual,gap,SSProfit
ObjectiveValue,62618.08885112451,121754.40988158091,62618.08885112451,848.597,63179.687449130026
