,GeneratorProfitDual,TotalCostDispatch,RTGeneratorProfitDual,gap,SSProfit
ObjectiveValue,17304.479744729815,38931.64383839688,17304.479744729815,18057.0,17304.479530288107
