,GeneratorProfitDual,TotalCostDispatch,RTGeneratorProfitDual,gap,SSProfit
ObjectiveValue,1534.5151940435553,38274.43540018906,1534.5151940435553,24988.5,1534.515194043083
