,GeneratorProfitDual,TotalCostDispatch,RTGeneratorProfitDual,gap,SSProfit
ObjectiveValue,41353.49823193698,276678.07314545405,41353.49823193698,535.173,41353.49823193625
