,GeneratorProfitDual,TotalCostDispatch,RTGeneratorProfitDual,gap,SSProfit
ObjectiveValue,16000.290537568846,13537.669681950609,16000.290537568846,0.0,16000.290537568182
