,GeneratorProfitDual,TotalCostDispatch,RTGeneratorProfitDual,gap,SSProfit
ObjectiveValue,3482.6137045440946,84587.77611098393,3482.6137045440946,49.357,3482.6137045434757
