,GeneratorProfitDual,TotalCostDispatch,RTGeneratorProfitDual,gap,SSProfit
ObjectiveValue,3482.613704543978,84587.77611098405,3482.613704543978,0.0,3482.6137045434757
