,GeneratorProfitDual,TotalCostDispatch,RTGeneratorProfitDual,gap,SSProfit
ObjectiveValue,3629.347025176661,134017.79244003003,3629.347025176661,19.8085,3980.7076410000154
