,GeneratorProfitDual,TotalCostDispatch,RTGeneratorProfitDual,gap,SSProfit
ObjectiveValue,43534.844543066974,140740.95111240694,43534.844543066974,713.643,43753.413251760176
