,GeneratorProfitDual,TotalCostDispatch,RTGeneratorProfitDual,gap,SSProfit
ObjectiveValue,1944.0917094305014,18507.538104762596,1944.0917094305014,0.0,1944.0917094302852
