,GeneratorProfitDual,TotalCostDispatch,RTGeneratorProfitDual,gap,SSProfit
ObjectiveValue,1944.091709430767,18507.538104762323,1944.091709430767,0.0,1944.09170943026
