,GeneratorProfitDual,TotalCostDispatch,RTGeneratorProfitDual,gap,SSProfit
ObjectiveValue,1944.0917094304586,18507.538104762563,1944.0917094304586,138.226,1944.091709430289
