,GeneratorProfitDual,TotalCostDispatch,RTGeneratorProfitDual,gap,SSProfit
ObjectiveValue,-15708633675.961456,396385.3193814232,-15708633675.961456,0.0,-2799854.6075997734
