,GeneratorProfitDual,TotalCostDispatch,RTGeneratorProfitDual,gap,SSProfit
ObjectiveValue,56407.726385777256,354473.691221926,56407.726385777256,575.941,58683.33000544426
