,GeneratorProfitDual,TotalCostDispatch,RTGeneratorProfitDual,gap,SSProfit
ObjectiveValue,204.3787307277496,463021.29029091995,204.3787307277496,0.897948,400.2669295983568
