,GeneratorProfitDual,TotalCostDispatch,RTGeneratorProfitDual,gap,SSProfit
ObjectiveValue,-1922697775.237483,334197.20713103615,-1922697775.237483,0.0,600905.324755019
