,GeneratorProfitDual,TotalCostDispatch,RTGeneratorProfitDual,gap,SSProfit
ObjectiveValue,-17980734180.107483,76063.19723571981,-17980734180.107483,0.0,-20549752.702092387
