,GeneratorProfitDual,TotalCostDispatch,RTGeneratorProfitDual,gap,SSProfit
ObjectiveValue,30503.75568349962,320876.8771361577,30503.75568349962,256.276,30503.755683498504
