,GeneratorProfitDual,TotalCostDispatch,RTGeneratorProfitDual,gap,SSProfit
ObjectiveValue,30505.656097994484,320876.8771361577,30505.656097994484,214.69,30505.656097993
