,GeneratorProfitDual,TotalCostDispatch,RTGeneratorProfitDual,gap,SSProfit
ObjectiveValue,30505.656097994673,320876.8771361575,30505.656097994673,139.175,30505.656097993102
