,GeneratorProfitDual,TotalCostDispatch,RTGeneratorProfitDual,gap,SSProfit
ObjectiveValue,30651.701185232672,320624.6239854009,30651.701185232672,98.021,30776.336139555333
