,GeneratorProfitDual,TotalCostDispatch,RTGeneratorProfitDual,gap,SSProfit
ObjectiveValue,8038.884410042854,310711.8545881791,8038.884410042854,5.71738,8038.884410040976
