,GeneratorProfitDual,TotalCostDispatch,RTGeneratorProfitDual,gap,SSProfit
ObjectiveValue,2575.5439870599303,96420.58401857494,2575.5439870599303,0.0,2575.5439870585474
