,GeneratorProfitDual,TotalCostDispatch,RTGeneratorProfitDual,gap,SSProfit
ObjectiveValue,12825.19667544807,674410.5464465576,12825.19667544807,0.0,13017.10397205315
