,GeneratorProfitDual,TotalCostDispatch,RTGeneratorProfitDual,gap,SSProfit
ObjectiveValue,12825.137038893023,674410.5464465574,12825.137038893023,1226.12,13017.103972053163
