,GeneratorProfitDual,TotalCostDispatch,RTGeneratorProfitDual,gap,SSProfit
ObjectiveValue,5387.714439774876,711485.052604125,5387.714439774876,54.8992,5695.791281337579
