,GeneratorProfitDual,TotalCostDispatch,RTGeneratorProfitDual,gap,SSProfit
ObjectiveValue,5624.273674091759,711499.8500295669,5624.273674091759,51.1532,5671.864908545912
