,GeneratorProfitDual,TotalCostDispatch,RTGeneratorProfitDual,gap,SSProfit
ObjectiveValue,6140.01287582869,386980.55459834705,6140.01287582869,59.4124,6376.822809806079
