,GeneratorProfitDual,TotalCostDispatch,RTGeneratorProfitDual,gap,SSProfit
ObjectiveValue,13083.509543748492,257644.4007520895,13083.509543748492,475.368,13085.882151118027
