,GeneratorProfitDual,TotalCostDispatch,RTGeneratorProfitDual,gap,SSProfit
ObjectiveValue,7835.372205881129,673305.1769068375,7835.372205881129,77.9109,7943.400382025932
