,GeneratorProfitDual,TotalCostDispatch,RTGeneratorProfitDual,gap,SSProfit
ObjectiveValue,7917.972249774512,673305.756855322,7917.972249774512,74.8478,7953.507737108932
