,GeneratorProfitDual,TotalCostDispatch,RTGeneratorProfitDual,gap,SSProfit
ObjectiveValue,8053.542396000837,270422.8167569997,8053.542396000837,0.0,8053.54239599998
