,GeneratorProfitDual,TotalCostDispatch,RTGeneratorProfitDual,gap,SSProfit
ObjectiveValue,11277.663822931107,77821.30938973012,11277.663822931107,139333.0,11277.663822928038
