,GeneratorProfitDual,TotalCostDispatch,RTGeneratorProfitDual,gap,SSProfit
ObjectiveValue,11277.663822930732,77821.30938973033,11277.663822930732,29435.0,11277.663822928038
