,GeneratorProfitDual,TotalCostDispatch,RTGeneratorProfitDual,gap,SSProfit
ObjectiveValue,7659.807983745168,213375.60728446,7659.807983745168,4.57121,8020.219827732534
