,GeneratorProfitDual,TotalCostDispatch,RTGeneratorProfitDual,gap,SSProfit
ObjectiveValue,23220.81771354585,154642.26280390145,23220.81771354585,0.0,23342.043572574177
