,GeneratorProfitDual,TotalCostDispatch,RTGeneratorProfitDual,gap,SSProfit
ObjectiveValue,18964.504268606004,50602.190151035946,18964.504268606004,345.954,18964.504268605247
