,GeneratorProfitDual,TotalCostDispatch,RTGeneratorProfitDual,gap,SSProfit
ObjectiveValue,18964.50426860607,50602.190151035946,18964.50426860607,6543.68,18985.689343546448
