,GeneratorProfitDual,TotalCostDispatch,RTGeneratorProfitDual,gap,SSProfit
ObjectiveValue,12920.503394634681,275381.9576944122,12920.503394634681,4151.42,17914.408502471746
