,GeneratorProfitDual,TotalCostDispatch,RTGeneratorProfitDual,gap,SSProfit
ObjectiveValue,2947.539424473559,51675.917601741545,2947.539424473559,0.0,2947.5394244719296
