,GeneratorProfitDual,TotalCostDispatch,RTGeneratorProfitDual,gap,SSProfit
ObjectiveValue,2947.5394244747536,51675.91760174044,2947.5394244747536,3.59107,2947.5394244719246
