,GeneratorProfitDual,TotalCostDispatch,RTGeneratorProfitDual,gap,SSProfit
ObjectiveValue,32283.758317770156,143871.9202577346,32283.758317770156,322.277,32283.758317766995
