,GeneratorProfitDual,TotalCostDispatch,RTGeneratorProfitDual,gap,SSProfit
ObjectiveValue,32283.75831776738,143871.92025773664,32283.75831776738,273.191,32283.75831776704
