,GeneratorProfitDual,TotalCostDispatch,RTGeneratorProfitDual,gap,SSProfit
ObjectiveValue,58145.23954331161,207744.6180019346,58145.23954849326,388.455,58145.239543310214
