,GeneratorProfitDual,TotalCostDispatch,RTGeneratorProfitDual,gap,SSProfit
ObjectiveValue,10447.377676233662,49807.848739704816,10447.377676233662,4486.86,10447.377676231728
