,GeneratorProfitDual,TotalCostDispatch,RTGeneratorProfitDual,gap,SSProfit
ObjectiveValue,1195.4483137632774,449246.8457623365,1195.4483137632774,7.83479,1195.4511449128736
