,GeneratorProfitDual,TotalCostDispatch,RTGeneratorProfitDual,gap,SSProfit
ObjectiveValue,1338.0368914468231,59272.27717956654,1338.0368914468231,4.43393,1339.766002684316
