,GeneratorProfitDual,TotalCostDispatch,RTGeneratorProfitDual,gap,SSProfit
ObjectiveValue,-17101676485.544481,550981.4199350509,-17101676485.544481,0.0,1359960.8400829246
