,GeneratorProfitDual,TotalCostDispatch,RTGeneratorProfitDual,gap,SSProfit
ObjectiveValue,4231.4903111679505,159119.15861108917,4231.4903111679505,44057.7,4231.49031116667
