,GeneratorProfitDual,TotalCostDispatch,RTGeneratorProfitDual,gap,SSProfit
ObjectiveValue,4231.49031117153,159119.15861108567,4231.49031117153,442.254,4231.490311166666
