,GeneratorProfitDual,TotalCostDispatch,RTGeneratorProfitDual,gap,SSProfit
ObjectiveValue,60906.5052576228,376757.2233485606,60906.5052576228,211.448,61029.52421900066
