,GeneratorProfitDual,TotalCostDispatch,RTGeneratorProfitDual,gap,SSProfit
ObjectiveValue,25625.11056519417,43614.007604412975,25625.11056519417,230.173,25625.110565193107
