,GeneratorProfitDual,TotalCostDispatch,RTGeneratorProfitDual,gap,SSProfit
ObjectiveValue,25625.110565193856,43614.00760441343,25625.110565193856,238.239,25625.110565193096
