,GeneratorProfitDual,TotalCostDispatch,RTGeneratorProfitDual,gap,SSProfit
ObjectiveValue,-1916375276.9933655,16691.11382082991,-1916375276.9933655,0.0,18121514.530206624
