,GeneratorProfitDual,TotalCostDispatch,RTGeneratorProfitDual,gap,SSProfit
ObjectiveValue,40212.96882265816,307803.6988747621,40212.96882265816,208.032,40212.968822657676
