,GeneratorProfitDual,TotalCostDispatch,RTGeneratorProfitDual,gap,SSProfit
ObjectiveValue,63426.69179963946,276939.4740342377,63426.69179963946,37348.6,63426.69179963464
