,GeneratorProfitDual,TotalCostDispatch,RTGeneratorProfitDual,gap,SSProfit
ObjectiveValue,63426.69179963992,276939.474034238,63426.69179963992,0.0,63426.69179963463
