,GeneratorProfitDual,TotalCostDispatch,RTGeneratorProfitDual,gap,SSProfit
ObjectiveValue,-1955848034.7634783,59272.277179566634,-1955848034.7634783,0.0,12241368.677571433
