,GeneratorProfitDual,TotalCostDispatch,RTGeneratorProfitDual,gap,SSProfit
ObjectiveValue,3290.576961524553,54266.89597378022,3290.576961524553,10625.5,3290.576961522902
