,GeneratorProfitDual,TotalCostDispatch,RTGeneratorProfitDual,gap,SSProfit
ObjectiveValue,37764.68230217704,79263.92954039012,37764.68230217704,27141.2,37764.68230217612
