,GeneratorProfitDual,TotalCostDispatch,RTGeneratorProfitDual,gap,SSProfit
ObjectiveValue,6763.901210124336,81575.50783171892,6763.901210124336,0.798324,6763.901210123512
