,GeneratorProfitDual,TotalCostDispatch,RTGeneratorProfitDual,gap,SSProfit
ObjectiveValue,3534.2879924871104,68857.8166564055,3534.2879924871104,14.0228,3534.287992486389
