,GeneratorProfitDual,TotalCostDispatch,RTGeneratorProfitDual,gap,SSProfit
ObjectiveValue,4421.900500790336,63663.64885914104,4421.900500790336,2.31226,4421.900500789526
