,GeneratorProfitDual,TotalCostDispatch,RTGeneratorProfitDual,gap,SSProfit
ObjectiveValue,6605.637361730609,35979.46884897657,6605.637361730609,0.0,6605.637361730026
