,GeneratorProfitDual,TotalCostDispatch,RTGeneratorProfitDual,gap,SSProfit
ObjectiveValue,-1675921606.0449502,230611.3279482948,-1675921606.0449502,0.0,10335417.802146904
