,GeneratorProfitDual,TotalCostDispatch,RTGeneratorProfitDual,gap,SSProfit
ObjectiveValue,3790.141344514953,39842.027661189866,3790.141344514953,0.0,3790.1413445141325
