,GeneratorProfitDual,TotalCostDispatch,RTGeneratorProfitDual,gap,SSProfit
ObjectiveValue,19570.15175283448,50278.57835968391,19570.15175283448,0.0,19801.53672796315
