,GeneratorProfitDual,TotalCostDispatch,RTGeneratorProfitDual,gap,SSProfit
ObjectiveValue,7565.433887855729,211884.39847505346,7565.433887855729,43.6853,7891.138679197614
