,GeneratorProfitDual,TotalCostDispatch,RTGeneratorProfitDual,gap,SSProfit
ObjectiveValue,7758.33954107331,133521.86736738714,7758.33954107331,1324.75,8132.32880641043
