,GeneratorProfitDual,TotalCostDispatch,RTGeneratorProfitDual,gap,SSProfit
ObjectiveValue,28422.19678888068,140010.3587288493,28422.19678888068,237.235,28422.196788879664
