,GeneratorProfitDual,TotalCostDispatch,RTGeneratorProfitDual,gap,SSProfit
ObjectiveValue,28422.19678888058,140010.35872884915,28422.19678888058,232.264,28422.196788879755
