,GeneratorProfitDual,TotalCostDispatch,RTGeneratorProfitDual,gap,SSProfit
ObjectiveValue,-16735480213.74571,337429.25390252576,-16735480213.74571,0.0,-33961536.05961727
