,GeneratorProfitDual,TotalCostDispatch,RTGeneratorProfitDual,gap,SSProfit
ObjectiveValue,52986.67813101771,328219.669532719,52986.67813101771,554.073,54809.016738808205
