,GeneratorProfitDual,TotalCostDispatch,RTGeneratorProfitDual,gap,SSProfit
ObjectiveValue,2496.0315942941306,117252.02036167622,2496.0315942941306,1.52145,2521.4861770908797
