,GeneratorProfitDual,TotalCostDispatch,RTGeneratorProfitDual,gap,SSProfit
ObjectiveValue,3950.358534207153,238066.46228931457,3950.358534207153,9.75376,3950.358534206109
