,GeneratorProfitDual,TotalCostDispatch,RTGeneratorProfitDual,gap,SSProfit
ObjectiveValue,21979.01165944179,674410.5464465574,21979.01165944179,197.562,22170.978592601874
