,GeneratorProfitDual,TotalCostDispatch,RTGeneratorProfitDual,gap,SSProfit
ObjectiveValue,21979.011659441687,674410.5464465573,21979.011659441687,219.899,22170.978592601878
