,GeneratorProfitDual,TotalCostDispatch,RTGeneratorProfitDual,gap,SSProfit
ObjectiveValue,6556.525397640525,53462.59276177768,6556.525397640525,6.64753,6556.525397638127
