,GeneratorProfitDual,TotalCostDispatch,RTGeneratorProfitDual,gap,SSProfit
ObjectiveValue,7652.144785452221,20253.57263609972,7652.144785452221,45.6079,7652.144785452102
