,GeneratorProfitDual,TotalCostDispatch,RTGeneratorProfitDual,gap,SSProfit
ObjectiveValue,7652.144785453206,20253.57263609879,7652.144785453206,0.0,7652.144785452097
