,GeneratorProfitDual,TotalCostDispatch,RTGeneratorProfitDual,gap,SSProfit
ObjectiveValue,-16047683483.294731,299519.7642744951,-16047683483.294731,0.0,-12976096.262247806
