,GeneratorProfitDual,TotalCostDispatch,RTGeneratorProfitDual,gap,SSProfit
ObjectiveValue,46743.24719199026,175125.55566517933,46743.24719199026,702.238,47313.35852548662
