,GeneratorProfitDual,TotalCostDispatch,RTGeneratorProfitDual,gap,SSProfit
ObjectiveValue,35705.65889968494,98803.38588336144,35705.65889968494,374.714,35705.6588996841
