,GeneratorProfitDual,TotalCostDispatch,RTGeneratorProfitDual,gap,SSProfit
ObjectiveValue,2245.2920420328874,13516.60302526713,2245.2920420328874,0.0,2245.2920420326946
