,GeneratorProfitDual,TotalCostDispatch,RTGeneratorProfitDual,gap,SSProfit
ObjectiveValue,4962.464983478914,589442.047413408,4962.464983478914,0.0,4920.871729468046
