,GeneratorProfitDual,TotalCostDispatch,RTGeneratorProfitDual,gap,SSProfit
ObjectiveValue,4920.871729479507,589442.047413406,4920.871729479507,0.0,4920.871729468039
