,GeneratorProfitDual,TotalCostDispatch,RTGeneratorProfitDual,gap,SSProfit
ObjectiveValue,10573.230026339495,59276.71110787758,10573.230026339495,775.356,10573.230026338611
