,GeneratorProfitDual,TotalCostDispatch,RTGeneratorProfitDual,gap,SSProfit
ObjectiveValue,527.4761322773787,49908.536246156786,527.4761322773787,1565.45,2292.91216565639
