,GeneratorProfitDual,TotalCostDispatch,RTGeneratorProfitDual,gap,SSProfit
ObjectiveValue,15200.691837302755,357099.0294076469,15200.691837302755,24.9929,15200.691837288849
