,GeneratorProfitDual,TotalCostDispatch,RTGeneratorProfitDual,gap,SSProfit
ObjectiveValue,8052.148113966989,268850.68996510166,8052.148113966989,0.0,8052.14811396594
