,GeneratorProfitDual,TotalCostDispatch,RTGeneratorProfitDual,gap,SSProfit
ObjectiveValue,3369.1722357557715,142422.44509461705,3369.1722357557715,6.47893,3380.9711968046663
