,GeneratorProfitDual,TotalCostDispatch,RTGeneratorProfitDual,gap,SSProfit
ObjectiveValue,44707.90861440808,75854.06015638958,44707.90861440808,23193.0,44707.90861440684
