,GeneratorProfitDual,TotalCostDispatch,RTGeneratorProfitDual,gap,SSProfit
ObjectiveValue,44707.908614407635,75854.06015639009,44707.908614407635,7982.38,44707.90861440688
