,GeneratorProfitDual,TotalCostDispatch,RTGeneratorProfitDual,gap,SSProfit
ObjectiveValue,44707.90861440768,75854.0601563901,44707.90861440768,35410.3,44707.908614406886
