,GeneratorProfitDual,TotalCostDispatch,RTGeneratorProfitDual,gap,SSProfit
ObjectiveValue,-1927396097.9097507,60690.68980724542,-1927396097.9097507,0.0,14167876.103026
