,GeneratorProfitDual,TotalCostDispatch,RTGeneratorProfitDual,gap,SSProfit
ObjectiveValue,2532.928936692435,449257.3770098156,2532.928936692435,15.8448,2532.8103048212106
