,GeneratorProfitDual,TotalCostDispatch,RTGeneratorProfitDual,gap,SSProfit
ObjectiveValue,63649.15225584573,73731.04248452728,63649.15225584573,985.804,64353.45957577845
