,GeneratorProfitDual,TotalCostDispatch,RTGeneratorProfitDual,gap,SSProfit
ObjectiveValue,517.0743830261965,355744.83593771065,517.0743830261965,1.6979,517.0743830211587
