,GeneratorProfitDual,TotalCostDispatch,RTGeneratorProfitDual,gap,SSProfit
ObjectiveValue,56529.1576431521,300033.7866246536,56529.1576431521,4712.11,57144.61255340464
