,GeneratorProfitDual,TotalCostDispatch,RTGeneratorProfitDual,gap,SSProfit
ObjectiveValue,55572.14527562673,300310.0170710209,55572.14527562673,30399.8,56164.653098164956
