,GeneratorProfitDual,TotalCostDispatch,RTGeneratorProfitDual,gap,SSProfit
ObjectiveValue,83165.35471627522,369987.8299074218,83165.35471627522,214.429,86778.04944297152
