,GeneratorProfitDual,TotalCostDispatch,RTGeneratorProfitDual,gap,SSProfit
ObjectiveValue,130.38167150413437,443121.2419604191,130.38167150413437,1.1471,130.38167149957803
