,GeneratorProfitDual,TotalCostDispatch,RTGeneratorProfitDual,gap,SSProfit
ObjectiveValue,46819.20739825255,125380.48978858862,46819.20739825255,6825.73,46819.20739825072
