,GeneratorProfitDual,TotalCostDispatch,RTGeneratorProfitDual,gap,SSProfit
ObjectiveValue,3887.801841760093,48857.13391662086,3887.801841760093,0.0,3887.8018417592457
