,GeneratorProfitDual,TotalCostDispatch,RTGeneratorProfitDual,gap,SSProfit
ObjectiveValue,-1912156383.3928423,186864.66069375098,-1912156383.3928423,0.0,7536164.485062669
