,GeneratorProfitDual,TotalCostDispatch,RTGeneratorProfitDual,gap,SSProfit
ObjectiveValue,26955.88627419287,96420.58401857295,26955.88627419287,1408.23,26955.88627419014
