,GeneratorProfitDual,TotalCostDispatch,RTGeneratorProfitDual,gap,SSProfit
ObjectiveValue,72862.02574532,250423.4641369932,72862.02574532,365.996,52766.313554222936
