,GeneratorProfitDual,TotalCostDispatch,RTGeneratorProfitDual,gap,SSProfit
ObjectiveValue,84022.82506399785,65497.40723892511,84022.82506399785,3912.8,84022.8250639892
