,GeneratorProfitDual,TotalCostDispatch,RTGeneratorProfitDual,gap,SSProfit
ObjectiveValue,42456.641940795664,62030.00260027381,42456.641940795664,908.514,42456.64194079521
