,GeneratorProfitDual,TotalCostDispatch,RTGeneratorProfitDual,gap,SSProfit
ObjectiveValue,68479.38783816973,490820.11737341585,68479.38783816973,686.745,68492.63732907691
