,GeneratorProfitDual,TotalCostDispatch,RTGeneratorProfitDual,gap,SSProfit
ObjectiveValue,68428.31962409384,490809.4762077093,68428.31962409384,541.778,68428.28248076042
