,GeneratorProfitDual,TotalCostDispatch,RTGeneratorProfitDual,gap,SSProfit
ObjectiveValue,55826.888870736875,261382.63303681696,55826.888870736875,2665.22,55826.8888707359
