,GeneratorProfitDual,TotalCostDispatch,RTGeneratorProfitDual,gap,SSProfit
ObjectiveValue,-1944523974.6880136,102102.38386077584,-1944523974.6880136,0.0,7351929.308469266
