,GeneratorProfitDual,TotalCostDispatch,RTGeneratorProfitDual,gap,SSProfit
ObjectiveValue,-1941834988.4921398,102102.38386077582,-1941834988.4921398,0.0,7238023.727457727
