,GeneratorProfitDual,TotalCostDispatch,RTGeneratorProfitDual,gap,SSProfit
ObjectiveValue,3635.9903477358903,213367.38808766048,3635.9903477358903,0.0,4022.300894999991
