,GeneratorProfitDual,TotalCostDispatch,RTGeneratorProfitDual,gap,SSProfit
ObjectiveValue,7928.762634003294,139028.6037513514,7928.762634003294,0.0,7928.762634000052
