,GeneratorProfitDual,TotalCostDispatch,RTGeneratorProfitDual,gap,SSProfit
ObjectiveValue,85467.8856356771,277627.5103047637,85467.8856356771,560.378,85467.88563567675
