,GeneratorProfitDual,TotalCostDispatch,RTGeneratorProfitDual,gap,SSProfit
ObjectiveValue,85299.34602808881,278069.1537638798,85299.34602808881,816.379,85299.34602808276
