,GeneratorProfitDual,TotalCostDispatch,RTGeneratorProfitDual,gap,SSProfit
ObjectiveValue,84200.83612910556,277604.2704208659,84200.83612910556,853.572,84200.8361291042
