,GeneratorProfitDual,TotalCostDispatch,RTGeneratorProfitDual,gap,SSProfit
ObjectiveValue,21289.7669704539,31497.998867586386,21289.7669704539,545.276,23308.34926491141
