,GeneratorProfitDual,TotalCostDispatch,RTGeneratorProfitDual,gap,SSProfit
ObjectiveValue,50510.91479255327,34391.765919689635,50510.91479255327,2176.27,50510.91479255305
