,GeneratorProfitDual,TotalCostDispatch,RTGeneratorProfitDual,gap,SSProfit
ObjectiveValue,5670.447773103915,14017.891272984381,5670.447773103915,2689.48,5670.447773103015
