,GeneratorProfitDual,TotalCostDispatch,RTGeneratorProfitDual,gap,SSProfit
ObjectiveValue,2578.055537545604,59793.1089927813,2578.055537545604,8348.27,3725.714897206551
