,GeneratorProfitDual,TotalCostDispatch,RTGeneratorProfitDual,gap,SSProfit
ObjectiveValue,6190.1076734435255,65771.12657611792,6190.1076734435255,0.0,6190.107673442699
