,GeneratorProfitDual,TotalCostDispatch,RTGeneratorProfitDual,gap,SSProfit
ObjectiveValue,72030.04826732985,67415.90371305053,72030.04826732985,7609.23,72030.0482673235
