,GeneratorProfitDual,TotalCostDispatch,RTGeneratorProfitDual,gap,SSProfit
ObjectiveValue,2940.5256510343597,35581.20767750602,2940.5256510343597,97.3348,2940.5256510338745
