,GeneratorProfitDual,TotalCostDispatch,RTGeneratorProfitDual,gap,SSProfit
ObjectiveValue,2936.3921861604276,35595.78863972604,2936.3921861604276,0.0,2936.3921861600074
