,GeneratorProfitDual,TotalCostDispatch,RTGeneratorProfitDual,gap,SSProfit
ObjectiveValue,2936.392186160423,35595.78863972604,2936.392186160423,172.574,2936.3921861600074
