,GeneratorProfitDual,TotalCostDispatch,RTGeneratorProfitDual,gap,SSProfit
ObjectiveValue,47442.93303707776,268884.6554739143,47442.93303707776,878.648,47442.9280608015
