,GeneratorProfitDual,TotalCostDispatch,RTGeneratorProfitDual,gap,SSProfit
ObjectiveValue,-15765289452.088259,502554.2671823723,-15765289452.088259,0.0,1939718.4715241573
