,GeneratorProfitDual,TotalCostDispatch,RTGeneratorProfitDual,gap,SSProfit
ObjectiveValue,2605.823371363642,27885.15143679487,2605.823371363642,0.0,2898.243577999987
