,GeneratorProfitDual,TotalCostDispatch,RTGeneratorProfitDual,gap,SSProfit
ObjectiveValue,4960.414654456747,489185.80817432725,4960.414654456747,25.5408,4960.414654452256
