,GeneratorProfitDual,TotalCostDispatch,RTGeneratorProfitDual,gap,SSProfit
ObjectiveValue,-16981319064.724518,230953.69523640166,-16981319064.724518,0.0,-18379830.179968834
