,GeneratorProfitDual,TotalCostDispatch,RTGeneratorProfitDual,gap,SSProfit
ObjectiveValue,-16274980188.460571,96420.5840185757,-16274980188.460571,0.0,-31891000.035968617
