,GeneratorProfitDual,TotalCostDispatch,RTGeneratorProfitDual,gap,SSProfit
ObjectiveValue,60480.53580253019,65217.29890421861,60480.53580253019,4345.96,60480.53580252966
