,GeneratorProfitDual,TotalCostDispatch,RTGeneratorProfitDual,gap,SSProfit
ObjectiveValue,60480.535802530416,65217.298904218595,60480.535802530416,775.99,60480.53580252978
