,GeneratorProfitDual,TotalCostDispatch,RTGeneratorProfitDual,gap,SSProfit
ObjectiveValue,59496.77397029135,65184.82338323001,59496.77397029135,1808.88,59496.773970290764
