,GeneratorProfitDual,TotalCostDispatch,RTGeneratorProfitDual,gap,SSProfit
ObjectiveValue,8053.434189421043,296772.41857076756,8053.434189421043,32.382,8053.434189419119
