,GeneratorProfitDual,TotalCostDispatch,RTGeneratorProfitDual,gap,SSProfit
ObjectiveValue,54400.91582369496,177558.77303784364,54400.91582369496,612.499,54400.91582369427
