,GeneratorProfitDual,TotalCostDispatch,RTGeneratorProfitDual,gap,SSProfit
ObjectiveValue,54400.91582369511,177558.77303784355,54400.91582369511,484.196,54400.9158236944
