,GeneratorProfitDual,TotalCostDispatch,RTGeneratorProfitDual,gap,SSProfit
ObjectiveValue,54400.915823695104,177558.77303784367,54400.915823695104,593.202,54400.91582369421
