,GeneratorProfitDual,TotalCostDispatch,RTGeneratorProfitDual,gap,SSProfit
ObjectiveValue,19104.94045794281,63042.287417662,19104.94045794281,4075.88,19104.940457940538
