,GeneratorProfitDual,TotalCostDispatch,RTGeneratorProfitDual,gap,SSProfit
ObjectiveValue,6882.968812483329,133437.70228592263,6882.968812483329,68627.9,7076.496500910397
