,GeneratorProfitDual,TotalCostDispatch,RTGeneratorProfitDual,gap,SSProfit
ObjectiveValue,6711.926166103458,133592.45359328308,6711.926166103458,9360.88,7076.496500910432
