,GeneratorProfitDual,TotalCostDispatch,RTGeneratorProfitDual,gap,SSProfit
ObjectiveValue,2758.8590784491726,59261.45088381918,2758.8590784491726,23.1687,2521.9399305616207
