,GeneratorProfitDual,TotalCostDispatch,RTGeneratorProfitDual,gap,SSProfit
ObjectiveValue,7084.62166906926,42179.87888150153,7084.62166906926,0.0352128,7084.621669067761
