,GeneratorProfitDual,TotalCostDispatch,RTGeneratorProfitDual,gap,SSProfit
ObjectiveValue,-14154775778.50962,157385.13557154173,-14154775778.50962,0.0,-43068444.73313015
