,GeneratorProfitDual,TotalCostDispatch,RTGeneratorProfitDual,gap,SSProfit
ObjectiveValue,50151.86591124978,261389.7790848957,50151.86591124978,587.271,50258.294419770275
