,GeneratorProfitDual,TotalCostDispatch,RTGeneratorProfitDual,gap,SSProfit
ObjectiveValue,50081.564180531095,261391.24625328262,50081.564180531095,5838.9,50253.21865751623
