,GeneratorProfitDual,TotalCostDispatch,RTGeneratorProfitDual,gap,SSProfit
ObjectiveValue,50281.03946494563,261461.11392312837,50281.03946494563,327.946,50364.947149246735
