,GeneratorProfitDual,TotalCostDispatch,RTGeneratorProfitDual,gap,SSProfit
ObjectiveValue,-1924782843.0016484,61746.91855094386,-1924782843.0016484,0.0,14469310.764765581
