,GeneratorProfitDual,TotalCostDispatch,RTGeneratorProfitDual,gap,SSProfit
ObjectiveValue,-15471495589.76228,175012.80433135014,-15471495589.76228,0.0,-18645966.717990465
