,GeneratorProfitDual,TotalCostDispatch,RTGeneratorProfitDual,gap,SSProfit
ObjectiveValue,2939.8886386160584,49175.47439789717,2939.8886386160584,0.0,2939.8886386148693
