,GeneratorProfitDual,TotalCostDispatch,RTGeneratorProfitDual,gap,SSProfit
ObjectiveValue,21488.578833257874,252509.00612758237,21488.578833257874,12338.5,21488.57883325601
