,GeneratorProfitDual,TotalCostDispatch,RTGeneratorProfitDual,gap,SSProfit
ObjectiveValue,21488.578833259955,252509.0061275794,21488.578833259955,7.70725,21488.578833256026
