,GeneratorProfitDual,TotalCostDispatch,RTGeneratorProfitDual,gap,SSProfit
ObjectiveValue,2258.447450535892,33951.15176692878,2258.447450535892,22.1301,2273.2462560000004
