,GeneratorProfitDual,TotalCostDispatch,RTGeneratorProfitDual,gap,SSProfit
ObjectiveValue,999.7978764139195,501897.1528644737,999.7978764139195,0.0742709,1015.4551433701374
