,GeneratorProfitDual,TotalCostDispatch,RTGeneratorProfitDual,gap,SSProfit
ObjectiveValue,3037.985927414356,258863.51390948312,3037.985927414356,31.6093,3523.877449838484
