,GeneratorProfitDual,TotalCostDispatch,RTGeneratorProfitDual,gap,SSProfit
ObjectiveValue,49946.22344707392,303310.38183098915,49946.22344707392,415.055,50024.457955692575
