,GeneratorProfitDual,TotalCostDispatch,RTGeneratorProfitDual,gap,SSProfit
ObjectiveValue,49945.92611649652,303310.67916156654,49945.92611649652,494.892,50024.17879354147
