,GeneratorProfitDual,TotalCostDispatch,RTGeneratorProfitDual,gap,SSProfit
ObjectiveValue,49943.05020850875,303309.6626952898,49943.05020850875,246.33,50021.28471712674
