,GeneratorProfitDual,TotalCostDispatch,RTGeneratorProfitDual,gap,SSProfit
ObjectiveValue,-2002048520.7841218,243801.17845566454,-2002048520.7841218,0.0,3542052.2071415484
