,GeneratorProfitDual,TotalCostDispatch,RTGeneratorProfitDual,gap,SSProfit
ObjectiveValue,1957.0744783872465,221063.1613061999,1957.0744783872465,8.71618,4026.771197999991
