,GeneratorProfitDual,TotalCostDispatch,RTGeneratorProfitDual,gap,SSProfit
ObjectiveValue,39852.749093156184,532126.7601207907,39852.749093156184,522.761,40127.03995004293
