,GeneratorProfitDual,TotalCostDispatch,RTGeneratorProfitDual,gap,SSProfit
ObjectiveValue,-1790643686.6558986,109117.86649775218,-1790643686.6558986,0.0,3527563.461108898
