,GeneratorProfitDual,TotalCostDispatch,RTGeneratorProfitDual,gap,SSProfit
ObjectiveValue,20437.043604580344,77857.0598734628,20437.043604580344,434.633,20437.043604579532
