,GeneratorProfitDual,TotalCostDispatch,RTGeneratorProfitDual,gap,SSProfit
ObjectiveValue,20545.67529818052,77857.05987346293,20545.67529818052,563.524,20576.11870944711
