,GeneratorProfitDual,TotalCostDispatch,RTGeneratorProfitDual,gap,SSProfit
ObjectiveValue,20437.04360458018,77857.05987346287,20437.04360458018,6764.99,20437.043604579507
