,GeneratorProfitDual,TotalCostDispatch,RTGeneratorProfitDual,gap,SSProfit
ObjectiveValue,39621.90329855407,86890.21785260226,39621.90329855407,0.0,39682.15718564321
