,GeneratorProfitDual,TotalCostDispatch,RTGeneratorProfitDual,gap,SSProfit
ObjectiveValue,39768.3524464393,86868.53858432324,39768.3524464393,11380.0,39849.234354737295
