,GeneratorProfitDual,TotalCostDispatch,RTGeneratorProfitDual,gap,SSProfit
ObjectiveValue,47736.73170905758,440900.2580589548,47736.73170905758,162.036,47969.31844066219
