,GeneratorProfitDual,TotalCostDispatch,RTGeneratorProfitDual,gap,SSProfit
ObjectiveValue,-17100921065.422415,263387.3941860132,-17100921065.422415,6098.3,-13296297.727438593
