,GeneratorProfitDual,TotalCostDispatch,RTGeneratorProfitDual,gap,SSProfit
ObjectiveValue,19466.568746668938,263387.39418600325,19466.568746668938,1830.65,19466.568746658315
