,GeneratorProfitDual,TotalCostDispatch,RTGeneratorProfitDual,gap,SSProfit
ObjectiveValue,37764.682302179346,75854.0601563875,37764.682302179346,42769.3,37764.68230217612
