,GeneratorProfitDual,TotalCostDispatch,RTGeneratorProfitDual,gap,SSProfit
ObjectiveValue,3993.8964055679144,63343.41002577965,3993.8964055679144,15.0398,3993.8964055672195
