,GeneratorProfitDual,TotalCostDispatch,RTGeneratorProfitDual,gap,SSProfit
ObjectiveValue,83001.05944772113,338729.5954946355,83001.05944772113,829.002,83053.06313871781
