,GeneratorProfitDual,TotalCostDispatch,RTGeneratorProfitDual,gap,SSProfit
ObjectiveValue,-17265288858.128025,266916.6075356238,-17265288858.128025,0.0,-14531374.585428352
