,GeneratorProfitDual,TotalCostDispatch,RTGeneratorProfitDual,gap,SSProfit
ObjectiveValue,6457.026740106169,63343.41002577724,6457.026740106169,27870.7,6457.026740103023
