,GeneratorProfitDual,TotalCostDispatch,RTGeneratorProfitDual,gap,SSProfit
ObjectiveValue,6457.026740103944,63343.41002577916,6457.026740103944,170.108,6457.02674010301
