,GeneratorProfitDual,TotalCostDispatch,RTGeneratorProfitDual,gap,SSProfit
ObjectiveValue,9950.717274672183,48685.153543833614,9950.717274672183,31.8195,9950.717274671006
