,GeneratorProfitDual,TotalCostDispatch,RTGeneratorProfitDual,gap,SSProfit
ObjectiveValue,9950.717274672288,48685.15354383359,9950.717274672288,68.4302,9950.717274671004
