,GeneratorProfitDual,TotalCostDispatch,RTGeneratorProfitDual,gap,SSProfit
ObjectiveValue,7232.403480172088,274871.168268658,7232.403480172088,28.5768,7435.295954034746
