,GeneratorProfitDual,TotalCostDispatch,RTGeneratorProfitDual,gap,SSProfit
ObjectiveValue,7905.898649466289,224780.17872530868,7905.898649466289,53.5164,7926.738348257735
