,GeneratorProfitDual,TotalCostDispatch,RTGeneratorProfitDual,gap,SSProfit
ObjectiveValue,84362.22665726127,374904.47550582536,84362.22665726127,8832.41,85203.23711119128
