,GeneratorProfitDual,TotalCostDispatch,RTGeneratorProfitDual,gap,SSProfit
ObjectiveValue,-1914403854.4070785,36669.74913100455,-1914403854.4070785,0.0,12360154.14432945
