,GeneratorProfitDual,TotalCostDispatch,RTGeneratorProfitDual,gap,SSProfit
ObjectiveValue,38488.728876101435,228924.88552927575,38488.728876101435,6318.39,38488.728876099456
