,GeneratorProfitDual,TotalCostDispatch,RTGeneratorProfitDual,gap,SSProfit
ObjectiveValue,-31533.888452072242,505118.27894936106,-31533.888452072242,9603.28,3486.1368434224223
