,GeneratorProfitDual,TotalCostDispatch,RTGeneratorProfitDual,gap,SSProfit
ObjectiveValue,-1987133761.350339,27324.991167645294,-1987133761.350339,0.0,11452249.9593504
