,GeneratorProfitDual,TotalCostDispatch,RTGeneratorProfitDual,gap,SSProfit
ObjectiveValue,26.8014432140709,105623.97659417747,26.8014432140709,0.0,26.801443213403576
