,GeneratorProfitDual,TotalCostDispatch,RTGeneratorProfitDual,gap,SSProfit
ObjectiveValue,45138.89650748025,87393.75691058072,45138.89650748025,75.4717,45138.89650747957
