,GeneratorProfitDual,TotalCostDispatch,RTGeneratorProfitDual,gap,SSProfit
ObjectiveValue,9699.372186920882,151995.0062810547,9699.372186920882,0.0,9682.878793548174
