,GeneratorProfitDual,TotalCostDispatch,RTGeneratorProfitDual,gap,SSProfit
ObjectiveValue,9422.302185311928,152090.32102178715,9422.302185311928,190.514,9611.656426483536
