,GeneratorProfitDual,TotalCostDispatch,RTGeneratorProfitDual,gap,SSProfit
ObjectiveValue,9633.423751463326,152055.41566315808,9633.423751463326,84.8243,9700.345887044175
