,GeneratorProfitDual,TotalCostDispatch,RTGeneratorProfitDual,gap,SSProfit
ObjectiveValue,1529.043088427008,363681.5632094236,1529.043088427008,0.0,1529.043088422324
