,GeneratorProfitDual,TotalCostDispatch,RTGeneratorProfitDual,gap,SSProfit
ObjectiveValue,45934.33007229975,261389.70691416546,45934.33007229975,7874.26,46219.81516497425
