,GeneratorProfitDual,TotalCostDispatch,RTGeneratorProfitDual,gap,SSProfit
ObjectiveValue,45885.64901989925,261392.4007576252,45885.64901989925,8556.72,46168.5210085201
