,GeneratorProfitDual,TotalCostDispatch,RTGeneratorProfitDual,gap,SSProfit
ObjectiveValue,81943.41811426332,133835.46928336666,81943.41811426332,18022.3,81943.41811425962
