,GeneratorProfitDual,TotalCostDispatch,RTGeneratorProfitDual,gap,SSProfit
ObjectiveValue,81943.41811426137,133835.46928336952,81943.41811426137,24548.1,81943.4181142597
