,GeneratorProfitDual,TotalCostDispatch,RTGeneratorProfitDual,gap,SSProfit
ObjectiveValue,3961.660263000661,111241.935580837,3961.660263000661,0.732872,3961.6602629999998
