,GeneratorProfitDual,TotalCostDispatch,RTGeneratorProfitDual,gap,SSProfit
ObjectiveValue,26970.042708506346,136465.38305466404,26970.042708506346,206.946,26970.042708504734
