,GeneratorProfitDual,TotalCostDispatch,RTGeneratorProfitDual,gap,SSProfit
ObjectiveValue,26971.403235505833,136464.0225276644,26971.403235505833,10970.7,26971.403235504724
