,GeneratorProfitDual,TotalCostDispatch,RTGeneratorProfitDual,gap,SSProfit
ObjectiveValue,26971.403235505615,136464.02252766438,26971.403235505615,37.4319,26971.403235504746
