,GeneratorProfitDual,TotalCostDispatch,RTGeneratorProfitDual,gap,SSProfit
ObjectiveValue,4490.8065192205695,280390.66836220404,4490.8065192205695,0.0,3963.0207899999978
