,GeneratorProfitDual,TotalCostDispatch,RTGeneratorProfitDual,gap,SSProfit
ObjectiveValue,-1951707524.0247366,145535.60391318533,-1951707524.0247366,0.0,10169761.678167466
