,GeneratorProfitDual,TotalCostDispatch,RTGeneratorProfitDual,gap,SSProfit
ObjectiveValue,49758.575545396496,88212.0344529384,49758.575545396496,658.581,50031.80232149324
