,GeneratorProfitDual,TotalCostDispatch,RTGeneratorProfitDual,gap,SSProfit
ObjectiveValue,7851.882454779844,421277.98137296643,7851.882454779844,24.8951,8049.279559619168
