,GeneratorProfitDual,TotalCostDispatch,RTGeneratorProfitDual,gap,SSProfit
ObjectiveValue,-17262872979.518353,402788.0840480388,-17262872979.518353,0.0,-6831378.385460565
