,GeneratorProfitDual,TotalCostDispatch,RTGeneratorProfitDual,gap,SSProfit
ObjectiveValue,41888.41668188972,71924.05373133566,41888.41668188972,89.519,56094.50726843151
