,GeneratorProfitDual,TotalCostDispatch,RTGeneratorProfitDual,gap,SSProfit
ObjectiveValue,22927.434078375583,69512.87620571759,22927.434078375583,0.0,23088.779248462746
