,GeneratorProfitDual,TotalCostDispatch,RTGeneratorProfitDual,gap,SSProfit
ObjectiveValue,2449.0498590685024,299106.55399118003,2449.0498590685024,0.0,2541.535305270102
