,GeneratorProfitDual,TotalCostDispatch,RTGeneratorProfitDual,gap,SSProfit
ObjectiveValue,39190.374568624546,120331.93891324087,39190.374568624546,5401.51,39190.37456862375
