,GeneratorProfitDual,TotalCostDispatch,RTGeneratorProfitDual,gap,SSProfit
ObjectiveValue,39190.37456862626,120331.93891323885,39190.37456862626,2888.82,39190.37456862364
