,GeneratorProfitDual,TotalCostDispatch,RTGeneratorProfitDual,gap,SSProfit
ObjectiveValue,100022.96519447216,75136.7366408845,100022.96519447216,833.884,100022.96519447144
