,GeneratorProfitDual,TotalCostDispatch,RTGeneratorProfitDual,gap,SSProfit
ObjectiveValue,71948.03469107849,254903.75510549248,71948.03469107849,1086.43,71927.23806407108
