,GeneratorProfitDual,TotalCostDispatch,RTGeneratorProfitDual,gap,SSProfit
ObjectiveValue,3286.811066324061,36308.18317180805,3286.811066324061,7.91905,3286.8110663216153
