,GeneratorProfitDual,TotalCostDispatch,RTGeneratorProfitDual,gap,SSProfit
ObjectiveValue,-1716317544.8398676,186369.44614282122,-1716317544.8398676,0.0,10632676.747180732
