,GeneratorProfitDual,TotalCostDispatch,RTGeneratorProfitDual,gap,SSProfit
ObjectiveValue,847.3744837980848,407090.79450164706,847.3744837980848,8.04965,848.6874511662547
