,GeneratorProfitDual,TotalCostDispatch,RTGeneratorProfitDual,gap,SSProfit
ObjectiveValue,4622.325953957166,109341.90531895573,4622.325953957166,52085.7,4622.325953956009
