,GeneratorProfitDual,TotalCostDispatch,RTGeneratorProfitDual,gap,SSProfit
ObjectiveValue,21109.72455156848,104673.09867106238,21109.72455156848,194.11,21109.724551567168
