,GeneratorProfitDual,TotalCostDispatch,RTGeneratorProfitDual,gap,SSProfit
ObjectiveValue,62821.875337683494,34332.0451276553,62821.875337683494,17166.3,62821.87533768291
