,GeneratorProfitDual,TotalCostDispatch,RTGeneratorProfitDual,gap,SSProfit
ObjectiveValue,27892.793451705857,29249.604720680087,27892.793451705857,37898.5,27892.79345170536
