,GeneratorProfitDual,TotalCostDispatch,RTGeneratorProfitDual,gap,SSProfit
ObjectiveValue,62851.43373051762,122400.29470830614,62851.43373051762,9677.25,63402.433326478014
