,GeneratorProfitDual,TotalCostDispatch,RTGeneratorProfitDual,gap,SSProfit
ObjectiveValue,76395.66473197218,122914.42127362912,76395.66473197218,1543.21,76395.66473197233
