,GeneratorProfitDual,TotalCostDispatch,RTGeneratorProfitDual,gap,SSProfit
ObjectiveValue,30656.34757640535,320623.854315841,30656.34757640535,103.899,30777.903852487623
