,GeneratorProfitDual,TotalCostDispatch,RTGeneratorProfitDual,gap,SSProfit
ObjectiveValue,3230.28090079145,152552.30822515173,3230.28090079145,364.606,2992.282639036284
