,GeneratorProfitDual,TotalCostDispatch,RTGeneratorProfitDual,gap,SSProfit
ObjectiveValue,3886.271810461153,211609.42627857742,3886.271810461153,422.926,3958.2020225267624
