,GeneratorProfitDual,TotalCostDispatch,RTGeneratorProfitDual,gap,SSProfit
ObjectiveValue,41417.85562525778,450742.67670162924,41417.85562525778,389.711,41418.27106758392
