,GeneratorProfitDual,TotalCostDispatch,RTGeneratorProfitDual,gap,SSProfit
ObjectiveValue,45700.8102389252,202857.38813250654,45700.8102389252,520.795,45791.790954306205
