,GeneratorProfitDual,TotalCostDispatch,RTGeneratorProfitDual,gap,SSProfit
ObjectiveValue,52090.745913123006,203667.38226548673,52090.745913123006,520.858,52859.10866897961
