,GeneratorProfitDual,TotalCostDispatch,RTGeneratorProfitDual,gap,SSProfit
ObjectiveValue,3177.6861813275546,61567.67723109877,3177.6861813275546,0.0,3177.686181327047
