,GeneratorProfitDual,TotalCostDispatch,RTGeneratorProfitDual,gap,SSProfit
ObjectiveValue,16541.6515945207,673306.825840822,16541.6515945207,164.309,16625.516004374942
