,GeneratorProfitDual,TotalCostDispatch,RTGeneratorProfitDual,gap,SSProfit
ObjectiveValue,16582.844435541207,673298.8930421942,16582.844435541207,147.502,16639.487709647005
