,GeneratorProfitDual,TotalCostDispatch,RTGeneratorProfitDual,gap,SSProfit
ObjectiveValue,5619.975622721073,44362.809808237165,5619.975622721073,419.998,5619.975622720513
