,GeneratorProfitDual,TotalCostDispatch,RTGeneratorProfitDual,gap,SSProfit
ObjectiveValue,1078.3347435956102,485592.23065431195,1078.3347435956102,0.0,1253.1368310000112
