,GeneratorProfitDual,TotalCostDispatch,RTGeneratorProfitDual,gap,SSProfit
ObjectiveValue,-18121374446.169888,84682.35829585942,-18121374446.169888,0.0,-41119516.398491524
