,GeneratorProfitDual,TotalCostDispatch,RTGeneratorProfitDual,gap,SSProfit
ObjectiveValue,9318.427516808219,36810.88361753568,9318.427516808219,3075.45,9318.427516805945
