,GeneratorProfitDual,TotalCostDispatch,RTGeneratorProfitDual,gap,SSProfit
ObjectiveValue,7443.816658951346,227366.19360579192,7443.816658951346,49.3514,7648.641414867993
