,GeneratorProfitDual,TotalCostDispatch,RTGeneratorProfitDual,gap,SSProfit
ObjectiveValue,-1977653798.4293287,135267.1911373872,-1977653798.4293287,0.0,11641191.214105029
