,GeneratorProfitDual,TotalCostDispatch,RTGeneratorProfitDual,gap,SSProfit
ObjectiveValue,56852.00113557273,376934.52953594056,56852.00113557273,219.149,57153.958363708734
