,GeneratorProfitDual,TotalCostDispatch,RTGeneratorProfitDual,gap,SSProfit
ObjectiveValue,57182.02025061271,168088.30059157242,57182.02025061271,0.0,57269.63129997997
