,GeneratorProfitDual,TotalCostDispatch,RTGeneratorProfitDual,gap,SSProfit
ObjectiveValue,1372.3614458588513,460748.7848319966,1372.3614458588513,87.8705,1372.3614458553575
