,GeneratorProfitDual,TotalCostDispatch,RTGeneratorProfitDual,gap,SSProfit
ObjectiveValue,83362.06514122071,222962.21340214458,83362.06514122071,816.553,83432.67649248595
