,GeneratorProfitDual,TotalCostDispatch,RTGeneratorProfitDual,gap,SSProfit
ObjectiveValue,82206.33369044223,222906.45232592343,82206.33369044223,811.898,82206.33369044145
