,GeneratorProfitDual,TotalCostDispatch,RTGeneratorProfitDual,gap,SSProfit
ObjectiveValue,83356.67431085906,222889.69803986486,83356.67431085906,441.507,83356.67431085947
