,GeneratorProfitDual,TotalCostDispatch,RTGeneratorProfitDual,gap,SSProfit
ObjectiveValue,39434.5899285405,121012.36522493396,39434.5899285405,0.0,39434.58992853981
