,GeneratorProfitDual,TotalCostDispatch,RTGeneratorProfitDual,gap,SSProfit
ObjectiveValue,39434.58992854055,121012.36522493373,39434.58992854055,31792.5,39434.58992853982
