,GeneratorProfitDual,TotalCostDispatch,RTGeneratorProfitDual,gap,SSProfit
ObjectiveValue,7890.860080772554,234990.3221657175,7890.860080772554,39.5463,7890.860080770348
