,GeneratorProfitDual,TotalCostDispatch,RTGeneratorProfitDual,gap,SSProfit
ObjectiveValue,47736.73170905718,436873.48686095484,47736.73170905718,1215.14,47969.31844066223
