,GeneratorProfitDual,TotalCostDispatch,RTGeneratorProfitDual,gap,SSProfit
ObjectiveValue,-18354353002.378635,20255.23186454163,-18354353002.378635,0.0,-88781249.44926229
