,GeneratorProfitDual,TotalCostDispatch,RTGeneratorProfitDual,gap,SSProfit
ObjectiveValue,7928.7626340009865,182332.03673614998,7928.7626340009865,0.0,7928.762634000061
