,GeneratorProfitDual,TotalCostDispatch,RTGeneratorProfitDual,gap,SSProfit
ObjectiveValue,-18998024466.157963,35979.46884897735,-18998024466.157963,0.0,-84031713.1082294
