,GeneratorProfitDual,TotalCostDispatch,RTGeneratorProfitDual,gap,SSProfit
ObjectiveValue,-1795865204.4479392,66297.5276878429,-1795865204.4479392,0.0,16717490.938650863
