,GeneratorProfitDual,TotalCostDispatch,RTGeneratorProfitDual,gap,SSProfit
ObjectiveValue,66085.25192156524,207761.62263580487,66085.25192156524,0.0,66085.25192156421
