,GeneratorProfitDual,TotalCostDispatch,RTGeneratorProfitDual,gap,SSProfit
ObjectiveValue,-14898141653.909626,64126.56815465685,-14898141653.909626,0.0,-56642684.16295507
