,GeneratorProfitDual,TotalCostDispatch,RTGeneratorProfitDual,gap,SSProfit
ObjectiveValue,50777.28639230245,177221.98954150232,50777.28639230245,5571.45,50777.286392301045
