,GeneratorProfitDual,TotalCostDispatch,RTGeneratorProfitDual,gap,SSProfit
ObjectiveValue,64751.03997045419,177221.9895415024,64751.03997045419,647.391,64751.03997045309
