,GeneratorProfitDual,TotalCostDispatch,RTGeneratorProfitDual,gap,SSProfit
ObjectiveValue,13074.186517574348,761887.7360907405,13074.186517574348,1.46899,13113.011552646873
