,GeneratorProfitDual,TotalCostDispatch,RTGeneratorProfitDual,gap,SSProfit
ObjectiveValue,12940.804113598462,761895.3388568067,12940.804113598462,129.234,13103.404971420685
