,GeneratorProfitDual,TotalCostDispatch,RTGeneratorProfitDual,gap,SSProfit
ObjectiveValue,-1990959761.4794805,299320.9426853293,-1990959761.4794805,0.0,9705846.181319293
