,GeneratorProfitDual,TotalCostDispatch,RTGeneratorProfitDual,gap,SSProfit
ObjectiveValue,-1990309020.597225,299320.9426853293,-1990309020.597225,0.0,9705846.181319293
