,GeneratorProfitDual,TotalCostDispatch,RTGeneratorProfitDual,gap,SSProfit
ObjectiveValue,-1982914459.008519,23194.143492006373,-1982914459.008519,0.0,15849515.254702004
