,GeneratorProfitDual,TotalCostDispatch,RTGeneratorProfitDual,gap,SSProfit
ObjectiveValue,3488.8284170337192,42179.87888150163,3488.8284170337192,0.0,3488.828417032444
