,GeneratorProfitDual,TotalCostDispatch,RTGeneratorProfitDual,gap,SSProfit
ObjectiveValue,-1940524420.2909253,147767.32256219472,-1940524420.2909253,0.0,5226665.028049555
