,GeneratorProfitDual,TotalCostDispatch,RTGeneratorProfitDual,gap,SSProfit
ObjectiveValue,28478.21094728749,353648.1890361186,28478.21094728749,228.011,28478.210947286294
