,GeneratorProfitDual,TotalCostDispatch,RTGeneratorProfitDual,gap,SSProfit
ObjectiveValue,42959.82431368896,255008.18782874566,42959.82431368896,529.839,42959.82431327415
