,GeneratorProfitDual,TotalCostDispatch,RTGeneratorProfitDual,gap,SSProfit
ObjectiveValue,53479.27137007356,255791.3029581381,53479.27137007356,521.696,53502.48584789103
