,GeneratorProfitDual,TotalCostDispatch,RTGeneratorProfitDual,gap,SSProfit
ObjectiveValue,53540.37191317536,255790.15942638947,53540.37191317536,533.702,53540.371913174466
