,GeneratorProfitDual,TotalCostDispatch,RTGeneratorProfitDual,gap,SSProfit
ObjectiveValue,-1920483423.3429487,314518.7812820007,-1920483423.3429487,0.0,2786307.354302493
