,GeneratorProfitDual,TotalCostDispatch,RTGeneratorProfitDual,gap,SSProfit
ObjectiveValue,62327.29559055089,324925.89253607584,62327.29559055089,623.035,62327.295590551905
