,GeneratorProfitDual,TotalCostDispatch,RTGeneratorProfitDual,gap,SSProfit
ObjectiveValue,-1943940359.5395732,314518.78128200077,-1943940359.5395732,0.0,3935460.693495022
