,GeneratorProfitDual,TotalCostDispatch,RTGeneratorProfitDual,gap,SSProfit
ObjectiveValue,5335.599153779228,9797.023919406263,5335.599153779228,0.00376246,5335.599153779178
