,GeneratorProfitDual,TotalCostDispatch,RTGeneratorProfitDual,gap,SSProfit
ObjectiveValue,65361.83242699964,62916.61056430961,65361.83242699964,6723.16,65375.99758051871
