,GeneratorProfitDual,TotalCostDispatch,RTGeneratorProfitDual,gap,SSProfit
ObjectiveValue,10573.230026340481,59276.711107877076,10573.230026340481,14859.5,10573.230026338922
