,GeneratorProfitDual,TotalCostDispatch,RTGeneratorProfitDual,gap,SSProfit
ObjectiveValue,5862.563717068261,58390.054352434156,5862.563717068261,14.4034,5862.563717066708
