,GeneratorProfitDual,TotalCostDispatch,RTGeneratorProfitDual,gap,SSProfit
ObjectiveValue,83152.97718889745,621896.0542738314,83152.97718889745,832.755,83468.39056597285
