,GeneratorProfitDual,TotalCostDispatch,RTGeneratorProfitDual,gap,SSProfit
ObjectiveValue,83562.78733764034,621952.1878613565,83562.78733764034,835.24,83670.33050364967
