,GeneratorProfitDual,TotalCostDispatch,RTGeneratorProfitDual,gap,SSProfit
ObjectiveValue,-1970834819.8680897,141874.49333238715,-1970834819.8680897,0.0,11741398.1123984
