,GeneratorProfitDual,TotalCostDispatch,RTGeneratorProfitDual,gap,SSProfit
ObjectiveValue,6457.026740104057,16265.82944074658,6457.026740104057,60.3368,6457.026740103023
