,GeneratorProfitDual,TotalCostDispatch,RTGeneratorProfitDual,gap,SSProfit
ObjectiveValue,6457.026740103247,16265.829440747291,6457.026740103247,530.849,6457.026740103021
