,GeneratorProfitDual,TotalCostDispatch,RTGeneratorProfitDual,gap,SSProfit
ObjectiveValue,3041.3359173068893,13245.886693405375,3041.3359173068893,0.0,3041.335917306597
