,GeneratorProfitDual,TotalCostDispatch,RTGeneratorProfitDual,gap,SSProfit
ObjectiveValue,8932.390749252474,79252.5312038555,8932.390749252474,306.483,8932.390749252063
