,GeneratorProfitDual,TotalCostDispatch,RTGeneratorProfitDual,gap,SSProfit
ObjectiveValue,8932.390749252429,79252.53120385551,8932.390749252429,274.308,8932.390749252063
