,GeneratorProfitDual,TotalCostDispatch,RTGeneratorProfitDual,gap,SSProfit
ObjectiveValue,48573.75811733597,135267.19113738526,48573.75811733597,1337.05,48573.758117334226
