,GeneratorProfitDual,TotalCostDispatch,RTGeneratorProfitDual,gap,SSProfit
ObjectiveValue,48573.758117334524,135267.19113738663,48573.758117334524,484.328,48573.75811733405
