,GeneratorProfitDual,TotalCostDispatch,RTGeneratorProfitDual,gap,SSProfit
ObjectiveValue,84803.31016870483,376081.0843053036,84803.31016870483,2855.0,84738.92267785744
