,GeneratorProfitDual,TotalCostDispatch,RTGeneratorProfitDual,gap,SSProfit
ObjectiveValue,84714.57355138467,376091.10471761646,84714.57355138467,2431.12,84738.92267785748
