,GeneratorProfitDual,TotalCostDispatch,RTGeneratorProfitDual,gap,SSProfit
ObjectiveValue,17997.64487458135,655419.3784775046,17997.64487458135,0.0,17997.644874577596
