,GeneratorProfitDual,TotalCostDispatch,RTGeneratorProfitDual,gap,SSProfit
ObjectiveValue,18000.419255780125,655428.3331167187,18000.419255780125,104.684,18034.817127499762
