,GeneratorProfitDual,TotalCostDispatch,RTGeneratorProfitDual,gap,SSProfit
ObjectiveValue,1971.6864927008019,31418.331869237914,1971.6864927008019,0.0,1971.6864927003899
