,GeneratorProfitDual,TotalCostDispatch,RTGeneratorProfitDual,gap,SSProfit
ObjectiveValue,-18991390812.71349,150580.7455847183,-18991390812.71349,0.0,-62290136.514384754
