,GeneratorProfitDual,TotalCostDispatch,RTGeneratorProfitDual,gap,SSProfit
ObjectiveValue,6487.91354524997,72607.86971190477,6487.91354524997,57.2102,6487.913545246606
