,GeneratorProfitDual,TotalCostDispatch,RTGeneratorProfitDual,gap,SSProfit
ObjectiveValue,62247.6962406813,158375.46576784312,62247.6962406813,8235.1,62428.38480850927
