,GeneratorProfitDual,TotalCostDispatch,RTGeneratorProfitDual,gap,SSProfit
ObjectiveValue,23935.902630390156,63585.306568741216,23935.902630390156,14715.7,23935.902630389348
