,GeneratorProfitDual,TotalCostDispatch,RTGeneratorProfitDual,gap,SSProfit
ObjectiveValue,22571.92301887043,63509.302139655614,22571.92301887043,2422.96,22697.337048042627
