,GeneratorProfitDual,TotalCostDispatch,RTGeneratorProfitDual,gap,SSProfit
ObjectiveValue,13117.07410509358,338163.1277871542,13117.07410509358,69.1969,13240.169720294685
