,GeneratorProfitDual,TotalCostDispatch,RTGeneratorProfitDual,gap,SSProfit
ObjectiveValue,12355.007123792922,339030.4177663325,12355.007123792922,123.519,12355.007123790932
