,GeneratorProfitDual,TotalCostDispatch,RTGeneratorProfitDual,gap,SSProfit
ObjectiveValue,3282.6622121461824,96118.74096948582,3282.6622121461824,20.6863,3282.6622121449645
