,GeneratorProfitDual,TotalCostDispatch,RTGeneratorProfitDual,gap,SSProfit
ObjectiveValue,-1928566676.4979155,172073.50463475112,-1928566676.4979155,0.0,10462521.710605297
