,GeneratorProfitDual,TotalCostDispatch,RTGeneratorProfitDual,gap,SSProfit
ObjectiveValue,-17520450948.015427,233157.05181714834,-17520450948.015427,0.0,-44847279.40615611
