,GeneratorProfitDual,TotalCostDispatch,RTGeneratorProfitDual,gap,SSProfit
ObjectiveValue,28500.870549198953,81499.93695391962,28500.870549198953,264.309,28500.870549198105
