,GeneratorProfitDual,TotalCostDispatch,RTGeneratorProfitDual,gap,SSProfit
ObjectiveValue,28500.87054919905,81499.93695391962,28500.87054919905,4345.06,28500.870549198185
