,GeneratorProfitDual,TotalCostDispatch,RTGeneratorProfitDual,gap,SSProfit
ObjectiveValue,-1959643576.9953158,365124.5183687644,-1959643576.9953158,0.0,9265395.815781265
