,GeneratorProfitDual,TotalCostDispatch,RTGeneratorProfitDual,gap,SSProfit
ObjectiveValue,2217.0419223886875,28991.42671200408,2217.0419223886875,17.7097,2217.041922387967
