,GeneratorProfitDual,TotalCostDispatch,RTGeneratorProfitDual,gap,SSProfit
ObjectiveValue,6819.7387680004085,45661.779549686464,6819.7387680004085,0.0,6819.7387679999965
