,GeneratorProfitDual,TotalCostDispatch,RTGeneratorProfitDual,gap,SSProfit
ObjectiveValue,8018.268192896661,221063.1613061969,8018.268192896661,14.8522,8055.383728769207
