,GeneratorProfitDual,TotalCostDispatch,RTGeneratorProfitDual,gap,SSProfit
ObjectiveValue,-1921198872.815101,176917.06706255794,-1921198872.815101,0.0,10462521.7106053
