,GeneratorProfitDual,TotalCostDispatch,RTGeneratorProfitDual,gap,SSProfit
ObjectiveValue,2560.0036278537787,384460.64963706763,2560.0036278537787,13.7175,2560.0036278501457
