,GeneratorProfitDual,TotalCostDispatch,RTGeneratorProfitDual,gap,SSProfit
ObjectiveValue,4611.645292998184,598719.9485213842,4611.645292998184,46.2881,4708.99417705994
