,GeneratorProfitDual,TotalCostDispatch,RTGeneratorProfitDual,gap,SSProfit
ObjectiveValue,23274.87459373545,31881.94342663781,23274.87459373545,231.904,23274.874593735116
