,GeneratorProfitDual,TotalCostDispatch,RTGeneratorProfitDual,gap,SSProfit
ObjectiveValue,17834.26159299749,275362.2497446403,17834.26159299749,186.651,17914.40850247175
