,GeneratorProfitDual,TotalCostDispatch,RTGeneratorProfitDual,gap,SSProfit
ObjectiveValue,66038.58182867547,207744.6180019303,66038.58182867547,1770.73,66106.65482531034
