,GeneratorProfitDual,TotalCostDispatch,RTGeneratorProfitDual,gap,SSProfit
ObjectiveValue,9332.657325969161,36308.18317180784,9332.657325969161,19869.0,9332.657325966393
