,GeneratorProfitDual,TotalCostDispatch,RTGeneratorProfitDual,gap,SSProfit
ObjectiveValue,56849.09615377599,266854.43497334304,56849.09615377599,147.876,57143.05133451182
