,GeneratorProfitDual,TotalCostDispatch,RTGeneratorProfitDual,gap,SSProfit
ObjectiveValue,37860.965479841485,272470.96488982916,37860.965479841485,382.249,38057.293821286316
