,GeneratorProfitDual,TotalCostDispatch,RTGeneratorProfitDual,gap,SSProfit
ObjectiveValue,33220.63467055096,175493.427026289,33220.63467055096,12122.3,33220.634670547675
