,GeneratorProfitDual,TotalCostDispatch,RTGeneratorProfitDual,gap,SSProfit
ObjectiveValue,-1972910073.228772,38274.435400189395,-1972910073.228772,0.0,18993802.443857163
