,GeneratorProfitDual,TotalCostDispatch,RTGeneratorProfitDual,gap,SSProfit
ObjectiveValue,7942.889973438676,274950.5672570989,7942.889973438676,1.53893,7942.8899734312745
