,GeneratorProfitDual,TotalCostDispatch,RTGeneratorProfitDual,gap,SSProfit
ObjectiveValue,3171.6170156720386,31954.304858324038,3171.6170156720386,0.0,3171.6170156718363
