,GeneratorProfitDual,TotalCostDispatch,RTGeneratorProfitDual,gap,SSProfit
ObjectiveValue,-1921468484.1794977,175335.5077280916,-1921468484.1794977,0.0,10462521.7106053
