,GeneratorProfitDual,TotalCostDispatch,RTGeneratorProfitDual,gap,SSProfit
ObjectiveValue,6879.8681983452325,438139.8781030317,6879.8681983452325,2.86425,7000.3047448563875
