,GeneratorProfitDual,TotalCostDispatch,RTGeneratorProfitDual,gap,SSProfit
ObjectiveValue,40537.97942451596,546475.0897084977,40537.97942451596,221.399,40593.749590255946
