,GeneratorProfitDual,TotalCostDispatch,RTGeneratorProfitDual,gap,SSProfit
ObjectiveValue,57415.91728435388,119182.96963957399,57415.91728435388,4971.34,57523.99312633722
