,GeneratorProfitDual,TotalCostDispatch,RTGeneratorProfitDual,gap,SSProfit
ObjectiveValue,49156.55579195952,303422.36667167244,49156.55579195952,498.417,50083.05116121156
