,GeneratorProfitDual,TotalCostDispatch,RTGeneratorProfitDual,gap,SSProfit
ObjectiveValue,7900.14947344487,107296.7264114194,7900.14947344487,35.5532,7900.149473443425
