,GeneratorProfitDual,TotalCostDispatch,RTGeneratorProfitDual,gap,SSProfit
ObjectiveValue,8003.008536003088,177239.92182161746,8003.008536003088,4.82615,8003.008536000011
