,GeneratorProfitDual,TotalCostDispatch,RTGeneratorProfitDual,gap,SSProfit
ObjectiveValue,83280.64496694159,162989.99216338294,83280.64496694159,974.545,84563.820066382
