,GeneratorProfitDual,TotalCostDispatch,RTGeneratorProfitDual,gap,SSProfit
ObjectiveValue,10.260174234096667,435458.5974870214,10.260174234096667,0.0,10.260174229861263
