,GeneratorProfitDual,TotalCostDispatch,RTGeneratorProfitDual,gap,SSProfit
ObjectiveValue,25369.730573361107,120374.62884732963,25369.730573361107,4940.59,25377.041128456367
