,GeneratorProfitDual,TotalCostDispatch,RTGeneratorProfitDual,gap,SSProfit
ObjectiveValue,25362.312637037412,120382.04678286098,25362.312637037412,0.0,25362.312637036237
