,GeneratorProfitDual,TotalCostDispatch,RTGeneratorProfitDual,gap,SSProfit
ObjectiveValue,51234.85796378628,43954.22848743958,51234.85796378628,0.0,51234.857963781564
