,GeneratorProfitDual,TotalCostDispatch,RTGeneratorProfitDual,gap,SSProfit
ObjectiveValue,51234.85796378265,43954.22848744317,51234.85796378265,32214.1,51234.85796378144
