,GeneratorProfitDual,TotalCostDispatch,RTGeneratorProfitDual,gap,SSProfit
ObjectiveValue,67664.41028391196,169380.04348226145,67664.41028391196,1041.13,67664.41028391017
