,GeneratorProfitDual,TotalCostDispatch,RTGeneratorProfitDual,gap,SSProfit
ObjectiveValue,-17102450937.455536,253281.05244439398,-17102450937.455536,0.0,-100189427.76076335
