,GeneratorProfitDual,TotalCostDispatch,RTGeneratorProfitDual,gap,SSProfit
ObjectiveValue,76974.07067172353,93982.56231526942,76974.07067172353,29550.1,76995.30037405166
