,GeneratorProfitDual,TotalCostDispatch,RTGeneratorProfitDual,gap,SSProfit
ObjectiveValue,3482.613704547116,112308.73848736475,3482.613704547116,0.0,3482.6137045435003
