,GeneratorProfitDual,TotalCostDispatch,RTGeneratorProfitDual,gap,SSProfit
ObjectiveValue,3482.6137045441264,112308.73848736746,3482.6137045441264,0.0,3482.6137045434757
