,GeneratorProfitDual,TotalCostDispatch,RTGeneratorProfitDual,gap,SSProfit
ObjectiveValue,11709.227939018658,483211.1983738007,11709.227939018658,21.1451,11867.9647785804
