,GeneratorProfitDual,TotalCostDispatch,RTGeneratorProfitDual,gap,SSProfit
ObjectiveValue,11720.93551273621,483212.7377129204,11720.93551273621,35.2117,11879.672352306607
