,GeneratorProfitDual,TotalCostDispatch,RTGeneratorProfitDual,gap,SSProfit
ObjectiveValue,22598.565658549538,625361.8641999991,22598.565658549538,865.992,22774.348910388453
