,GeneratorProfitDual,TotalCostDispatch,RTGeneratorProfitDual,gap,SSProfit
ObjectiveValue,22347.833490881996,625553.0618220927,22347.833490881996,504.446,22783.85808728498
