,GeneratorProfitDual,TotalCostDispatch,RTGeneratorProfitDual,gap,SSProfit
ObjectiveValue,-1933035660.681663,188513.62729647735,-1933035660.681663,0.0,12252347.835804304
