,GeneratorProfitDual,TotalCostDispatch,RTGeneratorProfitDual,gap,SSProfit
ObjectiveValue,-1935724646.8775373,188513.62729647735,-1935724646.8775373,0.0,12252347.835804302
