,GeneratorProfitDual,TotalCostDispatch,RTGeneratorProfitDual,gap,SSProfit
ObjectiveValue,8058.334440416438,276678.62901791115,8058.334440416438,13.8419,8058.33444041251
