,GeneratorProfitDual,TotalCostDispatch,RTGeneratorProfitDual,gap,SSProfit
ObjectiveValue,3964.381317003115,151810.68347890963,3964.381317003115,0.0,3964.3813169999894
