,GeneratorProfitDual,TotalCostDispatch,RTGeneratorProfitDual,gap,SSProfit
ObjectiveValue,-1941242082.8034637,124564.11261330136,-1941242082.8034637,0.0,3200195.2761803423
