,GeneratorProfitDual,TotalCostDispatch,RTGeneratorProfitDual,gap,SSProfit
ObjectiveValue,1868.3852935976777,23526.04413366241,1868.3852935976777,0.0,1868.3852935973496
