,GeneratorProfitDual,TotalCostDispatch,RTGeneratorProfitDual,gap,SSProfit
ObjectiveValue,1868.3852935988298,23526.04413366121,1868.3852935988298,0.0,1868.385293597361
