,GeneratorProfitDual,TotalCostDispatch,RTGeneratorProfitDual,gap,SSProfit
ObjectiveValue,1868.3852935976079,23526.044133662417,1868.3852935976079,16.2636,1868.3852935973496
