,GeneratorProfitDual,TotalCostDispatch,RTGeneratorProfitDual,gap,SSProfit
ObjectiveValue,43062.663337510545,132434.1849500699,43062.663337510545,437.514,43062.66333750989
