,GeneratorProfitDual,TotalCostDispatch,RTGeneratorProfitDual,gap,SSProfit
ObjectiveValue,-17302708546.122955,243479.10081947298,-17302708546.122955,0.0,-7852089.60305907
