,GeneratorProfitDual,TotalCostDispatch,RTGeneratorProfitDual,gap,SSProfit
ObjectiveValue,30326.567133707074,55325.939696109424,30326.567133707074,4149.86,30341.258408939793
