,GeneratorProfitDual,TotalCostDispatch,RTGeneratorProfitDual,gap,SSProfit
ObjectiveValue,29647.167265195458,55325.9396961094,29647.167265195458,0.0,29647.167265194614
