,GeneratorProfitDual,TotalCostDispatch,RTGeneratorProfitDual,gap,SSProfit
ObjectiveValue,-706.355562098451,158560.24692296705,-706.355562098451,1607.33,878.7975449999992
