,GeneratorProfitDual,TotalCostDispatch,RTGeneratorProfitDual,gap,SSProfit
ObjectiveValue,81816.63596449535,484001.40398689325,81816.63596449535,762.391,81816.63596449074
