,GeneratorProfitDual,TotalCostDispatch,RTGeneratorProfitDual,gap,SSProfit
ObjectiveValue,81816.63596449574,484001.4039868929,81816.63596449574,342.257,81816.63596449082
