,GeneratorProfitDual,TotalCostDispatch,RTGeneratorProfitDual,gap,SSProfit
ObjectiveValue,-16947904263.753183,510294.1531123862,-16947904263.753183,0.0,-8189057.7109247865
