,GeneratorProfitDual,TotalCostDispatch,RTGeneratorProfitDual,gap,SSProfit
ObjectiveValue,39278.4798932764,66541.6721255606,39278.4798932764,756.145,39278.479893275806
