,GeneratorProfitDual,TotalCostDispatch,RTGeneratorProfitDual,gap,SSProfit
ObjectiveValue,85456.21089823377,376081.2754450751,85456.21089823377,858.52,85479.81610409691
