,GeneratorProfitDual,TotalCostDispatch,RTGeneratorProfitDual,gap,SSProfit
ObjectiveValue,-16918902410.732239,94243.41383611815,-16918902410.732239,0.0,-69541811.07254179
