,GeneratorProfitDual,TotalCostDispatch,RTGeneratorProfitDual,gap,SSProfit
ObjectiveValue,15015.243702219333,112754.67727581057,15015.243702219333,5941.07,15143.35588854423
