,GeneratorProfitDual,TotalCostDispatch,RTGeneratorProfitDual,gap,SSProfit
ObjectiveValue,8053.542396000387,299519.7642744919,8053.542396000387,0.0,8053.542395999817
