,GeneratorProfitDual,TotalCostDispatch,RTGeneratorProfitDual,gap,SSProfit
ObjectiveValue,21605.2301967915,329780.1946933325,21605.2301967915,215.852,21605.230196791013
