,GeneratorProfitDual,TotalCostDispatch,RTGeneratorProfitDual,gap,SSProfit
ObjectiveValue,5853.650720241239,67415.90371305104,5853.650720241239,0.0,5853.650720235495
