,GeneratorProfitDual,TotalCostDispatch,RTGeneratorProfitDual,gap,SSProfit
ObjectiveValue,29647.167265195407,55325.93969610944,29647.167265195407,15195.6,29647.1672651946
