,GeneratorProfitDual,TotalCostDispatch,RTGeneratorProfitDual,gap,SSProfit
ObjectiveValue,9892.944119227903,59897.64291029332,9892.944119227903,57.2339,9892.94411922615
