,GeneratorProfitDual,TotalCostDispatch,RTGeneratorProfitDual,gap,SSProfit
ObjectiveValue,29430.28706127894,77896.84859966714,29430.28706127894,359.496,29430.28706127709
