,GeneratorProfitDual,TotalCostDispatch,RTGeneratorProfitDual,gap,SSProfit
ObjectiveValue,29430.287061277748,77896.84859966802,29430.287061277748,1944.59,29430.287061277028
