,GeneratorProfitDual,TotalCostDispatch,RTGeneratorProfitDual,gap,SSProfit
ObjectiveValue,5970.747918234787,120382.04678286097,5970.747918234787,24.9105,5970.747918233787
