,GeneratorProfitDual,TotalCostDispatch,RTGeneratorProfitDual,gap,SSProfit
ObjectiveValue,-368994162579.3095,142422.44509461816,-368994162579.3095,0.0,-4773227218.139825
