,GeneratorProfitDual,TotalCostDispatch,RTGeneratorProfitDual,gap,SSProfit
ObjectiveValue,8340.208110352203,142503.6547677009,8340.208110352203,2601.77,8826.69232714971
