,GeneratorProfitDual,TotalCostDispatch,RTGeneratorProfitDual,gap,SSProfit
ObjectiveValue,4026.7711980000154,355135.64547354274,4026.7711980000154,0.0,4026.771197999996
