,GeneratorProfitDual,TotalCostDispatch,RTGeneratorProfitDual,gap,SSProfit
ObjectiveValue,2591.41712553951,20518.07640806183,2591.41712553951,0.0,2591.4171255390675
