,GeneratorProfitDual,TotalCostDispatch,RTGeneratorProfitDual,gap,SSProfit
ObjectiveValue,9620.89051126032,664792.4718523672,9620.89051126032,70.439,12418.286989869533
