,GeneratorProfitDual,TotalCostDispatch,RTGeneratorProfitDual,gap,SSProfit
ObjectiveValue,80838.0027198763,229672.9111987408,80838.0027198763,878.816,81007.17279064083
