,GeneratorProfitDual,TotalCostDispatch,RTGeneratorProfitDual,gap,SSProfit
ObjectiveValue,1868.3852935975854,14637.66650924341,1868.3852935975854,136.286,1868.3852935973493
