,GeneratorProfitDual,TotalCostDispatch,RTGeneratorProfitDual,gap,SSProfit
ObjectiveValue,1868.3852935979921,14637.666509242958,1868.3852935979921,17.0875,1868.385293597361
