,GeneratorProfitDual,TotalCostDispatch,RTGeneratorProfitDual,gap,SSProfit
ObjectiveValue,70601.16981237759,109527.29000846304,70601.16981237759,993.62,70605.49530025067
