,GeneratorProfitDual,TotalCostDispatch,RTGeneratorProfitDual,gap,SSProfit
ObjectiveValue,34239.48071380312,254246.2361463043,34239.48071380312,341.023,34409.02699713026
