,GeneratorProfitDual,TotalCostDispatch,RTGeneratorProfitDual,gap,SSProfit
ObjectiveValue,25148.84550818786,62512.51242257831,25148.84550818786,463.523,25269.939047538806
