,GeneratorProfitDual,TotalCostDispatch,RTGeneratorProfitDual,gap,SSProfit
ObjectiveValue,57305.22045346196,64582.87165313324,57305.22045346196,571.364,70817.31502547499
