,GeneratorProfitDual,TotalCostDispatch,RTGeneratorProfitDual,gap,SSProfit
ObjectiveValue,12025.952488227469,631103.5414276725,12025.952488227469,130.793,12295.87577783153
