,GeneratorProfitDual,TotalCostDispatch,RTGeneratorProfitDual,gap,SSProfit
ObjectiveValue,7804.832678147446,215434.83379773307,7804.832678147446,4.19552,7927.080384024611
