,GeneratorProfitDual,TotalCostDispatch,RTGeneratorProfitDual,gap,SSProfit
ObjectiveValue,4022.3008950017006,296254.92995223997,4022.3008950017006,8.38887,4022.300895000007
