,GeneratorProfitDual,TotalCostDispatch,RTGeneratorProfitDual,gap,SSProfit
ObjectiveValue,7379.618702483757,27075.065712452924,7379.618702483757,0.0,1444.873524530009
