,GeneratorProfitDual,TotalCostDispatch,RTGeneratorProfitDual,gap,SSProfit
ObjectiveValue,2625.073865350548,29319.151734297302,2625.073865350548,0.0,2625.0738653500002
