,GeneratorProfitDual,TotalCostDispatch,RTGeneratorProfitDual,gap,SSProfit
ObjectiveValue,4241.734464006911,412101.4754390929,4241.734464006911,0.0,4241.734463999969
