,GeneratorProfitDual,TotalCostDispatch,RTGeneratorProfitDual,gap,SSProfit
ObjectiveValue,43153.20980125669,104114.21377369243,43153.20980125669,484.542,43153.209801254605
