,GeneratorProfitDual,TotalCostDispatch,RTGeneratorProfitDual,gap,SSProfit
ObjectiveValue,79546.52559022147,147834.53957134462,79546.52559022147,990.383,80736.63556498998
