,GeneratorProfitDual,TotalCostDispatch,RTGeneratorProfitDual,gap,SSProfit
ObjectiveValue,5670.447773103149,14017.891272985074,5670.447773103149,702.517,5670.447773102992
