,GeneratorProfitDual,TotalCostDispatch,RTGeneratorProfitDual,gap,SSProfit
ObjectiveValue,5670.447773103944,14017.891272984352,5670.447773103944,79.7729,5670.447773103011
