,GeneratorProfitDual,TotalCostDispatch,RTGeneratorProfitDual,gap,SSProfit
ObjectiveValue,52571.68238509036,351110.30214897625,52571.68238509036,485.026,52514.08783915479
