,GeneratorProfitDual,TotalCostDispatch,RTGeneratorProfitDual,gap,SSProfit
ObjectiveValue,52522.15187704622,351108.87427554146,52522.15187704622,4452.33,52522.15187704485
