,GeneratorProfitDual,TotalCostDispatch,RTGeneratorProfitDual,gap,SSProfit
ObjectiveValue,2629.782505629631,186448.9900261408,2629.782505629631,25.5344,3041.57160060645
