,GeneratorProfitDual,TotalCostDispatch,RTGeneratorProfitDual,gap,SSProfit
ObjectiveValue,3482.6137045461965,98809.01809371394,3482.6137045461965,0.0,3482.613704543496
