,GeneratorProfitDual,TotalCostDispatch,RTGeneratorProfitDual,gap,SSProfit
ObjectiveValue,55141.17098831227,327931.58609707543,55141.17098831227,559.381,55226.79330007416
