,GeneratorProfitDual,TotalCostDispatch,RTGeneratorProfitDual,gap,SSProfit
ObjectiveValue,64092.37699291061,270438.80896704114,64092.37699291061,9762.32,64260.88206667834
