,GeneratorProfitDual,TotalCostDispatch,RTGeneratorProfitDual,gap,SSProfit
ObjectiveValue,96460.70564663534,166752.50767191753,96460.70564663534,31999.3,96460.70564663313
