,GeneratorProfitDual,TotalCostDispatch,RTGeneratorProfitDual,gap,SSProfit
ObjectiveValue,9272.914900046717,63273.17702212172,9272.914900046717,108.357,12087.987782222452
