,GeneratorProfitDual,TotalCostDispatch,RTGeneratorProfitDual,gap,SSProfit
ObjectiveValue,27656.093772922744,90304.81957609192,27656.093772922744,530.572,27656.093772921777
