,GeneratorProfitDual,TotalCostDispatch,RTGeneratorProfitDual,gap,SSProfit
ObjectiveValue,3348.3672585178265,58492.43011132932,3348.3672585178265,40826.3,3348.3672585172076
