,GeneratorProfitDual,TotalCostDispatch,RTGeneratorProfitDual,gap,SSProfit
ObjectiveValue,3351.3977155601187,58492.430111328744,3351.3977155601187,28671.7,3351.397715559097
