,GeneratorProfitDual,TotalCostDispatch,RTGeneratorProfitDual,gap,SSProfit
ObjectiveValue,7243.29448543929,126372.52617371628,7243.29448543929,495.862,7243.2944854384905
