,GeneratorProfitDual,TotalCostDispatch,RTGeneratorProfitDual,gap,SSProfit
ObjectiveValue,63309.773520830735,214417.50455598906,63309.773520830735,688.729,63635.8320275947
