,GeneratorProfitDual,TotalCostDispatch,RTGeneratorProfitDual,gap,SSProfit
ObjectiveValue,19045.361655508277,136464.02252766158,19045.361655508277,160.203,19042.64060150474
