,GeneratorProfitDual,TotalCostDispatch,RTGeneratorProfitDual,gap,SSProfit
ObjectiveValue,19042.640601506148,136464.0225276644,19042.640601506148,18406.8,19042.64060150471
