,GeneratorProfitDual,TotalCostDispatch,RTGeneratorProfitDual,gap,SSProfit
ObjectiveValue,3566.302379484579,359199.7678055103,3566.302379484579,0.530361,3565.190634562714
