,GeneratorProfitDual,TotalCostDispatch,RTGeneratorProfitDual,gap,SSProfit
ObjectiveValue,-16784675090.78608,485588.86136451445,-16784675090.78608,0.0,284197.2789734666
