,GeneratorProfitDual,TotalCostDispatch,RTGeneratorProfitDual,gap,SSProfit
ObjectiveValue,59795.257585551015,462925.05500279786,59795.257585551015,470.043,59795.25758554816
