,GeneratorProfitDual,TotalCostDispatch,RTGeneratorProfitDual,gap,SSProfit
ObjectiveValue,35777.32150359394,161950.73957196457,35777.32150359394,782.65,35777.32150359142
