,GeneratorProfitDual,TotalCostDispatch,RTGeneratorProfitDual,gap,SSProfit
ObjectiveValue,10617.883699253862,273982.49539642927,10617.883699253862,1441.53,10653.506771946171
