,GeneratorProfitDual,TotalCostDispatch,RTGeneratorProfitDual,gap,SSProfit
ObjectiveValue,15525.459242714169,312017.9999522481,15525.459242714169,3084.43,15521.651886656995
