,GeneratorProfitDual,TotalCostDispatch,RTGeneratorProfitDual,gap,SSProfit
ObjectiveValue,-16515726060.793644,302740.2465656523,-16515726060.793644,0.0,-510002.6969423542
