,GeneratorProfitDual,TotalCostDispatch,RTGeneratorProfitDual,gap,SSProfit
ObjectiveValue,5450.863028895519,19123.341719813412,5450.863028895519,0.0,5450.86302889464
