,GeneratorProfitDual,TotalCostDispatch,RTGeneratorProfitDual,gap,SSProfit
ObjectiveValue,-1718203927.3849146,139967.41501119972,-1718203927.3849146,0.0,3580478.3447381994
