,GeneratorProfitDual,TotalCostDispatch,RTGeneratorProfitDual,gap,SSProfit
ObjectiveValue,19637.866918269083,438140.38698378927,19637.866918269083,193.213,19777.097421211987
