,GeneratorProfitDual,TotalCostDispatch,RTGeneratorProfitDual,gap,SSProfit
ObjectiveValue,29648.096164578095,333238.0650774352,29648.096164578095,53.0408,29760.58178852222
