,GeneratorProfitDual,TotalCostDispatch,RTGeneratorProfitDual,gap,SSProfit
ObjectiveValue,2766.6931920746165,27277.496910208094,2766.6931920746165,11.7309,2766.69319207341
