,GeneratorProfitDual,TotalCostDispatch,RTGeneratorProfitDual,gap,SSProfit
ObjectiveValue,3128.7697047903566,30069.811746031948,3128.7697047903566,0.0,3128.7697047899064
