,GeneratorProfitDual,TotalCostDispatch,RTGeneratorProfitDual,gap,SSProfit
ObjectiveValue,2124.386281007575,365676.8479170252,2124.386281007575,0.277903,2124.3862810033474
