,GeneratorProfitDual,TotalCostDispatch,RTGeneratorProfitDual,gap,SSProfit
ObjectiveValue,18133.117072550205,45565.42760877631,18133.117072550205,135.956,18133.117072548048
