,GeneratorProfitDual,TotalCostDispatch,RTGeneratorProfitDual,gap,SSProfit
ObjectiveValue,18133.117072550333,45565.427608776365,18133.117072550333,25215.4,18133.117072548048
