,GeneratorProfitDual,TotalCostDispatch,RTGeneratorProfitDual,gap,SSProfit
ObjectiveValue,19485.079961464915,147098.461911442,19485.079961464915,183725.0,19485.079961463663
