,GeneratorProfitDual,TotalCostDispatch,RTGeneratorProfitDual,gap,SSProfit
ObjectiveValue,36686.31201870309,589922.3921737897,36686.31201870309,372.477,37025.8895778477
