,GeneratorProfitDual,TotalCostDispatch,RTGeneratorProfitDual,gap,SSProfit
ObjectiveValue,36652.58273185506,589857.5216446569,36652.58273185506,194.74,37045.12638166191
