,GeneratorProfitDual,TotalCostDispatch,RTGeneratorProfitDual,gap,SSProfit
ObjectiveValue,2914.3551799709585,41868.81956574907,2914.3551799709585,0.0,2914.3551799691822
