,GeneratorProfitDual,TotalCostDispatch,RTGeneratorProfitDual,gap,SSProfit
ObjectiveValue,2914.3551799695333,41868.81956575041,2914.3551799695333,0.0,2914.355179969165
