,GeneratorProfitDual,TotalCostDispatch,RTGeneratorProfitDual,gap,SSProfit
ObjectiveValue,8612.424115964694,28425.801670975234,8612.424115964694,154.754,8612.424115963528
