,GeneratorProfitDual,TotalCostDispatch,RTGeneratorProfitDual,gap,SSProfit
ObjectiveValue,2412.4971126922283,123880.88219000617,2412.4971126922283,231.984,2412.4971126891132
