,GeneratorProfitDual,TotalCostDispatch,RTGeneratorProfitDual,gap,SSProfit
ObjectiveValue,51474.62578098132,321746.61999671377,51474.62578098132,579.915,51602.75640550906
