,GeneratorProfitDual,TotalCostDispatch,RTGeneratorProfitDual,gap,SSProfit
ObjectiveValue,39440.23494823796,130902.77053294242,39440.23494823796,447.308,39440.23494823726
