,GeneratorProfitDual,TotalCostDispatch,RTGeneratorProfitDual,gap,SSProfit
ObjectiveValue,12263.307721501578,328543.38068898395,12263.307721501578,19455.7,12264.600496803747
