,GeneratorProfitDual,TotalCostDispatch,RTGeneratorProfitDual,gap,SSProfit
ObjectiveValue,4038.381643865504,322182.89144445426,4038.381643865504,0.0,4026.771198000023
