,GeneratorProfitDual,TotalCostDispatch,RTGeneratorProfitDual,gap,SSProfit
ObjectiveValue,27251.255206448353,323767.0855955989,27251.255206448353,209.202,27251.255206448997
