,GeneratorProfitDual,TotalCostDispatch,RTGeneratorProfitDual,gap,SSProfit
ObjectiveValue,-1923056280.2243812,278104.2455347249,-1923056280.2243812,0.0,3564666.107243284
