,GeneratorProfitDual,TotalCostDispatch,RTGeneratorProfitDual,gap,SSProfit
ObjectiveValue,14872.046526277585,30984.857527175776,14872.046526277585,3493.03,14872.046526404778
