,GeneratorProfitDual,TotalCostDispatch,RTGeneratorProfitDual,gap,SSProfit
ObjectiveValue,1868.3852935976702,18657.255503540426,1868.3852935976702,0.0,1868.3852935973496
