,GeneratorProfitDual,TotalCostDispatch,RTGeneratorProfitDual,gap,SSProfit
ObjectiveValue,1868.3852935984858,18657.2555035396,1868.3852935984858,0.0,1868.3852935973496
