,GeneratorProfitDual,TotalCostDispatch,RTGeneratorProfitDual,gap,SSProfit
ObjectiveValue,24807.320993244957,33288.41739334115,24807.320993244957,878.757,24807.320993244975
