,GeneratorProfitDual,TotalCostDispatch,RTGeneratorProfitDual,gap,SSProfit
ObjectiveValue,20621.032582237855,32341.704802442997,20621.032582237855,263.152,21479.903872944673
