,GeneratorProfitDual,TotalCostDispatch,RTGeneratorProfitDual,gap,SSProfit
ObjectiveValue,9298.581794433592,24984.199431612422,9298.581794433592,97.9658,9298.58179443344
