,GeneratorProfitDual,TotalCostDispatch,RTGeneratorProfitDual,gap,SSProfit
ObjectiveValue,9298.581794433701,24984.199431612305,9298.581794433701,195.073,9298.581794433463
