,GeneratorProfitDual,TotalCostDispatch,RTGeneratorProfitDual,gap,SSProfit
ObjectiveValue,37189.93382462059,248147.8859641254,37189.93382462059,900.61,37274.97810101624
