,GeneratorProfitDual,TotalCostDispatch,RTGeneratorProfitDual,gap,SSProfit
ObjectiveValue,37241.92113904603,248147.88596412545,37241.92113904603,363.093,37296.4365920083
