,GeneratorProfitDual,TotalCostDispatch,RTGeneratorProfitDual,gap,SSProfit
ObjectiveValue,53030.347315412335,149702.55737678573,53030.347315412335,54940.1,53084.18366374365
