,GeneratorProfitDual,TotalCostDispatch,RTGeneratorProfitDual,gap,SSProfit
ObjectiveValue,3921.5796217353954,181661.50418484374,3921.5796217353954,16.2076,3948.927791970301
