,GeneratorProfitDual,TotalCostDispatch,RTGeneratorProfitDual,gap,SSProfit
ObjectiveValue,3025.284564816819,375383.262831228,3025.284564816819,0.0,3113.2726906689613
