,GeneratorProfitDual,TotalCostDispatch,RTGeneratorProfitDual,gap,SSProfit
ObjectiveValue,-1924391115.534517,276760.45472623786,-1924391115.534517,0.0,3564666.107243284
