,GeneratorProfitDual,TotalCostDispatch,RTGeneratorProfitDual,gap,SSProfit
ObjectiveValue,1291.7529087186626,281505.315029403,1291.7529087186626,9.81175,1278.2783346495876
