,GeneratorProfitDual,TotalCostDispatch,RTGeneratorProfitDual,gap,SSProfit
ObjectiveValue,4901.960122348605,82595.54237546364,4901.960122348605,95088.0,4901.960122344021
