,GeneratorProfitDual,TotalCostDispatch,RTGeneratorProfitDual,gap,SSProfit
ObjectiveValue,4901.960122347933,82595.54237546386,4901.960122347933,29324.1,4901.960122344021
