,GeneratorProfitDual,TotalCostDispatch,RTGeneratorProfitDual,gap,SSProfit
ObjectiveValue,9393.453462534948,761890.7167282129,9393.453462534948,93.262,9518.246892000021
