,GeneratorProfitDual,TotalCostDispatch,RTGeneratorProfitDual,gap,SSProfit
ObjectiveValue,21170.262443070325,275339.41724509996,21170.262443070325,6053.17,21193.737191537628
