,GeneratorProfitDual,TotalCostDispatch,RTGeneratorProfitDual,gap,SSProfit
ObjectiveValue,19671.39237937033,275819.63437697134,19671.39237937033,331.125,22378.550972065463
