,GeneratorProfitDual,TotalCostDispatch,RTGeneratorProfitDual,gap,SSProfit
ObjectiveValue,21051.08567682542,275453.7134607326,21051.08567682542,2937.83,21165.427141748707
