,GeneratorProfitDual,TotalCostDispatch,RTGeneratorProfitDual,gap,SSProfit
ObjectiveValue,75935.12603528882,298534.3134175565,75935.12603528882,811.144,75940.5564816262
