,GeneratorProfitDual,TotalCostDispatch,RTGeneratorProfitDual,gap,SSProfit
ObjectiveValue,-1916579834.892654,298532.7721269943,-1916579834.892654,0.0,8943390.702483421
