,GeneratorProfitDual,TotalCostDispatch,RTGeneratorProfitDual,gap,SSProfit
ObjectiveValue,-12510.84722507771,326887.39916148974,-12510.84722507771,5513.87,33885.45792499434
