,GeneratorProfitDual,TotalCostDispatch,RTGeneratorProfitDual,gap,SSProfit
ObjectiveValue,-1915426661.3672864,298532.77212699427,-1915426661.3672864,0.0,9839049.75794267
