,GeneratorProfitDual,TotalCostDispatch,RTGeneratorProfitDual,gap,SSProfit
ObjectiveValue,25014.8035781042,219628.02162119438,25014.8035781042,75.7921,25031.12990210306
