,GeneratorProfitDual,TotalCostDispatch,RTGeneratorProfitDual,gap,SSProfit
ObjectiveValue,67037.81207775256,109117.86649775122,67037.81207775256,434.789,67037.81207775256
