,GeneratorProfitDual,TotalCostDispatch,RTGeneratorProfitDual,gap,SSProfit
ObjectiveValue,67037.8120777526,109117.86649775115,67037.8120777526,494.612,67037.81207775247
