,GeneratorProfitDual,TotalCostDispatch,RTGeneratorProfitDual,gap,SSProfit
ObjectiveValue,2533.8429138562074,19917.488615016253,2533.8429138562074,20.9005,2533.842913855341
