,GeneratorProfitDual,TotalCostDispatch,RTGeneratorProfitDual,gap,SSProfit
ObjectiveValue,2533.8429138555675,19917.488615016828,2533.8429138555675,12726.3,2533.8429138553947
