,GeneratorProfitDual,TotalCostDispatch,RTGeneratorProfitDual,gap,SSProfit
ObjectiveValue,59298.07919786152,94392.7183372434,59298.07919786152,592.818,59298.079197861414
