,GeneratorProfitDual,TotalCostDispatch,RTGeneratorProfitDual,gap,SSProfit
ObjectiveValue,44501.6708530479,94131.16467706274,44501.6708530479,671.871,44501.67085304743
