,GeneratorProfitDual,TotalCostDispatch,RTGeneratorProfitDual,gap,SSProfit
ObjectiveValue,35799.11630038921,335990.41533623525,35799.11630038921,330.856,35799.11630038565
