,GeneratorProfitDual,TotalCostDispatch,RTGeneratorProfitDual,gap,SSProfit
ObjectiveValue,35815.20720720007,335990.41533623496,35815.20720720007,355.799,35799.11630038566
