,GeneratorProfitDual,TotalCostDispatch,RTGeneratorProfitDual,gap,SSProfit
ObjectiveValue,-1940873023.6770031,56167.47272523492,-1940873023.6770031,0.0,14144189.313372603
