,GeneratorProfitDual,TotalCostDispatch,RTGeneratorProfitDual,gap,SSProfit
ObjectiveValue,-1943562009.872877,56167.47272523494,-1943562009.872877,0.0,14121959.558112478
