,GeneratorProfitDual,TotalCostDispatch,RTGeneratorProfitDual,gap,SSProfit
ObjectiveValue,74006.29710569608,51890.90290128884,74006.29710569608,13900.3,74006.2971056313
