,GeneratorProfitDual,TotalCostDispatch,RTGeneratorProfitDual,gap,SSProfit
ObjectiveValue,34078.175319314214,49308.67954764483,34078.175319314214,21008.2,34078.17531931398
