,GeneratorProfitDual,TotalCostDispatch,RTGeneratorProfitDual,gap,SSProfit
ObjectiveValue,38193.16280499997,48782.713843679936,38193.16280499997,15818.7,39195.48727112047
