,GeneratorProfitDual,TotalCostDispatch,RTGeneratorProfitDual,gap,SSProfit
ObjectiveValue,73728.39360774495,52304.83512970984,73728.39360774495,19344.6,73728.39360774442
