,GeneratorProfitDual,TotalCostDispatch,RTGeneratorProfitDual,gap,SSProfit
ObjectiveValue,35905.971108234764,335991.0792710153,35905.971108234764,356.66,35890.67841514463
