,GeneratorProfitDual,TotalCostDispatch,RTGeneratorProfitDual,gap,SSProfit
ObjectiveValue,7927.759819285692,209535.60832784927,7927.759819285692,0.0,7927.759819283984
