,GeneratorProfitDual,TotalCostDispatch,RTGeneratorProfitDual,gap,SSProfit
ObjectiveValue,100787.48658228238,31646.400797786166,100787.48658228238,999.954,100787.48658228203
