,GeneratorProfitDual,TotalCostDispatch,RTGeneratorProfitDual,gap,SSProfit
ObjectiveValue,114325.11670326609,582267.9118675705,114325.11670326609,5830.75,114325.11670325139
