,GeneratorProfitDual,TotalCostDispatch,RTGeneratorProfitDual,gap,SSProfit
ObjectiveValue,2861.0475554506575,50928.03697830063,2861.0475554506575,0.0,2861.04755545002
