,GeneratorProfitDual,TotalCostDispatch,RTGeneratorProfitDual,gap,SSProfit
ObjectiveValue,7859.042264681982,200273.98781203962,7859.042264681982,11.2964,7950.9024768472555
