,GeneratorProfitDual,TotalCostDispatch,RTGeneratorProfitDual,gap,SSProfit
ObjectiveValue,32726.34183312313,134018.1922731551,32726.34183312313,0.0,33080.05399389484
