,GeneratorProfitDual,TotalCostDispatch,RTGeneratorProfitDual,gap,SSProfit
ObjectiveValue,19235.39670630442,207233.89310245294,19235.39670630442,0.0,19235.39670630313
