,GeneratorProfitDual,TotalCostDispatch,RTGeneratorProfitDual,gap,SSProfit
ObjectiveValue,19235.396706304316,207233.89310245292,19235.396706304316,365.811,19235.396706303196
