,GeneratorProfitDual,TotalCostDispatch,RTGeneratorProfitDual,gap,SSProfit
ObjectiveValue,360.893124514658,499508.62851774535,360.893124514658,2.69978,383.0310138547673
