,GeneratorProfitDual,TotalCostDispatch,RTGeneratorProfitDual,gap,SSProfit
ObjectiveValue,8120.4787662821045,496522.7977284833,8120.4787662821045,0.0,8308.72190077857
