,GeneratorProfitDual,TotalCostDispatch,RTGeneratorProfitDual,gap,SSProfit
ObjectiveValue,3580.5158425180134,23412.492979353166,3580.5158425180134,0.661732,3580.5158425180807
