,GeneratorProfitDual,TotalCostDispatch,RTGeneratorProfitDual,gap,SSProfit
ObjectiveValue,7928.762634003063,263404.6132797242,7928.762634003063,0.0,7928.762633999987
