,GeneratorProfitDual,TotalCostDispatch,RTGeneratorProfitDual,gap,SSProfit
ObjectiveValue,37070.01181782768,45881.45364351515,37070.01181782768,10084.4,37070.011817823564
