,GeneratorProfitDual,TotalCostDispatch,RTGeneratorProfitDual,gap,SSProfit
ObjectiveValue,37070.011817826744,45881.45364351568,37070.011817826744,0.0,37070.01181782357
