,GeneratorProfitDual,TotalCostDispatch,RTGeneratorProfitDual,gap,SSProfit
ObjectiveValue,-14324309374.445183,192303.00125409354,-14324309374.445183,0.0,-22493109.20563816
