,GeneratorProfitDual,TotalCostDispatch,RTGeneratorProfitDual,gap,SSProfit
ObjectiveValue,29371.742676598053,30258.463868867264,29371.742676598053,293.629,29371.74267659766
