,GeneratorProfitDual,TotalCostDispatch,RTGeneratorProfitDual,gap,SSProfit
ObjectiveValue,-1681761520.343015,169627.04803756558,-1681761520.343015,0.0,10544314.152437476
