,GeneratorProfitDual,TotalCostDispatch,RTGeneratorProfitDual,gap,SSProfit
ObjectiveValue,-1711116314.1122935,324586.72297009645,-1711116314.1122935,0.0,4983576.628715035
