,GeneratorProfitDual,TotalCostDispatch,RTGeneratorProfitDual,gap,SSProfit
ObjectiveValue,-1878279751.2073293,325727.52281222004,-1878279751.2073293,0.0,3751611.4261898194
