,GeneratorProfitDual,TotalCostDispatch,RTGeneratorProfitDual,gap,SSProfit
ObjectiveValue,62327.29559055428,324925.8925360755,62327.29559055428,558.419,62327.29559055222
