,GeneratorProfitDual,TotalCostDispatch,RTGeneratorProfitDual,gap,SSProfit
ObjectiveValue,28861.83912426849,187346.37207128873,28861.83912426849,10654.3,28923.683721916535
