,GeneratorProfitDual,TotalCostDispatch,RTGeneratorProfitDual,gap,SSProfit
ObjectiveValue,1841.8880561366027,90067.79994613375,1841.8880561366027,0.0,1841.888056135906
