,GeneratorProfitDual,TotalCostDispatch,RTGeneratorProfitDual,gap,SSProfit
ObjectiveValue,7697.836613848303,189756.1869360668,7697.836613848303,74.4091,7789.236472857565
