,GeneratorProfitDual,TotalCostDispatch,RTGeneratorProfitDual,gap,SSProfit
ObjectiveValue,58660.35126003801,423442.4155120396,58660.35126003801,582.902,58660.35126004343
