,GeneratorProfitDual,TotalCostDispatch,RTGeneratorProfitDual,gap,SSProfit
ObjectiveValue,30388.15022099185,57414.30527352536,30388.15022099185,10979.7,30388.150220991003
