,GeneratorProfitDual,TotalCostDispatch,RTGeneratorProfitDual,gap,SSProfit
ObjectiveValue,-1956891266.891004,231192.19753134093,-1956891266.891004,0.0,10662163.62964081
