,GeneratorProfitDual,TotalCostDispatch,RTGeneratorProfitDual,gap,SSProfit
ObjectiveValue,6332.9380177049925,375357.1441838418,6332.9380177049925,19.6982,6362.589913344369
