,GeneratorProfitDual,TotalCostDispatch,RTGeneratorProfitDual,gap,SSProfit
ObjectiveValue,-1967567312.0889935,36669.749131004544,-1967567312.0889935,0.0,11344254.287931725
