,GeneratorProfitDual,TotalCostDispatch,RTGeneratorProfitDual,gap,SSProfit
ObjectiveValue,1624.130380044126,407031.7790396179,1624.130380044126,7.35059,1624.130380041502
