,GeneratorProfitDual,TotalCostDispatch,RTGeneratorProfitDual,gap,SSProfit
ObjectiveValue,64270.625686684165,153787.88154956317,64270.625686684165,41657.3,64270.62568667928
