,GeneratorProfitDual,TotalCostDispatch,RTGeneratorProfitDual,gap,SSProfit
ObjectiveValue,6920.774369054056,50637.69474048935,6920.774369054056,55.1707,6920.774369053148
