,GeneratorProfitDual,TotalCostDispatch,RTGeneratorProfitDual,gap,SSProfit
ObjectiveValue,-16138291427.779016,202963.6953146039,-16138291427.779016,0.0,-13840084.229313191
