,GeneratorProfitDual,TotalCostDispatch,RTGeneratorProfitDual,gap,SSProfit
ObjectiveValue,44609.376800335165,135267.19113738637,44609.376800335165,402.911,44609.37680033422
