,GeneratorProfitDual,TotalCostDispatch,RTGeneratorProfitDual,gap,SSProfit
ObjectiveValue,4240.558400764901,39550.394794783075,4240.558400764901,11289.8,14354.408108702686
