,GeneratorProfitDual,TotalCostDispatch,RTGeneratorProfitDual,gap,SSProfit
ObjectiveValue,6116.358649367636,113631.69330658567,6116.358649367636,3.37108,6077.4747852328455
