,GeneratorProfitDual,TotalCostDispatch,RTGeneratorProfitDual,gap,SSProfit
ObjectiveValue,7666.967596912285,254247.77548542432,7666.967596912285,57.8305,7851.130110160093
