,GeneratorProfitDual,TotalCostDispatch,RTGeneratorProfitDual,gap,SSProfit
ObjectiveValue,-14866995266.71667,370612.2028782042,-14866995266.71667,0.0,-27437899.538995698
