,GeneratorProfitDual,TotalCostDispatch,RTGeneratorProfitDual,gap,SSProfit
ObjectiveValue,1542.3122489436812,107442.86829706747,1542.3122489436812,8067.2,1542.312248942991
