,GeneratorProfitDual,TotalCostDispatch,RTGeneratorProfitDual,gap,SSProfit
ObjectiveValue,4359.383292290484,584555.9806502056,4359.383292290484,3.85808,4388.740804174789
