,GeneratorProfitDual,TotalCostDispatch,RTGeneratorProfitDual,gap,SSProfit
ObjectiveValue,53578.69808043877,267133.5542058234,53578.69808043877,531.75,53882.8058813203
