,GeneratorProfitDual,TotalCostDispatch,RTGeneratorProfitDual,gap,SSProfit
ObjectiveValue,3849.6751948806373,421278.3125794471,3849.6751948806373,1.89648,4022.508361619175
