,GeneratorProfitDual,TotalCostDispatch,RTGeneratorProfitDual,gap,SSProfit
ObjectiveValue,26084.02863523773,119367.50000663564,26084.02863523773,6796.07,26157.975612823968
