,GeneratorProfitDual,TotalCostDispatch,RTGeneratorProfitDual,gap,SSProfit
ObjectiveValue,25311.261331647223,119403.33928505884,25311.261331647223,6861.85,25319.045220959513
