,GeneratorProfitDual,TotalCostDispatch,RTGeneratorProfitDual,gap,SSProfit
ObjectiveValue,6501.881089806564,131818.86392446407,6501.881089806564,59.9543,6658.157122999986
