,GeneratorProfitDual,TotalCostDispatch,RTGeneratorProfitDual,gap,SSProfit
ObjectiveValue,81494.0273594593,372251.0976044791,81494.0273594593,4251.57,82692.61568770623
