,GeneratorProfitDual,TotalCostDispatch,RTGeneratorProfitDual,gap,SSProfit
ObjectiveValue,2709.7810620038367,65771.12657611507,2709.7810620038367,0.0,2709.7810620000078
