,GeneratorProfitDual,TotalCostDispatch,RTGeneratorProfitDual,gap,SSProfit
ObjectiveValue,6658.157123001134,43954.22848744314,6658.157123001134,16.9792,6658.1571229999945
