,GeneratorProfitDual,TotalCostDispatch,RTGeneratorProfitDual,gap,SSProfit
ObjectiveValue,3828.0560025561554,20255.231864540776,3828.0560025561554,13.0287,3939.825850607202
