,GeneratorProfitDual,TotalCostDispatch,RTGeneratorProfitDual,gap,SSProfit
ObjectiveValue,7579.186494184814,265423.0601560697,7579.186494184814,9.76104,7928.762633999984
