,GeneratorProfitDual,TotalCostDispatch,RTGeneratorProfitDual,gap,SSProfit
ObjectiveValue,94763.99064825918,376087.2269597289,94763.99064825918,4275.06,94763.9906482581
