,GeneratorProfitDual,TotalCostDispatch,RTGeneratorProfitDual,gap,SSProfit
ObjectiveValue,78854.07198016101,374848.3963213177,78854.07198016101,3523.47,78872.21679494774
