,GeneratorProfitDual,TotalCostDispatch,RTGeneratorProfitDual,gap,SSProfit
ObjectiveValue,49953.99788707179,303311.7579068683,49953.99788707179,70.3451,50030.690465085805
