,GeneratorProfitDual,TotalCostDispatch,RTGeneratorProfitDual,gap,SSProfit
ObjectiveValue,-1960749014.3538406,29819.070140452255,-1960749014.3538406,0.0,11279797.261029933
