,GeneratorProfitDual,TotalCostDispatch,RTGeneratorProfitDual,gap,SSProfit
ObjectiveValue,28609.337459429727,212546.07689906238,28609.337459429727,7004.37,29005.19773263022
