,GeneratorProfitDual,TotalCostDispatch,RTGeneratorProfitDual,gap,SSProfit
ObjectiveValue,48418.00636590208,465766.729213316,48418.00636590208,333.881,48449.7452151604
