,GeneratorProfitDual,TotalCostDispatch,RTGeneratorProfitDual,gap,SSProfit
ObjectiveValue,3963.0207900016517,209535.60832784927,3963.0207900016517,0.357712,3963.020790000005
