,GeneratorProfitDual,TotalCostDispatch,RTGeneratorProfitDual,gap,SSProfit
ObjectiveValue,110209.61938645066,539431.834104684,110209.61938645066,398.458,110209.61938644608
