,GeneratorProfitDual,TotalCostDispatch,RTGeneratorProfitDual,gap,SSProfit
ObjectiveValue,53900.24164086778,194695.0991332202,53900.24164086778,660.798,53900.28309222623
