,GeneratorProfitDual,TotalCostDispatch,RTGeneratorProfitDual,gap,SSProfit
ObjectiveValue,60257.10132515942,195496.5016046466,60257.10132515942,601.489,60257.10132515882
