,GeneratorProfitDual,TotalCostDispatch,RTGeneratorProfitDual,gap,SSProfit
ObjectiveValue,10028.298804761036,61606.126972853046,10028.298804761036,50.277,10028.298804760474
