,GeneratorProfitDual,TotalCostDispatch,RTGeneratorProfitDual,gap,SSProfit
ObjectiveValue,12266.238491867509,33838.85505092883,12266.238491867509,14878.3,17550.95205586856
