,GeneratorProfitDual,TotalCostDispatch,RTGeneratorProfitDual,gap,SSProfit
ObjectiveValue,78537.66015876952,247547.08801172464,78537.66015876952,818.073,78536.12081964879
