,GeneratorProfitDual,TotalCostDispatch,RTGeneratorProfitDual,gap,SSProfit
ObjectiveValue,-14783756068.272757,47813.491112314674,-14783756068.272757,0.0,-7385673.322334969
