,GeneratorProfitDual,TotalCostDispatch,RTGeneratorProfitDual,gap,SSProfit
ObjectiveValue,20714.434613149002,318333.47186238505,20714.434613149002,75.066,20742.580048628384
