,GeneratorProfitDual,TotalCostDispatch,RTGeneratorProfitDual,gap,SSProfit
ObjectiveValue,34511.460297405094,175493.42702628896,34511.460297405094,356.264,34495.48606504864
