,GeneratorProfitDual,TotalCostDispatch,RTGeneratorProfitDual,gap,SSProfit
ObjectiveValue,42694.49974144613,175089.66386184652,42694.49974144613,23014.6,43509.046209023894
