,GeneratorProfitDual,TotalCostDispatch,RTGeneratorProfitDual,gap,SSProfit
ObjectiveValue,50107.17296368299,145278.40632272098,50107.17296368299,722.05,50107.17296368198
