,GeneratorProfitDual,TotalCostDispatch,RTGeneratorProfitDual,gap,SSProfit
ObjectiveValue,3757.7865902323247,254426.15488394038,3757.7865902323247,18.3881,3964.381316999993
