,GeneratorProfitDual,TotalCostDispatch,RTGeneratorProfitDual,gap,SSProfit
ObjectiveValue,7945.9694920395295,174879.0171879718,7945.9694920395295,22.9281,7945.96949203844
