,GeneratorProfitDual,TotalCostDispatch,RTGeneratorProfitDual,gap,SSProfit
ObjectiveValue,5588.293759029045,33958.55617642863,5588.293759029045,25.6005,5588.293759028624
