,GeneratorProfitDual,TotalCostDispatch,RTGeneratorProfitDual,gap,SSProfit
ObjectiveValue,3818.759540438201,41616.68863158715,3818.759540438201,0.0,3818.7595404378876
