,GeneratorProfitDual,TotalCostDispatch,RTGeneratorProfitDual,gap,SSProfit
ObjectiveValue,3818.7595404382137,41616.688631587094,3818.7595404382137,56.9909,3818.7595404378962
