,GeneratorProfitDual,TotalCostDispatch,RTGeneratorProfitDual,gap,SSProfit
ObjectiveValue,3874.30428145516,41561.14389057015,3874.30428145516,40.4652,3881.782651437915
