,GeneratorProfitDual,TotalCostDispatch,RTGeneratorProfitDual,gap,SSProfit
ObjectiveValue,47668.514126364025,191133.36834970608,47668.514126364025,4973.78,51173.14497313545
