,GeneratorProfitDual,TotalCostDispatch,RTGeneratorProfitDual,gap,SSProfit
ObjectiveValue,36218.59297142254,189413.25685131396,36218.59297142254,495.735,36410.067661682275
