,GeneratorProfitDual,TotalCostDispatch,RTGeneratorProfitDual,gap,SSProfit
ObjectiveValue,-17972369938.44439,195040.49691875416,-17972369938.44439,0.0,-40199614.880033225
