,GeneratorProfitDual,TotalCostDispatch,RTGeneratorProfitDual,gap,SSProfit
ObjectiveValue,2766.693192074711,27277.496910208083,2766.693192074711,138.509,2766.6931920734078
