,GeneratorProfitDual,TotalCostDispatch,RTGeneratorProfitDual,gap,SSProfit
ObjectiveValue,2766.6931920780344,27277.496910209,2766.6931920780344,132.094,2766.693192076518
