,GeneratorProfitDual,TotalCostDispatch,RTGeneratorProfitDual,gap,SSProfit
ObjectiveValue,-14767955981.91847,198671.20878017973,-14767955981.91847,0.0,-5623503.4462583605
