,GeneratorProfitDual,TotalCostDispatch,RTGeneratorProfitDual,gap,SSProfit
ObjectiveValue,-16463160028.506477,189481.54318752477,-16463160028.506477,0.0,-63884036.55227333
