,GeneratorProfitDual,TotalCostDispatch,RTGeneratorProfitDual,gap,SSProfit
ObjectiveValue,19044.597226282425,76294.724316108,19044.597226282425,728.11,19157.82417044169
