,GeneratorProfitDual,TotalCostDispatch,RTGeneratorProfitDual,gap,SSProfit
ObjectiveValue,18776.96712568911,76277.58705220793,18776.96712568911,265.142,18776.967125688334
