,GeneratorProfitDual,TotalCostDispatch,RTGeneratorProfitDual,gap,SSProfit
ObjectiveValue,56711.129995879935,178137.82135228417,56711.129995879935,0.0,56872.55438690123
