,GeneratorProfitDual,TotalCostDispatch,RTGeneratorProfitDual,gap,SSProfit
ObjectiveValue,56879.0751145545,178189.46466743678,56879.0751145545,28821.4,56963.1043928045
