,GeneratorProfitDual,TotalCostDispatch,RTGeneratorProfitDual,gap,SSProfit
ObjectiveValue,56358.39709337503,357745.3466195609,56358.39709337503,564.605,56548.06814737282
