,GeneratorProfitDual,TotalCostDispatch,RTGeneratorProfitDual,gap,SSProfit
ObjectiveValue,14031.43724901458,72920.73825641013,14031.43724901458,15191.3,14084.614079596555
