,GeneratorProfitDual,TotalCostDispatch,RTGeneratorProfitDual,gap,SSProfit
ObjectiveValue,13708.473689575356,73142.05930811085,13708.473689575356,819.895,14084.614079596558
