,GeneratorProfitDual,TotalCostDispatch,RTGeneratorProfitDual,gap,SSProfit
ObjectiveValue,30819.928660156103,98770.30498464499,30819.928660156103,339.849,30819.928660153077
