,GeneratorProfitDual,TotalCostDispatch,RTGeneratorProfitDual,gap,SSProfit
ObjectiveValue,30819.92866015523,98770.30498464515,30819.92866015523,2016.11,30819.928660153077
