,GeneratorProfitDual,TotalCostDispatch,RTGeneratorProfitDual,gap,SSProfit
ObjectiveValue,339.90751975415037,497566.03739682405,339.90751975415037,0.0142157,339.9217354627365
