,GeneratorProfitDual,TotalCostDispatch,RTGeneratorProfitDual,gap,SSProfit
ObjectiveValue,6081.82857284417,13126.399459674982,6081.82857284417,186.383,6081.828572844022
