,GeneratorProfitDual,TotalCostDispatch,RTGeneratorProfitDual,gap,SSProfit
ObjectiveValue,1128.9741191658604,129767.35320753313,1128.9741191658604,9.16357,1128.974119165092
