,GeneratorProfitDual,TotalCostDispatch,RTGeneratorProfitDual,gap,SSProfit
ObjectiveValue,187.87639663999516,525156.4657901769,187.87639663999516,1.88207,341.41621903168357
