,GeneratorProfitDual,TotalCostDispatch,RTGeneratorProfitDual,gap,SSProfit
ObjectiveValue,54512.10645612948,264336.8083199101,54512.10645612948,442.908,54613.88559678027
