,GeneratorProfitDual,TotalCostDispatch,RTGeneratorProfitDual,gap,SSProfit
ObjectiveValue,31176.01773979516,127023.15489319326,31176.01773979516,2898.12,31176.017739794734
