,GeneratorProfitDual,TotalCostDispatch,RTGeneratorProfitDual,gap,SSProfit
ObjectiveValue,31176.017739797913,127023.15489319044,31176.017739797913,1513.6,31176.017739794697
