,GeneratorProfitDual,TotalCostDispatch,RTGeneratorProfitDual,gap,SSProfit
ObjectiveValue,-215180.65025614994,459704.2962569191,-215180.65025614994,16.6928,4455.195212315468
