,GeneratorProfitDual,TotalCostDispatch,RTGeneratorProfitDual,gap,SSProfit
ObjectiveValue,82071.95380858179,397489.55150135123,82071.95380858179,776.729,82252.48282840024
