,GeneratorProfitDual,TotalCostDispatch,RTGeneratorProfitDual,gap,SSProfit
ObjectiveValue,4005.9745710044317,429046.73746660486,4005.9745710044317,0.0,4005.9745710145135
