,GeneratorProfitDual,TotalCostDispatch,RTGeneratorProfitDual,gap,SSProfit
ObjectiveValue,18389.809220021754,542262.6561140304,18389.809220021754,89.6206,18399.37981823141
