,GeneratorProfitDual,TotalCostDispatch,RTGeneratorProfitDual,gap,SSProfit
ObjectiveValue,41385.408030849256,242033.32693757597,41385.408030849256,443.064,41520.05669191776
