,GeneratorProfitDual,TotalCostDispatch,RTGeneratorProfitDual,gap,SSProfit
ObjectiveValue,-1944240992.4557855,81610.15837804653,-1944240992.4557855,0.0,8701315.990966838
