,GeneratorProfitDual,TotalCostDispatch,RTGeneratorProfitDual,gap,SSProfit
ObjectiveValue,-1720695523.2315984,81610.15837804656,-1720695523.2315984,0.0,13409760.102174137
