,GeneratorProfitDual,TotalCostDispatch,RTGeneratorProfitDual,gap,SSProfit
ObjectiveValue,77133.54999350087,188513.62729647628,77133.54999350087,3733.96,77133.54999350064
