,GeneratorProfitDual,TotalCostDispatch,RTGeneratorProfitDual,gap,SSProfit
ObjectiveValue,77133.54999350024,188513.62729647616,77133.54999350024,1082.33,77133.54999350081
