,GeneratorProfitDual,TotalCostDispatch,RTGeneratorProfitDual,gap,SSProfit
ObjectiveValue,110056.21941224195,188513.62729647625,110056.21941224195,1095.97,110056.21941224125
