,GeneratorProfitDual,TotalCostDispatch,RTGeneratorProfitDual,gap,SSProfit
ObjectiveValue,11267.70636398604,133038.78390631228,11267.70636398604,13979.0,12392.364504717423
