,GeneratorProfitDual,TotalCostDispatch,RTGeneratorProfitDual,gap,SSProfit
ObjectiveValue,25863.429416215284,303688.98516305845,25863.429416215284,156.891,25863.429415719336
