,GeneratorProfitDual,TotalCostDispatch,RTGeneratorProfitDual,gap,SSProfit
ObjectiveValue,5905.78301012289,77857.05987346293,5905.78301012289,43.7041,5905.783010121888
