,GeneratorProfitDual,TotalCostDispatch,RTGeneratorProfitDual,gap,SSProfit
ObjectiveValue,13062.77278040086,515558.4942507191,13062.77278040086,0.0,13180.306897250943
