,GeneratorProfitDual,TotalCostDispatch,RTGeneratorProfitDual,gap,SSProfit
ObjectiveValue,33193.00157628876,87400.89722342555,33193.00157628876,18815.4,33805.11239800004
