,GeneratorProfitDual,TotalCostDispatch,RTGeneratorProfitDual,gap,SSProfit
ObjectiveValue,12828.7060681802,86892.10323119571,12828.7060681802,40392.4,31595.564396465044
