,GeneratorProfitDual,TotalCostDispatch,RTGeneratorProfitDual,gap,SSProfit
ObjectiveValue,3942.3478461064815,250623.92206587078,3942.3478461064815,4.00974,4022.300894999997
