,GeneratorProfitDual,TotalCostDispatch,RTGeneratorProfitDual,gap,SSProfit
ObjectiveValue,54279.40067213954,138498.16850063376,54279.40067213954,541.73,62643.07519853125
