,GeneratorProfitDual,TotalCostDispatch,RTGeneratorProfitDual,gap,SSProfit
ObjectiveValue,48850.24235987258,138498.16850063397,48850.24235987258,131.056,48850.242359866956
