,GeneratorProfitDual,TotalCostDispatch,RTGeneratorProfitDual,gap,SSProfit
ObjectiveValue,1160.8712348499803,123027.92668565245,1160.8712348499803,0.0,1136.6231280000202
