,GeneratorProfitDual,TotalCostDispatch,RTGeneratorProfitDual,gap,SSProfit
ObjectiveValue,4078.952058748957,140324.96091804365,4078.952058748957,0.0,3964.381317000013
