,GeneratorProfitDual,TotalCostDispatch,RTGeneratorProfitDual,gap,SSProfit
ObjectiveValue,30372.952045024504,580252.1047001585,30372.952045024504,240.271,30389.55322664713
