,GeneratorProfitDual,TotalCostDispatch,RTGeneratorProfitDual,gap,SSProfit
ObjectiveValue,30342.35068150789,580250.4549305724,30342.35068150789,1872.73,30405.412584218873
