,GeneratorProfitDual,TotalCostDispatch,RTGeneratorProfitDual,gap,SSProfit
ObjectiveValue,20562.762317410004,32327.07025617034,20562.762317410004,343.568,21429.046451079255
