,GeneratorProfitDual,TotalCostDispatch,RTGeneratorProfitDual,gap,SSProfit
ObjectiveValue,3886.984347086346,137134.69897329234,3886.984347086346,2.81137,3937.661921001213
