,GeneratorProfitDual,TotalCostDispatch,RTGeneratorProfitDual,gap,SSProfit
ObjectiveValue,-1732211718.3750265,70958.56039762366,-1732211718.3750265,0.0,23352403.473865744
