,GeneratorProfitDual,TotalCostDispatch,RTGeneratorProfitDual,gap,SSProfit
ObjectiveValue,-14868488529.93705,362003.46771042247,-14868488529.93705,0.0,-4278619.861455237
