,GeneratorProfitDual,TotalCostDispatch,RTGeneratorProfitDual,gap,SSProfit
ObjectiveValue,-18111888736.683746,57739.84542847741,-18111888736.683746,0.0,-49613827.19249892
