,GeneratorProfitDual,TotalCostDispatch,RTGeneratorProfitDual,gap,SSProfit
ObjectiveValue,-1702203521.2181416,131870.5836144017,-1702203521.2181416,0.0,8900923.312837763
