,GeneratorProfitDual,TotalCostDispatch,RTGeneratorProfitDual,gap,SSProfit
ObjectiveValue,3911.80082650753,359312.2558588663,3911.80082650753,0.0,4026.7711980000213
