,GeneratorProfitDual,TotalCostDispatch,RTGeneratorProfitDual,gap,SSProfit
ObjectiveValue,3530.892981055629,297526.5292857209,3530.892981055629,416.017,3980.7076409999872
