,GeneratorProfitDual,TotalCostDispatch,RTGeneratorProfitDual,gap,SSProfit
ObjectiveValue,-17146998092.998257,299500.85804880265,-17146998092.998257,10382.1,-55240444.92462645
