,GeneratorProfitDual,TotalCostDispatch,RTGeneratorProfitDual,gap,SSProfit
ObjectiveValue,33905.39406010135,299504.9296397182,33905.39406010135,21056.5,33996.48767359297
