,GeneratorProfitDual,TotalCostDispatch,RTGeneratorProfitDual,gap,SSProfit
ObjectiveValue,19760.663736687256,30523.804046556637,19760.663736687256,0.0,22844.414418085802
