,GeneratorProfitDual,TotalCostDispatch,RTGeneratorProfitDual,gap,SSProfit
ObjectiveValue,57130.098308439876,109527.29000846168,57130.098308439876,0.0,46819.20739825069
