,GeneratorProfitDual,TotalCostDispatch,RTGeneratorProfitDual,gap,SSProfit
ObjectiveValue,3233.7860777964693,364022.71257896896,3233.7860777964693,117.59,3472.8567630320076
