,GeneratorProfitDual,TotalCostDispatch,RTGeneratorProfitDual,gap,SSProfit
ObjectiveValue,25920.12695954238,62466.00784944359,25920.12695954238,0.0,26121.260177762946
