,GeneratorProfitDual,TotalCostDispatch,RTGeneratorProfitDual,gap,SSProfit
ObjectiveValue,13118.077617618035,24997.966531595597,13118.077617618035,48.3259,13118.077617617944
