,GeneratorProfitDual,TotalCostDispatch,RTGeneratorProfitDual,gap,SSProfit
ObjectiveValue,13115.756970744884,24971.083599714573,13115.756970744884,31.1388,13120.2466426961
