,GeneratorProfitDual,TotalCostDispatch,RTGeneratorProfitDual,gap,SSProfit
ObjectiveValue,38706.108904632674,11409.918917978925,38706.108904632674,577.498,38706.1089046306
