,GeneratorProfitDual,TotalCostDispatch,RTGeneratorProfitDual,gap,SSProfit
ObjectiveValue,38706.108904631124,11409.9189179802,38706.108904631124,645.668,38706.10890463068
