,GeneratorProfitDual,TotalCostDispatch,RTGeneratorProfitDual,gap,SSProfit
ObjectiveValue,38706.10890463088,11409.918917980449,38706.10890463088,627.934,38706.10890463068
