,GeneratorProfitDual,TotalCostDispatch,RTGeneratorProfitDual,gap,SSProfit
ObjectiveValue,6438.4730128350475,334831.8848512229,6438.4730128350475,33.6583,6438.473012833244
