,GeneratorProfitDual,TotalCostDispatch,RTGeneratorProfitDual,gap,SSProfit
ObjectiveValue,2053.5154290097053,377321.18050932983,2053.5154290097053,1.6989,2032.7188020000099
