,GeneratorProfitDual,TotalCostDispatch,RTGeneratorProfitDual,gap,SSProfit
ObjectiveValue,2835.9540777469015,438140.38698378927,2835.9540777469015,3.87735,2975.184580689591
