,GeneratorProfitDual,TotalCostDispatch,RTGeneratorProfitDual,gap,SSProfit
ObjectiveValue,7290.28338386946,94023.04360937048,7290.28338386946,836.181,7290.283383868262
