,GeneratorProfitDual,TotalCostDispatch,RTGeneratorProfitDual,gap,SSProfit
ObjectiveValue,66664.40422948792,274964.6945965339,66664.40422948792,609.474,66664.40422948744
