,GeneratorProfitDual,TotalCostDispatch,RTGeneratorProfitDual,gap,SSProfit
ObjectiveValue,-15206494440.695742,534066.450023193,-15206494440.695742,0.0,-744687.9555649499
