,GeneratorProfitDual,TotalCostDispatch,RTGeneratorProfitDual,gap,SSProfit
ObjectiveValue,-1731615421.6960773,186369.44614282122,-1731615421.6960773,0.0,10645644.441533605
