,GeneratorProfitDual,TotalCostDispatch,RTGeneratorProfitDual,gap,SSProfit
ObjectiveValue,59480.03290599438,332827.7247422395,59480.03290599438,165.806,59480.03290599094
