,GeneratorProfitDual,TotalCostDispatch,RTGeneratorProfitDual,gap,SSProfit
ObjectiveValue,88235.41853998008,67653.12076538836,88235.41853998008,21534.3,105189.7376344066
