,GeneratorProfitDual,TotalCostDispatch,RTGeneratorProfitDual,gap,SSProfit
ObjectiveValue,15508.56473632641,58596.020754989884,15508.56473632641,5543.86,15630.806433243546
