,GeneratorProfitDual,TotalCostDispatch,RTGeneratorProfitDual,gap,SSProfit
ObjectiveValue,15508.564736326513,58596.02075498998,15508.564736326513,5737.17,15630.806433243517
