,GeneratorProfitDual,TotalCostDispatch,RTGeneratorProfitDual,gap,SSProfit
ObjectiveValue,3990.5125278793976,336793.50351005414,3990.5125278793976,1.39745,3990.512527878128
