,GeneratorProfitDual,TotalCostDispatch,RTGeneratorProfitDual,gap,SSProfit
ObjectiveValue,12178.071492880106,673305.1769068375,12178.071492880106,70.508,12286.09966902593
