,GeneratorProfitDual,TotalCostDispatch,RTGeneratorProfitDual,gap,SSProfit
ObjectiveValue,30258.67943344514,39013.2997097123,30258.67943344514,37656.6,30258.675940864334
