,GeneratorProfitDual,TotalCostDispatch,RTGeneratorProfitDual,gap,SSProfit
ObjectiveValue,1534.515194043583,38274.435400188864,1534.515194043583,24405.1,1534.5151940430544
