,GeneratorProfitDual,TotalCostDispatch,RTGeneratorProfitDual,gap,SSProfit
ObjectiveValue,7161.8876264525625,119309.70236897864,7161.8876264525625,1872.55,7161.887626449422
