,GeneratorProfitDual,TotalCostDispatch,RTGeneratorProfitDual,gap,SSProfit
ObjectiveValue,-14880677072.060484,310706.1372082226,-14880677072.060484,0.0,-9268885.587777624
