,GeneratorProfitDual,TotalCostDispatch,RTGeneratorProfitDual,gap,SSProfit
ObjectiveValue,8737.61005868577,63661.336603092284,8737.61005868577,0.0,8737.610058685015
