,GeneratorProfitDual,TotalCostDispatch,RTGeneratorProfitDual,gap,SSProfit
ObjectiveValue,17481.560714676165,496578.91566112655,17481.560714676165,160.375,17512.47525706262
