,GeneratorProfitDual,TotalCostDispatch,RTGeneratorProfitDual,gap,SSProfit
ObjectiveValue,17410.385230021042,496535.32975741813,17410.385230021042,171.318,17471.84432589456
