,GeneratorProfitDual,TotalCostDispatch,RTGeneratorProfitDual,gap,SSProfit
ObjectiveValue,-1974919321.1779315,137910.11201538725,-1974919321.1779315,0.0,11641191.214105029
