,GeneratorProfitDual,TotalCostDispatch,RTGeneratorProfitDual,gap,SSProfit
ObjectiveValue,82812.0502389771,101352.07053373328,82812.0502389771,13057.2,82812.05023897665
