,GeneratorProfitDual,TotalCostDispatch,RTGeneratorProfitDual,gap,SSProfit
ObjectiveValue,82812.05023897738,101352.07053373364,82812.05023897738,2348.65,82812.05023897682
