,GeneratorProfitDual,TotalCostDispatch,RTGeneratorProfitDual,gap,SSProfit
ObjectiveValue,82030.08526678516,101347.0641338924,82030.08526678516,29319.9,82030.08526678433
