,GeneratorProfitDual,TotalCostDispatch,RTGeneratorProfitDual,gap,SSProfit
ObjectiveValue,-17509219427.601864,259290.21477849173,-17509219427.601864,0.0,-24273314.77827925
