,GeneratorProfitDual,TotalCostDispatch,RTGeneratorProfitDual,gap,SSProfit
ObjectiveValue,33494.134123914184,276841.80567898904,33494.134123914184,368.044,33797.27117234623
