,GeneratorProfitDual,TotalCostDispatch,RTGeneratorProfitDual,gap,SSProfit
ObjectiveValue,30647.231859444633,279998.3653047879,30647.231859444633,8615.75,30647.2318594435
