,GeneratorProfitDual,TotalCostDispatch,RTGeneratorProfitDual,gap,SSProfit
ObjectiveValue,17332.42906347542,64679.3342673689,17332.42906347542,264.388,17436.82447296525
