,GeneratorProfitDual,TotalCostDispatch,RTGeneratorProfitDual,gap,SSProfit
ObjectiveValue,17332.429063475272,64679.33426736895,17332.429063475272,4139.7,17436.82447296515
