,GeneratorProfitDual,TotalCostDispatch,RTGeneratorProfitDual,gap,SSProfit
ObjectiveValue,18974.62178793543,322182.8914444543,18974.62178793543,0.0,18963.011342070266
