,GeneratorProfitDual,TotalCostDispatch,RTGeneratorProfitDual,gap,SSProfit
ObjectiveValue,15541.439476077554,76864.56510000258,15541.439476077554,1997.07,15630.806433243546
