,GeneratorProfitDual,TotalCostDispatch,RTGeneratorProfitDual,gap,SSProfit
ObjectiveValue,15541.439476077481,76864.56510000271,15541.439476077481,7975.23,15630.806433243532
