,GeneratorProfitDual,TotalCostDispatch,RTGeneratorProfitDual,gap,SSProfit
ObjectiveValue,3761.2045345959914,204948.06107011685,3761.2045345959914,6.03315,3975.459893999991
