,GeneratorProfitDual,TotalCostDispatch,RTGeneratorProfitDual,gap,SSProfit
ObjectiveValue,-1759632221.4411829,246231.07093909621,-1759632221.4411829,0.0,11476012.481293412
