,GeneratorProfitDual,TotalCostDispatch,RTGeneratorProfitDual,gap,SSProfit
ObjectiveValue,-1962874455.552672,29819.070140452255,-1962874455.552672,0.0,11124652.545380516
