,GeneratorProfitDual,TotalCostDispatch,RTGeneratorProfitDual,gap,SSProfit
ObjectiveValue,9190.328413413376,18971.581678145343,9190.328413413376,62.3209,9190.328413411478
