,GeneratorProfitDual,TotalCostDispatch,RTGeneratorProfitDual,gap,SSProfit
ObjectiveValue,9190.328413412011,18971.58167814667,9190.328413412011,159.719,9190.328413411473
