,GeneratorProfitDual,TotalCostDispatch,RTGeneratorProfitDual,gap,SSProfit
ObjectiveValue,31276.98611202941,16868.589110064244,31276.98611202941,292.063,31276.986112029288
