,GeneratorProfitDual,TotalCostDispatch,RTGeneratorProfitDual,gap,SSProfit
ObjectiveValue,3985.177944001677,133212.32674463824,3985.177944001677,0.0,3985.177943999986
