,GeneratorProfitDual,TotalCostDispatch,RTGeneratorProfitDual,gap,SSProfit
ObjectiveValue,7759.677041999442,221107.47852896724,7759.677041999442,0.0,7933.368969329252
