,GeneratorProfitDual,TotalCostDispatch,RTGeneratorProfitDual,gap,SSProfit
ObjectiveValue,2533.5343249301195,382294.61936116737,2533.5343249301195,13.8235,2533.534324925787
