,GeneratorProfitDual,TotalCostDispatch,RTGeneratorProfitDual,gap,SSProfit
ObjectiveValue,-18502761081.004,501426.8840694108,-18502761081.004,33.7617,-4013759.8596813316
