,GeneratorProfitDual,TotalCostDispatch,RTGeneratorProfitDual,gap,SSProfit
ObjectiveValue,13834.969212049933,501448.98610565026,13834.969212049933,19.6603,13898.642186259385
