,GeneratorProfitDual,TotalCostDispatch,RTGeneratorProfitDual,gap,SSProfit
ObjectiveValue,38047.670821178064,70882.84516250089,38047.670821178064,778.167,38600.1672073976
