,GeneratorProfitDual,TotalCostDispatch,RTGeneratorProfitDual,gap,SSProfit
ObjectiveValue,13196.887960061658,63591.02396810862,13196.887960061658,30281.1,13580.47196441168
