,GeneratorProfitDual,TotalCostDispatch,RTGeneratorProfitDual,gap,SSProfit
ObjectiveValue,709.0003759919362,532040.3857390624,709.0003759919362,0.0,818.6861996837721
