,GeneratorProfitDual,TotalCostDispatch,RTGeneratorProfitDual,gap,SSProfit
ObjectiveValue,7928.762634002279,198182.78591294386,7928.762634002279,0.0,7928.762634000015
