,GeneratorProfitDual,TotalCostDispatch,RTGeneratorProfitDual,gap,SSProfit
ObjectiveValue,-18978457356.003796,292564.2988081544,-18978457356.003796,0.0,-16305783.355680335
