,GeneratorProfitDual,TotalCostDispatch,RTGeneratorProfitDual,gap,SSProfit
ObjectiveValue,4005.9745710016714,262947.0499255924,4005.9745710016714,0.0,4005.9745709999956
