,GeneratorProfitDual,TotalCostDispatch,RTGeneratorProfitDual,gap,SSProfit
ObjectiveValue,3964.3813170062094,175717.32707508968,3964.3813170062094,0.0,3964.381317000021
