,GeneratorProfitDual,TotalCostDispatch,RTGeneratorProfitDual,gap,SSProfit
ObjectiveValue,2745.900627435644,24625.84194396399,2745.900627435644,,2745.9006274351814
