,GeneratorProfitDual,TotalCostDispatch,RTGeneratorProfitDual,gap,SSProfit
ObjectiveValue,20586.187813210843,32376.549571469317,20586.187813210843,519.167,22263.121848161078
