,GeneratorProfitDual,TotalCostDispatch,RTGeneratorProfitDual,gap,SSProfit
ObjectiveValue,83355.11703498682,118194.02936357951,83355.11703498682,15139.0,83384.50441815612
