,GeneratorProfitDual,TotalCostDispatch,RTGeneratorProfitDual,gap,SSProfit
ObjectiveValue,3786.189878761884,178922.90822990384,3786.189878761884,17.0811,3878.019306295758
