,GeneratorProfitDual,TotalCostDispatch,RTGeneratorProfitDual,gap,SSProfit
ObjectiveValue,16463.15256231439,62881.349179122386,16463.15256231439,50428.5,16571.63022202727
