,GeneratorProfitDual,TotalCostDispatch,RTGeneratorProfitDual,gap,SSProfit
ObjectiveValue,78425.49659469521,268653.2428631946,78425.49659469521,784.216,78425.49659469462
