,GeneratorProfitDual,TotalCostDispatch,RTGeneratorProfitDual,gap,SSProfit
ObjectiveValue,57469.115731982936,268625.086621914,57469.115731982936,782.806,57469.115731982245
