,GeneratorProfitDual,TotalCostDispatch,RTGeneratorProfitDual,gap,SSProfit
ObjectiveValue,43957.6501565332,437764.57186116907,43957.6501565332,283.625,43957.670182460766
