,GeneratorProfitDual,TotalCostDispatch,RTGeneratorProfitDual,gap,SSProfit
ObjectiveValue,20252.783170780032,123027.92668565245,20252.783170780032,323.069,20228.535063930096
