,GeneratorProfitDual,TotalCostDispatch,RTGeneratorProfitDual,gap,SSProfit
ObjectiveValue,9398.464352322424,17647.29437334239,9398.464352322424,91420.7,9398.464352321123
