,GeneratorProfitDual,TotalCostDispatch,RTGeneratorProfitDual,gap,SSProfit
ObjectiveValue,54747.97003225095,125380.48978859057,54747.97003225095,577.433,54747.9700322507
