,GeneratorProfitDual,TotalCostDispatch,RTGeneratorProfitDual,gap,SSProfit
ObjectiveValue,54747.970032251375,125380.48978859054,54747.970032251375,599.334,54747.97003225064
