,GeneratorProfitDual,TotalCostDispatch,RTGeneratorProfitDual,gap,SSProfit
ObjectiveValue,54747.97003225153,125380.48978859055,54747.97003225153,185.648,54747.970032250654
