,GeneratorProfitDual,TotalCostDispatch,RTGeneratorProfitDual,gap,SSProfit
ObjectiveValue,42884.148018336215,61869.6129989114,42884.148018336215,1065.97,43495.80533530002
