,GeneratorProfitDual,TotalCostDispatch,RTGeneratorProfitDual,gap,SSProfit
ObjectiveValue,19104.94045794285,63042.28741766199,19104.94045794285,240.887,19104.94045794056
