,GeneratorProfitDual,TotalCostDispatch,RTGeneratorProfitDual,gap,SSProfit
ObjectiveValue,19104.940457942866,63042.287417662,19104.940457942866,6240.26,19104.94045794056
