,GeneratorProfitDual,TotalCostDispatch,RTGeneratorProfitDual,gap,SSProfit
ObjectiveValue,-19001886160.842308,31954.30485832422,-19001886160.842308,0.0,-89646568.27957079
