,GeneratorProfitDual,TotalCostDispatch,RTGeneratorProfitDual,gap,SSProfit
ObjectiveValue,70667.30145704358,370640.02452802664,70667.30145704358,785.358,70667.30145704148
