,GeneratorProfitDual,TotalCostDispatch,RTGeneratorProfitDual,gap,SSProfit
ObjectiveValue,7822.1483274132215,436874.5986058748,7822.1483274132215,54.7361,8054.735059017951
