,GeneratorProfitDual,TotalCostDispatch,RTGeneratorProfitDual,gap,SSProfit
ObjectiveValue,7987.132609958639,356449.70244811533,7987.132609958639,70.9067,8068.128274004598
