,GeneratorProfitDual,TotalCostDispatch,RTGeneratorProfitDual,gap,SSProfit
ObjectiveValue,4232.941997697628,162514.1486063174,4232.941997697628,22482.3,4231.890306104643
