,GeneratorProfitDual,TotalCostDispatch,RTGeneratorProfitDual,gap,SSProfit
ObjectiveValue,-1948796642.334287,31881.943426637965,-1948796642.334287,0.0,24350430.998830758
