,GeneratorProfitDual,TotalCostDispatch,RTGeneratorProfitDual,gap,SSProfit
ObjectiveValue,14319.588686638992,29144.764035794244,14319.588686638992,139.366,14319.588686639047
