,GeneratorProfitDual,TotalCostDispatch,RTGeneratorProfitDual,gap,SSProfit
ObjectiveValue,87066.75863247107,139409.59113572532,87066.75863247107,1144.59,92777.94720692767
