,GeneratorProfitDual,TotalCostDispatch,RTGeneratorProfitDual,gap,SSProfit
ObjectiveValue,33326.674396937444,93508.42893342701,33326.674396937444,8755.76,33326.67439693642
