,GeneratorProfitDual,TotalCostDispatch,RTGeneratorProfitDual,gap,SSProfit
ObjectiveValue,39204.90426371649,93583.28763616721,39204.90426371649,5888.74,39820.07156564987
