,GeneratorProfitDual,TotalCostDispatch,RTGeneratorProfitDual,gap,SSProfit
ObjectiveValue,33326.674396948285,93508.42893342677,33326.674396948285,24046.9,33326.67439694727
