,GeneratorProfitDual,TotalCostDispatch,RTGeneratorProfitDual,gap,SSProfit
ObjectiveValue,46819.20739825226,125380.48978858873,46819.20739825226,4196.54,46819.20739825073
