,GeneratorProfitDual,TotalCostDispatch,RTGeneratorProfitDual,gap,SSProfit
ObjectiveValue,46819.20739825329,125380.48978858865,46819.20739825329,16455.1,46819.20739825073
