,GeneratorProfitDual,TotalCostDispatch,RTGeneratorProfitDual,gap,SSProfit
ObjectiveValue,1083.3823451919482,431124.97082138795,1083.3823451919482,3.46731,1083.3823451867927
