,GeneratorProfitDual,TotalCostDispatch,RTGeneratorProfitDual,gap,SSProfit
ObjectiveValue,4901.960122347923,82595.54237546363,4901.960122347923,0.0,4901.960122344021
