,GeneratorProfitDual,TotalCostDispatch,RTGeneratorProfitDual,gap,SSProfit
ObjectiveValue,-1990805305.1769083,259022.57307683042,-1990805305.1769083,0.0,3542052.2071415484
