,GeneratorProfitDual,TotalCostDispatch,RTGeneratorProfitDual,gap,SSProfit
ObjectiveValue,1250.6101380026107,405222.5632764605,1250.6101380026107,0.0,1250.610137999992
