,GeneratorProfitDual,TotalCostDispatch,RTGeneratorProfitDual,gap,SSProfit
ObjectiveValue,63688.69876942617,234156.48648071874,63688.69876942617,642.48,63779.74427580636
