,GeneratorProfitDual,TotalCostDispatch,RTGeneratorProfitDual,gap,SSProfit
ObjectiveValue,63063.22730093084,234137.37898571385,63063.22730093084,5674.92,63208.295203780595
