,GeneratorProfitDual,TotalCostDispatch,RTGeneratorProfitDual,gap,SSProfit
ObjectiveValue,15792.937728955512,36308.18317180943,15792.937728955512,283.656,15792.937728954694
