,GeneratorProfitDual,TotalCostDispatch,RTGeneratorProfitDual,gap,SSProfit
ObjectiveValue,-1911633608.2502563,73436.9883463014,-1911633608.2502563,0.0,17135936.2463938
