,GeneratorProfitDual,TotalCostDispatch,RTGeneratorProfitDual,gap,SSProfit
ObjectiveValue,103377.60480757468,42446.12546428402,103377.60480757468,1033.74,103377.60480757881
