,GeneratorProfitDual,TotalCostDispatch,RTGeneratorProfitDual,gap,SSProfit
ObjectiveValue,11853.515741831896,136762.97779667805,11853.515741831896,2675.99,11980.019134884638
