,GeneratorProfitDual,TotalCostDispatch,RTGeneratorProfitDual,gap,SSProfit
ObjectiveValue,7808.345996744964,154642.26280390142,7808.345996744964,0.0,7877.483107773153
