,GeneratorProfitDual,TotalCostDispatch,RTGeneratorProfitDual,gap,SSProfit
ObjectiveValue,5938.449149269499,37551.322967569315,5938.449149269499,58.758,5938.449149269123
