,GeneratorProfitDual,TotalCostDispatch,RTGeneratorProfitDual,gap,SSProfit
ObjectiveValue,41368.69029907334,17855.199461352182,41368.69029907334,36576.9,48740.67589861468
