,GeneratorProfitDual,TotalCostDispatch,RTGeneratorProfitDual,gap,SSProfit
ObjectiveValue,20663.73885362485,357134.39221754565,20663.73885362485,125.128,20663.73885362264
