,GeneratorProfitDual,TotalCostDispatch,RTGeneratorProfitDual,gap,SSProfit
ObjectiveValue,20666.180286938135,357099.0294076463,20666.180286938135,8.41651,20666.18028693154
