,GeneratorProfitDual,TotalCostDispatch,RTGeneratorProfitDual,gap,SSProfit
ObjectiveValue,47333.08889981025,221161.4075692976,47333.08889981025,1080.18,47404.08432118813
