,GeneratorProfitDual,TotalCostDispatch,RTGeneratorProfitDual,gap,SSProfit
ObjectiveValue,47058.66530586536,221106.95986748143,47058.66530586536,12909.2,47260.01123120694
