,GeneratorProfitDual,TotalCostDispatch,RTGeneratorProfitDual,gap,SSProfit
ObjectiveValue,58166.00875065317,199372.07495073386,58166.00875065317,9291.64,58166.00875064899
