,GeneratorProfitDual,TotalCostDispatch,RTGeneratorProfitDual,gap,SSProfit
ObjectiveValue,47815.056985812254,199166.92584547107,47815.056985812254,8275.95,48532.165964075764
