,GeneratorProfitDual,TotalCostDispatch,RTGeneratorProfitDual,gap,SSProfit
ObjectiveValue,44870.742783130714,498282.16173775226,44870.742783130714,3847.54,44870.7427831273
