,GeneratorProfitDual,TotalCostDispatch,RTGeneratorProfitDual,gap,SSProfit
ObjectiveValue,15476.864094665658,99305.63867022473,15476.864094665658,0.0,15630.806433243539
