,GeneratorProfitDual,TotalCostDispatch,RTGeneratorProfitDual,gap,SSProfit
ObjectiveValue,2871.741604063589,33798.007526941015,2871.741604063589,24.957,2932.4918327124137
