,GeneratorProfitDual,TotalCostDispatch,RTGeneratorProfitDual,gap,SSProfit
ObjectiveValue,66992.97306992255,106639.14479900707,66992.97306992255,788.748,67013.10886950063
