,GeneratorProfitDual,TotalCostDispatch,RTGeneratorProfitDual,gap,SSProfit
ObjectiveValue,-1920125276.9604404,16691.11382082991,-1920125276.9604404,0.0,18129622.638314735
