,GeneratorProfitDual,TotalCostDispatch,RTGeneratorProfitDual,gap,SSProfit
ObjectiveValue,10370.738895810475,42179.87888150274,10370.738895810475,0.0,10370.738895810078
