,GeneratorProfitDual,TotalCostDispatch,RTGeneratorProfitDual,gap,SSProfit
ObjectiveValue,10370.738895811675,42179.87888150127,10370.738895811675,0.0,10370.738895809935
