,GeneratorProfitDual,TotalCostDispatch,RTGeneratorProfitDual,gap,SSProfit
ObjectiveValue,6527.218717741791,77927.5559827179,6527.218717741791,0.0,6527.218717741182
