,GeneratorProfitDual,TotalCostDispatch,RTGeneratorProfitDual,gap,SSProfit
ObjectiveValue,8364.831570771532,569491.3616232418,8364.831570771532,5.17054,8364.831570770264
