,GeneratorProfitDual,TotalCostDispatch,RTGeneratorProfitDual,gap,SSProfit
ObjectiveValue,18781.640047417608,129725.23575051101,18781.640047417608,53020.7,19114.896694222276
