,GeneratorProfitDual,TotalCostDispatch,RTGeneratorProfitDual,gap,SSProfit
ObjectiveValue,-17130430265.582554,487365.64203887084,-17130430265.582554,0.0,-29198386.46286275
