,GeneratorProfitDual,TotalCostDispatch,RTGeneratorProfitDual,gap,SSProfit
ObjectiveValue,32834.207320865076,281388.5144293034,32834.207320865076,0.0,37165.59032386544
