,GeneratorProfitDual,TotalCostDispatch,RTGeneratorProfitDual,gap,SSProfit
ObjectiveValue,30603.792530360108,279732.1472725433,30603.792530360108,310.583,31019.075038346236
