,GeneratorProfitDual,TotalCostDispatch,RTGeneratorProfitDual,gap,SSProfit
ObjectiveValue,64915.00263440324,376771.0625735303,64915.00263440324,218.474,65038.02159578071
