,GeneratorProfitDual,TotalCostDispatch,RTGeneratorProfitDual,gap,SSProfit
ObjectiveValue,64914.08908260909,376760.30202680046,64914.08908260909,202.857,65025.74088178191
