,GeneratorProfitDual,TotalCostDispatch,RTGeneratorProfitDual,gap,SSProfit
ObjectiveValue,64912.03219676939,376759.5323572407,64912.03219676939,600.213,65043.03883063471
