,GeneratorProfitDual,TotalCostDispatch,RTGeneratorProfitDual,gap,SSProfit
ObjectiveValue,69038.50229117002,17007.76047414425,69038.50229117002,1680.67,69038.50229113952
