,GeneratorProfitDual,TotalCostDispatch,RTGeneratorProfitDual,gap,SSProfit
ObjectiveValue,72228.47802689098,62538.03200402575,72228.47802689098,1075.74,73497.08732523402
