,GeneratorProfitDual,TotalCostDispatch,RTGeneratorProfitDual,gap,SSProfit
ObjectiveValue,107610.50326658096,66143.05666943446,107610.50326658096,1075.15,107610.50326658088
