,GeneratorProfitDual,TotalCostDispatch,RTGeneratorProfitDual,gap,SSProfit
ObjectiveValue,-1948253248.4654331,60290.110983175895,-1948253248.4654331,0.0,11931518.670393933
