,GeneratorProfitDual,TotalCostDispatch,RTGeneratorProfitDual,gap,SSProfit
ObjectiveValue,8737.648516930845,136730.04011373458,8737.648516930845,20301.0,8738.963506793258
