,GeneratorProfitDual,TotalCostDispatch,RTGeneratorProfitDual,gap,SSProfit
ObjectiveValue,-16899878870.966246,306242.2449990829,-16899878870.966246,0.0,-24678507.00508691
