,GeneratorProfitDual,TotalCostDispatch,RTGeneratorProfitDual,gap,SSProfit
ObjectiveValue,-1914264950.317583,378885.45590719825,-1914264950.317583,0.0,9078166.274183525
