,GeneratorProfitDual,TotalCostDispatch,RTGeneratorProfitDual,gap,SSProfit
ObjectiveValue,17492.303505408214,27751.700918073053,17492.303505408214,174.901,17492.303505407977
