,GeneratorProfitDual,TotalCostDispatch,RTGeneratorProfitDual,gap,SSProfit
ObjectiveValue,3829.9159591163498,160988.73446908055,3829.9159591163498,0.0,3980.707641000006
