,GeneratorProfitDual,TotalCostDispatch,RTGeneratorProfitDual,gap,SSProfit
ObjectiveValue,10322.083932248643,29791.253285246137,10322.083932248643,209.616,10322.083932248357
