,GeneratorProfitDual,TotalCostDispatch,RTGeneratorProfitDual,gap,SSProfit
ObjectiveValue,10319.163168102614,29794.174049392077,10319.163168102614,12211.6,10319.163168102414
