,GeneratorProfitDual,TotalCostDispatch,RTGeneratorProfitDual,gap,SSProfit
ObjectiveValue,8612.424115963897,22165.7360062656,8612.424115963897,10059.0,8612.424115963506
