,GeneratorProfitDual,TotalCostDispatch,RTGeneratorProfitDual,gap,SSProfit
ObjectiveValue,8612.42411596452,22165.73600626485,8612.42411596452,2126.79,8612.42411596353
