,GeneratorProfitDual,TotalCostDispatch,RTGeneratorProfitDual,gap,SSProfit
ObjectiveValue,78180.2928774746,396793.5033195145,78180.2928774746,634.033,78274.45074525947
