,GeneratorProfitDual,TotalCostDispatch,RTGeneratorProfitDual,gap,SSProfit
ObjectiveValue,33986.63510263114,11409.91891798045,33986.63510263114,1334.57,33986.63510263064
