,GeneratorProfitDual,TotalCostDispatch,RTGeneratorProfitDual,gap,SSProfit
ObjectiveValue,33986.63510263129,11409.918917980267,33986.63510263129,2097.37,33986.635102630615
