,GeneratorProfitDual,TotalCostDispatch,RTGeneratorProfitDual,gap,SSProfit
ObjectiveValue,27096.794129354384,21978.82581261474,27096.794129354384,0.0,27096.79412935411
