,GeneratorProfitDual,TotalCostDispatch,RTGeneratorProfitDual,gap,SSProfit
ObjectiveValue,17858.10829401548,275354.694382641,17858.10829401548,2143.65,17914.408502471782
