,GeneratorProfitDual,TotalCostDispatch,RTGeneratorProfitDual,gap,SSProfit
ObjectiveValue,31247.53119920784,121012.3652249299,31247.53119920784,30246.9,31247.53119920351
