,GeneratorProfitDual,TotalCostDispatch,RTGeneratorProfitDual,gap,SSProfit
ObjectiveValue,31247.531199206325,121012.36522493024,31247.531199206325,0.0,31247.531199203517
