,GeneratorProfitDual,TotalCostDispatch,RTGeneratorProfitDual,gap,SSProfit
ObjectiveValue,49595.16091062907,174349.53670904876,49595.16091062907,3313.91,49704.009836143
