,GeneratorProfitDual,TotalCostDispatch,RTGeneratorProfitDual,gap,SSProfit
ObjectiveValue,12309.783204494533,501442.97678489285,12309.783204494533,307.526,12636.767152671178
