,GeneratorProfitDual,TotalCostDispatch,RTGeneratorProfitDual,gap,SSProfit
ObjectiveValue,-17129247738.612148,310768.73377366667,-17129247738.612148,0.0,-21086283.79860418
