,GeneratorProfitDual,TotalCostDispatch,RTGeneratorProfitDual,gap,SSProfit
ObjectiveValue,5613.380660556865,65097.82914271104,5613.380660556865,31.9017,6099.2758606891975
