,GeneratorProfitDual,TotalCostDispatch,RTGeneratorProfitDual,gap,SSProfit
ObjectiveValue,7912.531661569714,359312.2558588681,7912.531661569714,0.0,8053.542396000001
