,GeneratorProfitDual,TotalCostDispatch,RTGeneratorProfitDual,gap,SSProfit
ObjectiveValue,-2027065599.5546796,29144.764035794156,-2027065599.5546796,0.0,15760184.290734788
