,GeneratorProfitDual,TotalCostDispatch,RTGeneratorProfitDual,gap,SSProfit
ObjectiveValue,6175.019148193034,63042.28741766371,6175.019148193034,0.0,6175.019148202029
