,GeneratorProfitDual,TotalCostDispatch,RTGeneratorProfitDual,gap,SSProfit
ObjectiveValue,9457.175879740305,74822.54080177324,9457.175879740305,3144.27,9457.17587973949
