,GeneratorProfitDual,TotalCostDispatch,RTGeneratorProfitDual,gap,SSProfit
ObjectiveValue,9983.465450919492,74371.3076671047,9983.465450919492,68.3862,10048.327431171514
