,GeneratorProfitDual,TotalCostDispatch,RTGeneratorProfitDual,gap,SSProfit
ObjectiveValue,67785.28951393254,175717.32707508968,67785.28951393254,3295.43,67785.28951392711
