,GeneratorProfitDual,TotalCostDispatch,RTGeneratorProfitDual,gap,SSProfit
ObjectiveValue,21993.69250330397,171025.79269203832,21993.69250330397,0.0,21993.692503302937
