,GeneratorProfitDual,TotalCostDispatch,RTGeneratorProfitDual,gap,SSProfit
ObjectiveValue,1676.8614292541038,42490.590340018556,1676.8614292541038,30.3916,3029.3293840946435
