,GeneratorProfitDual,TotalCostDispatch,RTGeneratorProfitDual,gap,SSProfit
ObjectiveValue,50259.10210258767,261444.91285520417,50259.10210258767,12168.6,50330.479104719714
