,GeneratorProfitDual,TotalCostDispatch,RTGeneratorProfitDual,gap,SSProfit
ObjectiveValue,12472.195080770132,26664.60478881486,12472.195080770132,313.492,12472.195080769714
