,GeneratorProfitDual,TotalCostDispatch,RTGeneratorProfitDual,gap,SSProfit
ObjectiveValue,1868.3852935990171,12387.418776960887,1868.3852935990171,0.0,1868.3852935973496
