,GeneratorProfitDual,TotalCostDispatch,RTGeneratorProfitDual,gap,SSProfit
ObjectiveValue,3717.4633533537362,84294.23420662303,3717.4633533537362,30.176,3717.4633533511096
