,GeneratorProfitDual,TotalCostDispatch,RTGeneratorProfitDual,gap,SSProfit
ObjectiveValue,9038.687184438899,645596.4773734533,9038.687184438899,80.5661,9368.46853663083
