,GeneratorProfitDual,TotalCostDispatch,RTGeneratorProfitDual,gap,SSProfit
ObjectiveValue,64115.45094449021,93677.73473851896,64115.45094449021,4674.04,64115.4509444863
