,GeneratorProfitDual,TotalCostDispatch,RTGeneratorProfitDual,gap,SSProfit
ObjectiveValue,58753.189658604824,280497.9117033144,58753.189658604824,9291.88,58972.37519749385
