,GeneratorProfitDual,TotalCostDispatch,RTGeneratorProfitDual,gap,SSProfit
ObjectiveValue,58753.18965860655,280497.91170331446,58753.18965860655,785.629,58972.375197494235
