,GeneratorProfitDual,TotalCostDispatch,RTGeneratorProfitDual,gap,SSProfit
ObjectiveValue,-1941313609.9195616,302367.87467228307,-1941313609.9195616,0.0,5965857.045118176
