,GeneratorProfitDual,TotalCostDispatch,RTGeneratorProfitDual,gap,SSProfit
ObjectiveValue,-1934800785.197892,302367.87467228295,-1934800785.197892,0.0,5965857.045118176
