,GeneratorProfitDual,TotalCostDispatch,RTGeneratorProfitDual,gap,SSProfit
ObjectiveValue,35779.63256802559,443121.24196041917,35779.63256802559,92.3624,35779.632568021516
