,GeneratorProfitDual,TotalCostDispatch,RTGeneratorProfitDual,gap,SSProfit
ObjectiveValue,69549.83523624629,191561.4248234525,69549.83523624629,12078.0,69549.83523624507
