,GeneratorProfitDual,TotalCostDispatch,RTGeneratorProfitDual,gap,SSProfit
ObjectiveValue,62044.913216642766,189501.2507127256,62044.913216642766,18716.3,62044.9132166419
