,GeneratorProfitDual,TotalCostDispatch,RTGeneratorProfitDual,gap,SSProfit
ObjectiveValue,84109.63070312222,188586.74351635313,84109.63070312222,841.06,97557.85003256425
