,GeneratorProfitDual,TotalCostDispatch,RTGeneratorProfitDual,gap,SSProfit
ObjectiveValue,28908.156492641607,187457.00921935952,28908.156492641607,20972.2,28908.156492640752
