,GeneratorProfitDual,TotalCostDispatch,RTGeneratorProfitDual,gap,SSProfit
ObjectiveValue,30684.391187091995,187323.41998834503,30684.391187091995,819.188,31274.95348408396
