,GeneratorProfitDual,TotalCostDispatch,RTGeneratorProfitDual,gap,SSProfit
ObjectiveValue,8639.18020194671,386675.22940370237,8639.18020194671,66.4367,8643.775031082067
