,GeneratorProfitDual,TotalCostDispatch,RTGeneratorProfitDual,gap,SSProfit
ObjectiveValue,1625.76954728791,406000.07693965756,1625.76954728791,4.30246,1625.769547282515
