,GeneratorProfitDual,TotalCostDispatch,RTGeneratorProfitDual,gap,SSProfit
ObjectiveValue,39373.7430286866,324810.1656608742,39373.7430286866,658.589,39410.04387721814
