,GeneratorProfitDual,TotalCostDispatch,RTGeneratorProfitDual,gap,SSProfit
ObjectiveValue,39345.42135969853,324822.4827950149,39345.42135969853,464.552,39345.421359696964
