,GeneratorProfitDual,TotalCostDispatch,RTGeneratorProfitDual,gap,SSProfit
ObjectiveValue,27027.684335094353,177694.7283403267,27027.684335094353,0.0,27081.58162765102
