,GeneratorProfitDual,TotalCostDispatch,RTGeneratorProfitDual,gap,SSProfit
ObjectiveValue,26390.975308408186,177836.87107466217,26390.975308408186,12426.3,28324.516772740848
