,GeneratorProfitDual,TotalCostDispatch,RTGeneratorProfitDual,gap,SSProfit
ObjectiveValue,-1701513870.7411726,63657.30841357028,-1701513870.7411726,0.0,16554941.805579187
