,GeneratorProfitDual,TotalCostDispatch,RTGeneratorProfitDual,gap,SSProfit
ObjectiveValue,11636.714996816609,59640.56638313974,11636.714996816609,36559.3,11735.179240611853
