,GeneratorProfitDual,TotalCostDispatch,RTGeneratorProfitDual,gap,SSProfit
ObjectiveValue,11785.848764232107,60301.86906997319,11785.848764232107,20490.4,13740.261507242294
