,GeneratorProfitDual,TotalCostDispatch,RTGeneratorProfitDual,gap,SSProfit
ObjectiveValue,-1930207328.3897727,61046.79101353405,-1930207328.3897727,0.0,18659357.92798489
