,GeneratorProfitDual,TotalCostDispatch,RTGeneratorProfitDual,gap,SSProfit
ObjectiveValue,-1937650354.1242998,63657.30841357026,-1937650354.1242998,0.0,17084081.57486617
