,GeneratorProfitDual,TotalCostDispatch,RTGeneratorProfitDual,gap,SSProfit
ObjectiveValue,-15923304657.771662,227330.73571065965,-15923304657.771662,0.0,-28871327.27563588
