,GeneratorProfitDual,TotalCostDispatch,RTGeneratorProfitDual,gap,SSProfit
ObjectiveValue,22103.61687927478,119306.63854071705,22103.61687927478,48345.4,22103.61687927101
