,GeneratorProfitDual,TotalCostDispatch,RTGeneratorProfitDual,gap,SSProfit
ObjectiveValue,22103.6168792735,119306.63854071709,22103.6168792735,107222.0,22103.61687927101
