,GeneratorProfitDual,TotalCostDispatch,RTGeneratorProfitDual,gap,SSProfit
ObjectiveValue,66539.49220587373,93677.73473852164,66539.49220587373,8113.11,66539.49220587352
