,GeneratorProfitDual,TotalCostDispatch,RTGeneratorProfitDual,gap,SSProfit
ObjectiveValue,66718.64151917346,93732.28731451207,66718.64151917346,2471.08,66718.64151917226
