,GeneratorProfitDual,TotalCostDispatch,RTGeneratorProfitDual,gap,SSProfit
ObjectiveValue,66539.49220594349,93677.73473852163,66539.49220594349,36279.7,66539.49220595478
