,GeneratorProfitDual,TotalCostDispatch,RTGeneratorProfitDual,gap,SSProfit
ObjectiveValue,60680.79982086229,149701.6594289658,60680.79982086229,12084.0,60733.96723031851
