,GeneratorProfitDual,TotalCostDispatch,RTGeneratorProfitDual,gap,SSProfit
ObjectiveValue,68740.40714011336,106247.99625197687,68740.40714011336,686.374,68807.8742382775
