,GeneratorProfitDual,TotalCostDispatch,RTGeneratorProfitDual,gap,SSProfit
ObjectiveValue,3227.1014075232906,73892.57023653484,3227.1014075232906,33.5354,3227.1014075225075
