,GeneratorProfitDual,TotalCostDispatch,RTGeneratorProfitDual,gap,SSProfit
ObjectiveValue,3227.1014075230714,73892.57023653487,3227.1014075230714,93.4189,3227.101407522489
