,GeneratorProfitDual,TotalCostDispatch,RTGeneratorProfitDual,gap,SSProfit
ObjectiveValue,3227.101407523146,73892.5702365349,3227.101407523146,0.0,3227.101407522489
