,GeneratorProfitDual,TotalCostDispatch,RTGeneratorProfitDual,gap,SSProfit
ObjectiveValue,-1915772314.9177377,209676.29090218947,-1915772314.9177377,0.0,13747734.455027465
