,GeneratorProfitDual,TotalCostDispatch,RTGeneratorProfitDual,gap,SSProfit
ObjectiveValue,-7590.741892705388,129004.30704885884,-7590.741892705388,0.0,2686.6332152093446
