,GeneratorProfitDual,TotalCostDispatch,RTGeneratorProfitDual,gap,SSProfit
ObjectiveValue,7200.999346392562,126275.57592933754,7200.999346392562,52093.0,7200.999346390516
