,GeneratorProfitDual,TotalCostDispatch,RTGeneratorProfitDual,gap,SSProfit
ObjectiveValue,6777.879587278248,81499.93695391959,6777.879587278248,0.0,6777.879587277801
