,GeneratorProfitDual,TotalCostDispatch,RTGeneratorProfitDual,gap,SSProfit
ObjectiveValue,12706.365760632336,449248.6763949856,12706.365760632336,44.105,12706.420029912937
