,GeneratorProfitDual,TotalCostDispatch,RTGeneratorProfitDual,gap,SSProfit
ObjectiveValue,7224.107019381214,122400.29470830614,7224.107019381214,63.5021,7876.673886000002
