,GeneratorProfitDual,TotalCostDispatch,RTGeneratorProfitDual,gap,SSProfit
ObjectiveValue,73523.30569948725,210824.9139226693,73523.30569948725,0.0,73523.30569948604
