,GeneratorProfitDual,TotalCostDispatch,RTGeneratorProfitDual,gap,SSProfit
ObjectiveValue,71541.24296173312,210824.98303427952,71541.24296173312,10782.7,71586.5447516346
