,GeneratorProfitDual,TotalCostDispatch,RTGeneratorProfitDual,gap,SSProfit
ObjectiveValue,30826.18012044229,166894.58954493536,30826.18012044229,584.16,30826.18012044146
