,GeneratorProfitDual,TotalCostDispatch,RTGeneratorProfitDual,gap,SSProfit
ObjectiveValue,2588.543159837605,17675.97388839756,2588.543159837605,20.8594,2588.5431598371474
