,GeneratorProfitDual,TotalCostDispatch,RTGeneratorProfitDual,gap,SSProfit
ObjectiveValue,-1946664393.0881119,368319.0626370336,-1946664393.0881119,0.0,9653939.585153162
