,GeneratorProfitDual,TotalCostDispatch,RTGeneratorProfitDual,gap,SSProfit
ObjectiveValue,7166.081702672343,171051.9594504591,7166.081702672343,42.058,7166.081702671089
