,GeneratorProfitDual,TotalCostDispatch,RTGeneratorProfitDual,gap,SSProfit
ObjectiveValue,2339.610235620489,485590.5289818871,2339.610235620489,8.45368,2523.28019046322
