,GeneratorProfitDual,TotalCostDispatch,RTGeneratorProfitDual,gap,SSProfit
ObjectiveValue,7928.762634006962,154334.65314014626,7928.762634006962,0.0,7928.76263400006
