,GeneratorProfitDual,TotalCostDispatch,RTGeneratorProfitDual,gap,SSProfit
ObjectiveValue,87849.54147660904,322308.7401759602,87849.54147660904,3798.89,87849.54147660697
