,GeneratorProfitDual,TotalCostDispatch,RTGeneratorProfitDual,gap,SSProfit
ObjectiveValue,87849.5414766099,322308.74017596006,87849.5414766099,9006.69,87849.54147660702
