,GeneratorProfitDual,TotalCostDispatch,RTGeneratorProfitDual,gap,SSProfit
ObjectiveValue,35584.01227513904,529867.575538256,35584.01227513904,1574.77,35584.01227514121
