,GeneratorProfitDual,TotalCostDispatch,RTGeneratorProfitDual,gap,SSProfit
ObjectiveValue,35584.01227514452,529867.5755382557,35584.01227514452,365.583,35584.012275141235
