,GeneratorProfitDual,TotalCostDispatch,RTGeneratorProfitDual,gap,SSProfit
ObjectiveValue,54266.23331785591,154334.65314014998,54266.23331785591,923.23,54266.23331785335
