,GeneratorProfitDual,TotalCostDispatch,RTGeneratorProfitDual,gap,SSProfit
ObjectiveValue,-1919565594.640547,202839.62481679505,-1919565594.640547,0.0,13947734.455027465
