,GeneratorProfitDual,TotalCostDispatch,RTGeneratorProfitDual,gap,SSProfit
ObjectiveValue,108469.15577340977,188832.7604992143,108469.15577340977,17038.3,108469.15577340755
