,GeneratorProfitDual,TotalCostDispatch,RTGeneratorProfitDual,gap,SSProfit
ObjectiveValue,49671.41440076776,209567.0593184423,49671.41440076776,48.0251,49762.779697432285
