,GeneratorProfitDual,TotalCostDispatch,RTGeneratorProfitDual,gap,SSProfit
ObjectiveValue,44916.3941380252,498322.7735157944,44916.3941380252,464.306,44916.394138021635
