,GeneratorProfitDual,TotalCostDispatch,RTGeneratorProfitDual,gap,SSProfit
ObjectiveValue,-2002806683.0415986,81218.76670228962,-2002806683.0415986,0.0,13089201.448831419
