,GeneratorProfitDual,TotalCostDispatch,RTGeneratorProfitDual,gap,SSProfit
ObjectiveValue,25961.299205433777,580278.4791467527,25961.299205433777,224.637,26055.176521371104
