,GeneratorProfitDual,TotalCostDispatch,RTGeneratorProfitDual,gap,SSProfit
ObjectiveValue,17743.820777537723,505620.31795099063,17743.820777537723,49.9079,17836.854478000478
