,GeneratorProfitDual,TotalCostDispatch,RTGeneratorProfitDual,gap,SSProfit
ObjectiveValue,33940.33176263425,402815.27363431157,33940.33176263425,228.342,33993.94639414782
