,GeneratorProfitDual,TotalCostDispatch,RTGeneratorProfitDual,gap,SSProfit
ObjectiveValue,-15207184052.768639,420546.03602728585,-15207184052.768639,0.0,-16768855.417657977
