,GeneratorProfitDual,TotalCostDispatch,RTGeneratorProfitDual,gap,SSProfit
ObjectiveValue,87942.2688901486,454894.74083043874,87942.2688901486,597.508,88158.00732951648
