,GeneratorProfitDual,TotalCostDispatch,RTGeneratorProfitDual,gap,SSProfit
ObjectiveValue,88319.59983593097,454894.35991004936,88319.59983593097,924.702,88471.24433221428
