,GeneratorProfitDual,TotalCostDispatch,RTGeneratorProfitDual,gap,SSProfit
ObjectiveValue,43195.11408289322,120331.93891324085,43195.11408289322,1854.45,43206.86977919712
