,GeneratorProfitDual,TotalCostDispatch,RTGeneratorProfitDual,gap,SSProfit
ObjectiveValue,44966.57190882489,120331.93891324094,44966.57190882489,566.584,44936.11081441712
