,GeneratorProfitDual,TotalCostDispatch,RTGeneratorProfitDual,gap,SSProfit
ObjectiveValue,-18109235217.80568,80810.90490285937,-18109235217.80568,0.0,-23738456.101432923
