,GeneratorProfitDual,TotalCostDispatch,RTGeneratorProfitDual,gap,SSProfit
ObjectiveValue,54843.06260585726,73392.06809262522,54843.06260585726,16801.6,54843.08247491652
