,GeneratorProfitDual,TotalCostDispatch,RTGeneratorProfitDual,gap,SSProfit
ObjectiveValue,38638.78298835155,72961.75858864479,38638.78298835155,704.833,39405.0561726497
