,GeneratorProfitDual,TotalCostDispatch,RTGeneratorProfitDual,gap,SSProfit
ObjectiveValue,-2000408934.5019104,102801.04404413316,-2000408934.5019104,0.0,8982038.038410986
