,GeneratorProfitDual,TotalCostDispatch,RTGeneratorProfitDual,gap,SSProfit
ObjectiveValue,22375.100910976842,439789.9676295888,22375.100910976842,4266.67,22712.773070317075
