,GeneratorProfitDual,TotalCostDispatch,RTGeneratorProfitDual,gap,SSProfit
ObjectiveValue,-16385051938.847878,331493.9576387277,-16385051938.847878,0.0,-18153376.303910192
