,GeneratorProfitDual,TotalCostDispatch,RTGeneratorProfitDual,gap,SSProfit
ObjectiveValue,-14791110900.66353,10648.033512394035,-14791110900.66353,0.0,-7085099.581815749
