,GeneratorProfitDual,TotalCostDispatch,RTGeneratorProfitDual,gap,SSProfit
ObjectiveValue,33858.917769276704,66541.6721255606,33858.917769276704,701.432,33858.91776927572
