,GeneratorProfitDual,TotalCostDispatch,RTGeneratorProfitDual,gap,SSProfit
ObjectiveValue,7935.827091223063,224691.64256182054,7935.827091223063,7.35359,7935.827091228128
