,GeneratorProfitDual,TotalCostDispatch,RTGeneratorProfitDual,gap,SSProfit
ObjectiveValue,56824.69627001376,190867.05919849052,56824.69627001376,175.417,57061.68499137822
