,GeneratorProfitDual,TotalCostDispatch,RTGeneratorProfitDual,gap,SSProfit
ObjectiveValue,7928.76263400156,155580.54608206442,7928.76263400156,0.0,7928.762634000004
