,GeneratorProfitDual,TotalCostDispatch,RTGeneratorProfitDual,gap,SSProfit
ObjectiveValue,50932.367482115325,174867.52347470005,50932.367482115325,301.135,51218.95732779098
