,GeneratorProfitDual,TotalCostDispatch,RTGeneratorProfitDual,gap,SSProfit
ObjectiveValue,36899.848543848886,48647.58423156465,36899.848543848886,1092.76,37506.37038051547
