,GeneratorProfitDual,TotalCostDispatch,RTGeneratorProfitDual,gap,SSProfit
ObjectiveValue,21567.697161686796,105623.97659417747,21567.697161686796,8782.1,21567.69716168636
