,GeneratorProfitDual,TotalCostDispatch,RTGeneratorProfitDual,gap,SSProfit
ObjectiveValue,74095.09207537692,112100.58746381543,74095.09207537692,801.804,74410.53891255433
