,GeneratorProfitDual,TotalCostDispatch,RTGeneratorProfitDual,gap,SSProfit
ObjectiveValue,55573.180452104,261382.63303681687,55573.180452104,3422.55,55573.18045210314
