,GeneratorProfitDual,TotalCostDispatch,RTGeneratorProfitDual,gap,SSProfit
ObjectiveValue,88723.79714787664,246361.69253160147,88723.79714787664,1117.65,89417.12080865733
