,GeneratorProfitDual,TotalCostDispatch,RTGeneratorProfitDual,gap,SSProfit
ObjectiveValue,31973.44157332711,232343.12509967433,31973.44157332711,5939.48,32496.2159248302
