,GeneratorProfitDual,TotalCostDispatch,RTGeneratorProfitDual,gap,SSProfit
ObjectiveValue,40287.079782569286,234204.49178055165,40287.079782569286,2372.25,44273.92918989911
