,GeneratorProfitDual,TotalCostDispatch,RTGeneratorProfitDual,gap,SSProfit
ObjectiveValue,1534.515194044436,38274.43540018885,1534.515194044436,755.568,1534.5151940431786
