,GeneratorProfitDual,TotalCostDispatch,RTGeneratorProfitDual,gap,SSProfit
ObjectiveValue,2818.7481297324657,14017.891272984352,2818.7481297324657,0.0,2818.7481297315844
