,GeneratorProfitDual,TotalCostDispatch,RTGeneratorProfitDual,gap,SSProfit
ObjectiveValue,32126.51772371791,226570.91239768098,32126.51772371791,0.0,32214.804509765963
