,GeneratorProfitDual,TotalCostDispatch,RTGeneratorProfitDual,gap,SSProfit
ObjectiveValue,32894.743393150915,226607.00214032573,32894.743393150915,0.0,33006.514885541575
