,GeneratorProfitDual,TotalCostDispatch,RTGeneratorProfitDual,gap,SSProfit
ObjectiveValue,30486.60701955148,320878.09112084896,30486.60701955148,230.886,30504.40911983722
