,GeneratorProfitDual,TotalCostDispatch,RTGeneratorProfitDual,gap,SSProfit
ObjectiveValue,38777.57950737742,589921.5904512235,38777.57950737742,398.383,39153.29556608164
