,GeneratorProfitDual,TotalCostDispatch,RTGeneratorProfitDual,gap,SSProfit
ObjectiveValue,38161.93117110169,589920.3060912554,38161.93117110169,394.239,38978.77042676839
