,GeneratorProfitDual,TotalCostDispatch,RTGeneratorProfitDual,gap,SSProfit
ObjectiveValue,73622.02654172147,171916.01198592433,73622.02654172147,735.421,73622.02654171987
