,GeneratorProfitDual,TotalCostDispatch,RTGeneratorProfitDual,gap,SSProfit
ObjectiveValue,-1929306501.6237466,326302.36211154173,-1929306501.6237466,0.0,10550697.280370126
