,GeneratorProfitDual,TotalCostDispatch,RTGeneratorProfitDual,gap,SSProfit
ObjectiveValue,-1929279857.5479412,299658.28630594205,-1929279857.5479412,0.0,10964995.74781268
