,GeneratorProfitDual,TotalCostDispatch,RTGeneratorProfitDual,gap,SSProfit
ObjectiveValue,-1977763569.604942,299320.94268532924,-1977763569.604942,0.0,9349932.401143465
