,GeneratorProfitDual,TotalCostDispatch,RTGeneratorProfitDual,gap,SSProfit
ObjectiveValue,74847.83462489549,299621.6048279501,74847.83462489549,4108.43,75970.0611867019
