,GeneratorProfitDual,TotalCostDispatch,RTGeneratorProfitDual,gap,SSProfit
ObjectiveValue,68071.70490800544,306397.7345448404,68071.70490800544,748.455,68105.09876885414
