,GeneratorProfitDual,TotalCostDispatch,RTGeneratorProfitDual,gap,SSProfit
ObjectiveValue,62668.14047182899,379026.2453544005,62668.14047182899,212.638,62804.687948142375
