,GeneratorProfitDual,TotalCostDispatch,RTGeneratorProfitDual,gap,SSProfit
ObjectiveValue,1619.3400371879711,231025.38589019715,1619.3400371879711,4.09782,1680.4446676327823
