,GeneratorProfitDual,TotalCostDispatch,RTGeneratorProfitDual,gap,SSProfit
ObjectiveValue,26084.55614708538,129593.51225572718,26084.55614708538,6847.42,26378.397876614985
