,GeneratorProfitDual,TotalCostDispatch,RTGeneratorProfitDual,gap,SSProfit
ObjectiveValue,23470.97767601885,129560.250405407,23470.96302201658,0.0,23470.977676018527
