,GeneratorProfitDual,TotalCostDispatch,RTGeneratorProfitDual,gap,SSProfit
ObjectiveValue,96010.88871753759,349293.1584588889,96010.88871753759,414.667,96010.88871753363
