,GeneratorProfitDual,TotalCostDispatch,RTGeneratorProfitDual,gap,SSProfit
ObjectiveValue,68455.91228578868,232075.31092211313,68455.91228578868,11284.1,68455.9122857879
