,GeneratorProfitDual,TotalCostDispatch,RTGeneratorProfitDual,gap,SSProfit
ObjectiveValue,42759.061718352445,177239.92182161796,42759.061718352445,8336.63,42759.061718350975
