,GeneratorProfitDual,TotalCostDispatch,RTGeneratorProfitDual,gap,SSProfit
ObjectiveValue,42759.061718352306,177239.9218216182,42759.061718352306,543.942,42759.061718351004
