,GeneratorProfitDual,TotalCostDispatch,RTGeneratorProfitDual,gap,SSProfit
ObjectiveValue,19466.619981114578,263387.3941860107,19466.619981114578,234.774,19466.49896947195
