,GeneratorProfitDual,TotalCostDispatch,RTGeneratorProfitDual,gap,SSProfit
ObjectiveValue,7003.195497468133,48032.04403473053,7003.195497468133,5629.75,7003.195497465916
