,GeneratorProfitDual,TotalCostDispatch,RTGeneratorProfitDual,gap,SSProfit
ObjectiveValue,7003.195497468311,48032.04403473045,7003.195497468311,95.391,7003.1954974659175
