,GeneratorProfitDual,TotalCostDispatch,RTGeneratorProfitDual,gap,SSProfit
ObjectiveValue,7711.478801972483,201766.55160295614,7711.478801972483,0.0,7928.762633999997
