,GeneratorProfitDual,TotalCostDispatch,RTGeneratorProfitDual,gap,SSProfit
ObjectiveValue,18751.587752208543,150591.37979675437,18751.587752208543,212.716,18803.24503512009
