,GeneratorProfitDual,TotalCostDispatch,RTGeneratorProfitDual,gap,SSProfit
ObjectiveValue,12153.537989408209,673303.6102507754,12153.537989408209,0.0,12296.969372737942
