,GeneratorProfitDual,TotalCostDispatch,RTGeneratorProfitDual,gap,SSProfit
ObjectiveValue,12240.145148541173,673298.8930421943,12240.145148541173,35.3039,12296.788422646963
