,GeneratorProfitDual,TotalCostDispatch,RTGeneratorProfitDual,gap,SSProfit
ObjectiveValue,2433.869690421102,396406.804946438,2433.869690421102,18.4748,2552.4352467007257
