,GeneratorProfitDual,TotalCostDispatch,RTGeneratorProfitDual,gap,SSProfit
ObjectiveValue,14635.182133113876,133965.8651493237,14635.182133113876,1691.97,15304.373792797449
