,GeneratorProfitDual,TotalCostDispatch,RTGeneratorProfitDual,gap,SSProfit
ObjectiveValue,7824.984169213731,137134.69897329234,7824.984169213731,29.0339,7875.661743128868
