,GeneratorProfitDual,TotalCostDispatch,RTGeneratorProfitDual,gap,SSProfit
ObjectiveValue,50607.50694619128,423440.86234954227,50607.50694619128,287.967,50607.50694618539
