,GeneratorProfitDual,TotalCostDispatch,RTGeneratorProfitDual,gap,SSProfit
ObjectiveValue,8553.139962175053,673347.239816939,8553.139962175053,0.0,8685.398574000012
