,GeneratorProfitDual,TotalCostDispatch,RTGeneratorProfitDual,gap,SSProfit
ObjectiveValue,3692.9787511180907,428642.582222781,3692.9787511180907,30.1617,3854.285337984316
