,GeneratorProfitDual,TotalCostDispatch,RTGeneratorProfitDual,gap,SSProfit
ObjectiveValue,-1994117712.586201,29144.764035794156,-1994117712.586201,0.0,15774507.765575575
