,GeneratorProfitDual,TotalCostDispatch,RTGeneratorProfitDual,gap,SSProfit
ObjectiveValue,8120.9828123720545,50653.444570938154,8120.9828123720545,47.5596,8120.982812372019
