,GeneratorProfitDual,TotalCostDispatch,RTGeneratorProfitDual,gap,SSProfit
ObjectiveValue,37967.7256057868,217019.52492971712,37967.7256057868,420.003,38080.202221491876
