,GeneratorProfitDual,TotalCostDispatch,RTGeneratorProfitDual,gap,SSProfit
ObjectiveValue,-20870548714.186504,216991.09151598797,-20870548714.186504,0.0,-54526311.74356312
