,GeneratorProfitDual,TotalCostDispatch,RTGeneratorProfitDual,gap,SSProfit
ObjectiveValue,38114.69279227492,216991.09151598683,38114.69279227492,414.435,38191.54875217867
