,GeneratorProfitDual,TotalCostDispatch,RTGeneratorProfitDual,gap,SSProfit
ObjectiveValue,40636.87911169441,143094.3652977929,40636.87911169441,3562.35,40639.34243877167
