,GeneratorProfitDual,TotalCostDispatch,RTGeneratorProfitDual,gap,SSProfit
ObjectiveValue,40634.66793620656,143096.5764732807,40634.66793620656,5363.13,40639.34243877165
