,GeneratorProfitDual,TotalCostDispatch,RTGeneratorProfitDual,gap,SSProfit
ObjectiveValue,-14904839433.714413,24187.981510127604,-14904839433.714413,0.0,-53864294.19997115
