,GeneratorProfitDual,TotalCostDispatch,RTGeneratorProfitDual,gap,SSProfit
ObjectiveValue,1035.8384152500585,453243.2651509789,1035.8384152500585,0.0,1233.3120089999934
