,GeneratorProfitDual,TotalCostDispatch,RTGeneratorProfitDual,gap,SSProfit
ObjectiveValue,1332.3543638511442,502594.23093732074,1332.3543638511442,0.555872,1431.0377659319752
