,GeneratorProfitDual,TotalCostDispatch,RTGeneratorProfitDual,gap,SSProfit
ObjectiveValue,3974.76788165957,174857.34204927352,3974.76788165957,1.25298,3984.113638167117
