,GeneratorProfitDual,TotalCostDispatch,RTGeneratorProfitDual,gap,SSProfit
ObjectiveValue,51408.03941331305,306706.46304718923,51408.03941331305,0.0,51403.56911031036
