,GeneratorProfitDual,TotalCostDispatch,RTGeneratorProfitDual,gap,SSProfit
ObjectiveValue,95815.70483102811,489828.92836059356,95815.70483102811,16084.7,95974.58863031826
