,GeneratorProfitDual,TotalCostDispatch,RTGeneratorProfitDual,gap,SSProfit
ObjectiveValue,7928.762634007261,276939.47403423797,7928.762634007261,0.0,7928.762634000077
