,GeneratorProfitDual,TotalCostDispatch,RTGeneratorProfitDual,gap,SSProfit
ObjectiveValue,48741.27814481308,74602.78146242727,48741.27814481308,8108.07,48741.27814481219
