,GeneratorProfitDual,TotalCostDispatch,RTGeneratorProfitDual,gap,SSProfit
ObjectiveValue,48741.278144813165,74602.78146242727,48741.278144813165,25520.8,48741.27814481214
