,GeneratorProfitDual,TotalCostDispatch,RTGeneratorProfitDual,gap,SSProfit
ObjectiveValue,48741.278144813245,74602.78146242727,48741.278144813245,844.945,48741.27814481212
