,GeneratorProfitDual,TotalCostDispatch,RTGeneratorProfitDual,gap,SSProfit
ObjectiveValue,31776.030052883616,310771.39152697864,31776.030052883616,603.513,31783.112910854477
