,GeneratorProfitDual,TotalCostDispatch,RTGeneratorProfitDual,gap,SSProfit
ObjectiveValue,3747.0974849724525,201766.55160295614,3747.0974849724525,0.0,3964.381316999989
