,GeneratorProfitDual,TotalCostDispatch,RTGeneratorProfitDual,gap,SSProfit
ObjectiveValue,43090.222177095005,112976.09700385306,43090.222177095005,19820.5,43090.222177088275
