,GeneratorProfitDual,TotalCostDispatch,RTGeneratorProfitDual,gap,SSProfit
ObjectiveValue,43090.22217709594,112976.09700385302,43090.22217709594,0.0,43090.222177088275
