,GeneratorProfitDual,TotalCostDispatch,RTGeneratorProfitDual,gap,SSProfit
ObjectiveValue,3702.6520729801155,113640.53355709086,3702.6520729801155,0.0,3779.5440059999964
