,GeneratorProfitDual,TotalCostDispatch,RTGeneratorProfitDual,gap,SSProfit
ObjectiveValue,29721.181135862636,95569.80442628618,29721.181135862636,163.479,29721.18113586175
