,GeneratorProfitDual,TotalCostDispatch,RTGeneratorProfitDual,gap,SSProfit
ObjectiveValue,29721.181135862793,95569.80442628614,29721.181135862793,22033.0,29721.181135861756
