,GeneratorProfitDual,TotalCostDispatch,RTGeneratorProfitDual,gap,SSProfit
ObjectiveValue,23714.19714765859,258164.8582578416,23714.19714765859,217.845,23781.256338455805
