,GeneratorProfitDual,TotalCostDispatch,RTGeneratorProfitDual,gap,SSProfit
ObjectiveValue,20531.4387084902,261382.63303681693,20531.4387084902,190.938,20531.438708488524
