,GeneratorProfitDual,TotalCostDispatch,RTGeneratorProfitDual,gap,SSProfit
ObjectiveValue,-16515478588.676561,388367.43502446834,-16515478588.676561,0.0,-10862091.288937548
