,GeneratorProfitDual,TotalCostDispatch,RTGeneratorProfitDual,gap,SSProfit
ObjectiveValue,29211.105207251076,280980.16283730895,29211.105207251076,121.71,29590.92503619635
