,GeneratorProfitDual,TotalCostDispatch,RTGeneratorProfitDual,gap,SSProfit
ObjectiveValue,29651.925269338717,280788.1238720543,29651.925269338717,294.183,30097.29793569862
