,GeneratorProfitDual,TotalCostDispatch,RTGeneratorProfitDual,gap,SSProfit
ObjectiveValue,21956.23362776228,21763.015731539603,21956.23362776228,340.16,21956.233627762085
