,GeneratorProfitDual,TotalCostDispatch,RTGeneratorProfitDual,gap,SSProfit
ObjectiveValue,21956.233627762525,21763.015731539606,21956.233627762525,228.152,21956.233627762096
