,GeneratorProfitDual,TotalCostDispatch,RTGeneratorProfitDual,gap,SSProfit
ObjectiveValue,18740.584879154987,30445.669329450186,18740.584879154987,10808.6,18740.58487915475
