,GeneratorProfitDual,TotalCostDispatch,RTGeneratorProfitDual,gap,SSProfit
ObjectiveValue,4038.1027029977195,254903.7551054926,4038.1027029977195,1.1983,4022.300895000005
