,GeneratorProfitDual,TotalCostDispatch,RTGeneratorProfitDual,gap,SSProfit
ObjectiveValue,56922.327311379304,380744.7858297941,56922.327311379304,0.0,57045.844798310594
