,GeneratorProfitDual,TotalCostDispatch,RTGeneratorProfitDual,gap,SSProfit
ObjectiveValue,6824.5049445691575,75854.06015639011,6824.5049445691575,0.0,6824.5049445682625
