,GeneratorProfitDual,TotalCostDispatch,RTGeneratorProfitDual,gap,SSProfit
ObjectiveValue,50762.07025435217,177239.9218216182,50762.07025435217,697.461,50762.07025435098
