,GeneratorProfitDual,TotalCostDispatch,RTGeneratorProfitDual,gap,SSProfit
ObjectiveValue,63570.20748076559,191662.83589571866,63570.20748076559,793.066,63570.96470104863
