,GeneratorProfitDual,TotalCostDispatch,RTGeneratorProfitDual,gap,SSProfit
ObjectiveValue,32629.318068831253,186938.63992881012,32629.318068831253,653.304,34684.08743150342
