,GeneratorProfitDual,TotalCostDispatch,RTGeneratorProfitDual,gap,SSProfit
ObjectiveValue,-19420221170.66469,344862.2360518031,-19420221170.66469,0.0,-31544556.105583545
