,GeneratorProfitDual,TotalCostDispatch,RTGeneratorProfitDual,gap,SSProfit
ObjectiveValue,84283.95650462032,172202.77939434952,84283.95650462032,840.471,84283.95650461919
