,GeneratorProfitDual,TotalCostDispatch,RTGeneratorProfitDual,gap,SSProfit
ObjectiveValue,88764.87377209059,246320.6159073875,88764.87377209059,1154.33,89626.06311311359
