,GeneratorProfitDual,TotalCostDispatch,RTGeneratorProfitDual,gap,SSProfit
ObjectiveValue,112011.24043038354,247685.0616880159,112011.24043038354,1119.65,112011.2404303805
