,GeneratorProfitDual,TotalCostDispatch,RTGeneratorProfitDual,gap,SSProfit
ObjectiveValue,112013.89265539513,247690.7352331445,112013.89265539513,1118.14,112013.89265539276
