,GeneratorProfitDual,TotalCostDispatch,RTGeneratorProfitDual,gap,SSProfit
ObjectiveValue,88590.824229216,246523.55879048802,88590.824229216,1119.99,88590.82422921323
