,GeneratorProfitDual,TotalCostDispatch,RTGeneratorProfitDual,gap,SSProfit
ObjectiveValue,-1931924717.2644296,263456.9417788118,-1931924717.2644296,0.0,12043928.341760863
