,GeneratorProfitDual,TotalCostDispatch,RTGeneratorProfitDual,gap,SSProfit
ObjectiveValue,-1929235731.0685554,263456.94177881186,-1929235731.0685554,0.0,11992991.06362567
