,GeneratorProfitDual,TotalCostDispatch,RTGeneratorProfitDual,gap,SSProfit
ObjectiveValue,25403.08017590033,179535.1167290027,25403.08017590033,865.004,25503.44097188745
