,GeneratorProfitDual,TotalCostDispatch,RTGeneratorProfitDual,gap,SSProfit
ObjectiveValue,-15563908152.243843,178922.32703594852,-15563908152.243843,0.0,-22561391.723884884
