,GeneratorProfitDual,TotalCostDispatch,RTGeneratorProfitDual,gap,SSProfit
ObjectiveValue,-16955818769.75592,143072.15418011352,-16955818769.75592,0.0,-58463961.53653439
