,GeneratorProfitDual,TotalCostDispatch,RTGeneratorProfitDual,gap,SSProfit
ObjectiveValue,47837.2151848791,61831.39159975809,47837.2151848791,36289.9,48663.4382671818
