,GeneratorProfitDual,TotalCostDispatch,RTGeneratorProfitDual,gap,SSProfit
ObjectiveValue,2121.3044436138275,501900.2871347598,2121.3044436138275,21.2654,2289.491494464499
