,GeneratorProfitDual,TotalCostDispatch,RTGeneratorProfitDual,gap,SSProfit
ObjectiveValue,53142.30094328889,189379.13716601947,53142.30094328889,531.403,56176.31594123041
