,GeneratorProfitDual,TotalCostDispatch,RTGeneratorProfitDual,gap,SSProfit
ObjectiveValue,31007.33096444606,186965.49537885893,31007.33096444606,6313.79,31636.156116580278
