,GeneratorProfitDual,TotalCostDispatch,RTGeneratorProfitDual,gap,SSProfit
ObjectiveValue,-1951291632.8462121,162478.72077870418,-1951291632.8462121,0.0,14953574.866132919
