,GeneratorProfitDual,TotalCostDispatch,RTGeneratorProfitDual,gap,SSProfit
ObjectiveValue,19106.63083485826,74481.65280992062,19106.63083485826,38696.0,13217.016403726919
