,GeneratorProfitDual,TotalCostDispatch,RTGeneratorProfitDual,gap,SSProfit
ObjectiveValue,-1929463880.4047043,298532.77212699427,-1929463880.4047043,0.0,9689466.386057314
