,GeneratorProfitDual,TotalCostDispatch,RTGeneratorProfitDual,gap,SSProfit
ObjectiveValue,-1926774894.2088306,298532.7721269943,-1926774894.2088306,0.0,9689466.386057314
