,GeneratorProfitDual,TotalCostDispatch,RTGeneratorProfitDual,gap,SSProfit
ObjectiveValue,7420.207678261329,123044.91993758362,7420.207678261329,33.1321,7623.250344293785
