,GeneratorProfitDual,TotalCostDispatch,RTGeneratorProfitDual,gap,SSProfit
ObjectiveValue,74738.46821826235,235273.3878746552,74738.46821826235,0.0,51614.237219181305
