,GeneratorProfitDual,TotalCostDispatch,RTGeneratorProfitDual,gap,SSProfit
ObjectiveValue,6537.651084221088,18971.581678146384,6537.651084221088,11803.0,6537.651084220548
