,GeneratorProfitDual,TotalCostDispatch,RTGeneratorProfitDual,gap,SSProfit
ObjectiveValue,6537.651084220977,18971.581678146686,6537.651084220977,101.359,6537.651084220512
