,GeneratorProfitDual,TotalCostDispatch,RTGeneratorProfitDual,gap,SSProfit
ObjectiveValue,92535.83803683014,198182.78591293973,92535.83803683014,1799.92,92535.83803682441
