,GeneratorProfitDual,TotalCostDispatch,RTGeneratorProfitDual,gap,SSProfit
ObjectiveValue,3500.6591925386087,320008.45709957916,3500.6591925386087,0.0,3500.7071924692705
