,GeneratorProfitDual,TotalCostDispatch,RTGeneratorProfitDual,gap,SSProfit
ObjectiveValue,88585.13480962512,246529.44287605103,88585.13480962512,1009.91,88585.13480962277
