,GeneratorProfitDual,TotalCostDispatch,RTGeneratorProfitDual,gap,SSProfit
ObjectiveValue,2686.6136968495107,428618.64914812834,2686.6136968495107,26.6573,2714.7362230370504
