,GeneratorProfitDual,TotalCostDispatch,RTGeneratorProfitDual,gap,SSProfit
ObjectiveValue,27479.24224431595,129561.26390514949,27479.24224431595,9388.21,27864.97773941431
