,GeneratorProfitDual,TotalCostDispatch,RTGeneratorProfitDual,gap,SSProfit
ObjectiveValue,29582.48169832751,129629.2149315606,29582.48169832751,11687.7,29887.7779968427
