,GeneratorProfitDual,TotalCostDispatch,RTGeneratorProfitDual,gap,SSProfit
ObjectiveValue,29641.126588793373,129570.57004109504,29641.126588793373,78396.5,29870.937497501905
