,GeneratorProfitDual,TotalCostDispatch,RTGeneratorProfitDual,gap,SSProfit
ObjectiveValue,75695.81103121267,42324.838032874555,75695.81103121267,19748.4,78507.5347799416
