,GeneratorProfitDual,TotalCostDispatch,RTGeneratorProfitDual,gap,SSProfit
ObjectiveValue,-15969352430.823246,49807.84873970678,-15969352430.823246,0.0,-55770973.77454404
