,GeneratorProfitDual,TotalCostDispatch,RTGeneratorProfitDual,gap,SSProfit
ObjectiveValue,51456.22372348543,212859.93467173105,51456.22372348543,792.141,51804.21487613719
