,GeneratorProfitDual,TotalCostDispatch,RTGeneratorProfitDual,gap,SSProfit
ObjectiveValue,-9600.97555488173,87375.00365272314,-9600.97555488173,19691.3,-4255.657476669619
