,GeneratorProfitDual,TotalCostDispatch,RTGeneratorProfitDual,gap,SSProfit
ObjectiveValue,3895.8347915942986,143072.15418011064,3895.8347915942986,0.0,3895.8347915915656
