,GeneratorProfitDual,TotalCostDispatch,RTGeneratorProfitDual,gap,SSProfit
ObjectiveValue,53009.86503214198,222895.9543192783,53009.86503214198,523.996,53062.49099394518
