,GeneratorProfitDual,TotalCostDispatch,RTGeneratorProfitDual,gap,SSProfit
ObjectiveValue,93573.86551306209,263456.9417788106,93573.86551306209,885.259,93573.86551306148
