,GeneratorProfitDual,TotalCostDispatch,RTGeneratorProfitDual,gap,SSProfit
ObjectiveValue,73219.37714379506,263456.9417788105,73219.37714379506,962.636,73219.37714379314
