,GeneratorProfitDual,TotalCostDispatch,RTGeneratorProfitDual,gap,SSProfit
ObjectiveValue,73219.37714379362,263456.9417788102,73219.37714379362,935.666,73219.37714379333
