,GeneratorProfitDual,TotalCostDispatch,RTGeneratorProfitDual,gap,SSProfit
ObjectiveValue,7974.912938769166,324822.48279501486,7974.912938769166,8.12863,7974.912938768551
