,GeneratorProfitDual,TotalCostDispatch,RTGeneratorProfitDual,gap,SSProfit
ObjectiveValue,46170.18715018037,208267.91026944373,46170.18715018037,460.826,47693.15759424332
