,GeneratorProfitDual,TotalCostDispatch,RTGeneratorProfitDual,gap,SSProfit
ObjectiveValue,40188.63177104557,208426.04578251144,40188.63177104557,870.233,40452.626324670244
