,GeneratorProfitDual,TotalCostDispatch,RTGeneratorProfitDual,gap,SSProfit
ObjectiveValue,2417.637802774797,9797.02391940625,2417.637802774797,0.0,2417.6378027744636
