,GeneratorProfitDual,TotalCostDispatch,RTGeneratorProfitDual,gap,SSProfit
ObjectiveValue,8053.542396001845,253220.89651897136,8053.542396001845,0.0,8053.542396000049
