,GeneratorProfitDual,TotalCostDispatch,RTGeneratorProfitDual,gap,SSProfit
ObjectiveValue,42622.56624865519,491272.55297175585,42622.56624865519,427.093,42709.75785257661
