,GeneratorProfitDual,TotalCostDispatch,RTGeneratorProfitDual,gap,SSProfit
ObjectiveValue,11980.057136816651,71248.90693099373,11980.057136816651,0.0,11980.057136814032
