,GeneratorProfitDual,TotalCostDispatch,RTGeneratorProfitDual,gap,SSProfit
ObjectiveValue,9318.427516808213,36810.88361753571,9318.427516808213,60.63,9318.427516805943
