,GeneratorProfitDual,TotalCostDispatch,RTGeneratorProfitDual,gap,SSProfit
ObjectiveValue,9318.427516808006,36810.88361753587,9318.427516808006,152.83,9318.427516805941
