,GeneratorProfitDual,TotalCostDispatch,RTGeneratorProfitDual,gap,SSProfit
ObjectiveValue,2961.7576908583274,275633.5134948412,2961.7576908583274,4270.16,3279.3286890658455
