,GeneratorProfitDual,TotalCostDispatch,RTGeneratorProfitDual,gap,SSProfit
ObjectiveValue,3388.057633183237,47815.80257267316,3388.057633183237,6.37736,3388.057633182974
