,GeneratorProfitDual,TotalCostDispatch,RTGeneratorProfitDual,gap,SSProfit
ObjectiveValue,109196.63447136593,512672.1035409086,109196.63447136593,1091.42,109196.63447136195
