,GeneratorProfitDual,TotalCostDispatch,RTGeneratorProfitDual,gap,SSProfit
ObjectiveValue,109196.63447136684,512672.1035409069,109196.63447136684,983.262,109196.63447136221
