,GeneratorProfitDual,TotalCostDispatch,RTGeneratorProfitDual,gap,SSProfit
ObjectiveValue,24705.72287077913,81499.9369539196,24705.72287077913,284.861,24699.663116017655
