,GeneratorProfitDual,TotalCostDispatch,RTGeneratorProfitDual,gap,SSProfit
ObjectiveValue,7928.762634000637,135267.1911373866,7928.762634000637,0.0,7928.76263400001
