,GeneratorProfitDual,TotalCostDispatch,RTGeneratorProfitDual,gap,SSProfit
ObjectiveValue,8026.425822012254,360479.9065682248,8026.425822012254,10.8395,8026.425822010842
