,GeneratorProfitDual,TotalCostDispatch,RTGeneratorProfitDual,gap,SSProfit
ObjectiveValue,23007.021918508533,136464.0225276616,23007.021918508533,212.455,23007.021918504746
