,GeneratorProfitDual,TotalCostDispatch,RTGeneratorProfitDual,gap,SSProfit
ObjectiveValue,23007.02191850546,136464.0225276645,23007.02191850546,0.0,23007.021918504735
