,GeneratorProfitDual,TotalCostDispatch,RTGeneratorProfitDual,gap,SSProfit
ObjectiveValue,50629.488388659505,111249.01709501386,50629.488388659505,288233.0,50629.48838865872
