,GeneratorProfitDual,TotalCostDispatch,RTGeneratorProfitDual,gap,SSProfit
ObjectiveValue,-1933032596.0609572,169627.04803756558,-1933032596.0609572,0.0,10511170.359253949
