,GeneratorProfitDual,TotalCostDispatch,RTGeneratorProfitDual,gap,SSProfit
ObjectiveValue,22226.417521613075,28327.81977488169,22226.417521613075,0.0,22226.417521612708
