,GeneratorProfitDual,TotalCostDispatch,RTGeneratorProfitDual,gap,SSProfit
ObjectiveValue,5703.339499569454,188885.4118506556,5703.339499569454,169.148,5703.339499566095
