,GeneratorProfitDual,TotalCostDispatch,RTGeneratorProfitDual,gap,SSProfit
ObjectiveValue,18545.743192162037,534120.5436440585,18545.743192162037,186.114,18569.327384000808
