,GeneratorProfitDual,TotalCostDispatch,RTGeneratorProfitDual,gap,SSProfit
ObjectiveValue,7628.6036700770965,227101.66191717377,7628.6036700770965,26.4097,8010.423685613534
