,GeneratorProfitDual,TotalCostDispatch,RTGeneratorProfitDual,gap,SSProfit
ObjectiveValue,1832.2342415133426,146088.31682306452,1832.2342415133426,3427.91,3622.45577693763
