,GeneratorProfitDual,TotalCostDispatch,RTGeneratorProfitDual,gap,SSProfit
ObjectiveValue,-17523793831.96233,114963.06303446749,-17523793831.96233,0.0,-54390152.21412008
