,GeneratorProfitDual,TotalCostDispatch,RTGeneratorProfitDual,gap,SSProfit
ObjectiveValue,25071.38481456789,104673.09867106238,25071.38481456789,241.872,25071.384814567224
