,GeneratorProfitDual,TotalCostDispatch,RTGeneratorProfitDual,gap,SSProfit
ObjectiveValue,25071.384814568424,104673.09867106231,25071.384814568424,243.624,25071.38481456723
