,GeneratorProfitDual,TotalCostDispatch,RTGeneratorProfitDual,gap,SSProfit
ObjectiveValue,42003.555901833235,139028.6037513514,42003.555901833235,603.111,42003.55590183019
