,GeneratorProfitDual,TotalCostDispatch,RTGeneratorProfitDual,gap,SSProfit
ObjectiveValue,48027.784594822384,303310.26132716815,48027.784594822384,221.722,48692.12798024129
