,GeneratorProfitDual,TotalCostDispatch,RTGeneratorProfitDual,gap,SSProfit
ObjectiveValue,11776.818084730317,368806.94756833365,11776.818084730317,117.558,11776.877721230625
