,GeneratorProfitDual,TotalCostDispatch,RTGeneratorProfitDual,gap,SSProfit
ObjectiveValue,11642.282832612294,369036.5904520585,11642.282832612294,85.0212,12118.180090328944
