,GeneratorProfitDual,TotalCostDispatch,RTGeneratorProfitDual,gap,SSProfit
ObjectiveValue,11759.107378896824,368689.1706813397,11759.107378896824,117.54,11759.107378893794
