,GeneratorProfitDual,TotalCostDispatch,RTGeneratorProfitDual,gap,SSProfit
ObjectiveValue,1868.3852935975501,2187.0480535001993,1868.3852935975501,0.0,1868.3852935973491
