,GeneratorProfitDual,TotalCostDispatch,RTGeneratorProfitDual,gap,SSProfit
ObjectiveValue,1868.385293597537,1029.1671831266158,1868.385293597537,0.0,1868.3852935973496
