,GeneratorProfitDual,TotalCostDispatch,RTGeneratorProfitDual,gap,SSProfit
ObjectiveValue,57012.24493606243,169188.24189537924,57012.24493606243,19644.3,57012.244936061354
