,GeneratorProfitDual,TotalCostDispatch,RTGeneratorProfitDual,gap,SSProfit
ObjectiveValue,57006.09065869488,169194.39617274696,57006.09065869488,24337.6,57006.09065869367
