,GeneratorProfitDual,TotalCostDispatch,RTGeneratorProfitDual,gap,SSProfit
ObjectiveValue,57012.24493606292,169188.2418953792,57012.24493606292,135400.0,57012.24493606173
