,GeneratorProfitDual,TotalCostDispatch,RTGeneratorProfitDual,gap,SSProfit
ObjectiveValue,26449.027813280765,167699.07853337575,26449.027813280765,0.0,26449.027813279394
