,GeneratorProfitDual,TotalCostDispatch,RTGeneratorProfitDual,gap,SSProfit
ObjectiveValue,26449.02781328324,167699.07853337328,26449.02781328324,253.305,26449.027813279463
