,GeneratorProfitDual,TotalCostDispatch,RTGeneratorProfitDual,gap,SSProfit
ObjectiveValue,59695.80399437487,462924.2904669728,59695.80399437487,566.708,59739.97049339253
