,GeneratorProfitDual,TotalCostDispatch,RTGeneratorProfitDual,gap,SSProfit
ObjectiveValue,5618.60196057858,93569.13935259817,5618.60196057858,55.1323,6019.7753526596025
