,GeneratorProfitDual,TotalCostDispatch,RTGeneratorProfitDual,gap,SSProfit
ObjectiveValue,2215.1341156401077,30741.464758718168,2215.1341156401077,21.1836,2215.1341156400126
