,GeneratorProfitDual,TotalCostDispatch,RTGeneratorProfitDual,gap,SSProfit
ObjectiveValue,3213.8856199528113,53366.3481368794,3213.8856199528113,0.0,3213.8856199522443
