,GeneratorProfitDual,TotalCostDispatch,RTGeneratorProfitDual,gap,SSProfit
ObjectiveValue,5681.15986311215,330312.2841843335,5681.15986311215,6.63412,5698.797837058853
