,GeneratorProfitDual,TotalCostDispatch,RTGeneratorProfitDual,gap,SSProfit
ObjectiveValue,5881.760824268875,24263.014545406095,5881.760824268875,40.8371,5881.760824268782
