,GeneratorProfitDual,TotalCostDispatch,RTGeneratorProfitDual,gap,SSProfit
ObjectiveValue,15638.736188091127,29791.25328524536,15638.736188091127,183.825,15638.736188090248
