,GeneratorProfitDual,TotalCostDispatch,RTGeneratorProfitDual,gap,SSProfit
ObjectiveValue,19260.893207331796,29791.253285245723,19260.893207331796,0.0,19260.893207331304
