,GeneratorProfitDual,TotalCostDispatch,RTGeneratorProfitDual,gap,SSProfit
ObjectiveValue,45138.89650748025,87393.7569105807,45138.89650748025,602.536,45138.89650747956
