,GeneratorProfitDual,TotalCostDispatch,RTGeneratorProfitDual,gap,SSProfit
ObjectiveValue,45138.896507480364,87393.75691058075,45138.896507480364,544.244,45138.8965074795
