,GeneratorProfitDual,TotalCostDispatch,RTGeneratorProfitDual,gap,SSProfit
ObjectiveValue,-18638910411.83402,327915.84285608085,-18638910411.83402,562.987,-20175109.187233865
