,GeneratorProfitDual,TotalCostDispatch,RTGeneratorProfitDual,gap,SSProfit
ObjectiveValue,55072.69484325072,327916.13039822323,55072.69484325072,553.453,55227.877887665185
