,GeneratorProfitDual,TotalCostDispatch,RTGeneratorProfitDual,gap,SSProfit
ObjectiveValue,-1918106272.8327057,16691.11382082991,-1918106272.8327057,0.0,18106416.9184758
