,GeneratorProfitDual,TotalCostDispatch,RTGeneratorProfitDual,gap,SSProfit
ObjectiveValue,7475.35944291366,104154.300030764,7475.35944291366,276.61,7475.359442911666
