,GeneratorProfitDual,TotalCostDispatch,RTGeneratorProfitDual,gap,SSProfit
ObjectiveValue,-1934656184.9083624,135823.5581475194,-1934656184.9083624,0.0,6504637.980426786
