,GeneratorProfitDual,TotalCostDispatch,RTGeneratorProfitDual,gap,SSProfit
ObjectiveValue,8604.610595104652,48089.748600179875,8604.610595104652,1322.01,8604.610595104255
