,GeneratorProfitDual,TotalCostDispatch,RTGeneratorProfitDual,gap,SSProfit
ObjectiveValue,8604.61059510459,48089.74860017988,8604.61059510459,176.94,8604.610595104252
