,GeneratorProfitDual,TotalCostDispatch,RTGeneratorProfitDual,gap,SSProfit
ObjectiveValue,-1732919847.704581,246550.00566236785,-1732919847.704581,0.0,11476012.481293412
