,GeneratorProfitDual,TotalCostDispatch,RTGeneratorProfitDual,gap,SSProfit
ObjectiveValue,-15964338722.318602,296254.9299522426,-15964338722.318602,0.0,-2730529.7450170023
