,GeneratorProfitDual,TotalCostDispatch,RTGeneratorProfitDual,gap,SSProfit
ObjectiveValue,10638.824124451989,46570.65662079585,10638.824124451989,256.311,10638.824124451437
