,GeneratorProfitDual,TotalCostDispatch,RTGeneratorProfitDual,gap,SSProfit
ObjectiveValue,10638.82412445273,46570.65662079516,10638.82412445273,87.8457,10638.82412445144
