,GeneratorProfitDual,TotalCostDispatch,RTGeneratorProfitDual,gap,SSProfit
ObjectiveValue,42236.31534284817,408892.4776044641,42236.31534284817,0.0,39651.712681303856
