,GeneratorProfitDual,TotalCostDispatch,RTGeneratorProfitDual,gap,SSProfit
ObjectiveValue,1868.3852935978302,5387.474036651864,1868.3852935978302,0.0,1868.3852935973498
