,GeneratorProfitDual,TotalCostDispatch,RTGeneratorProfitDual,gap,SSProfit
ObjectiveValue,21731.47751079589,412101.4754390929,21731.47751079589,3812.38,21731.477510789056
