,GeneratorProfitDual,TotalCostDispatch,RTGeneratorProfitDual,gap,SSProfit
ObjectiveValue,1642.2977473314338,487918.9029083264,1642.2977473314338,16.3615,1815.2642479829594
