,GeneratorProfitDual,TotalCostDispatch,RTGeneratorProfitDual,gap,SSProfit
ObjectiveValue,3401.712056577958,80810.90490285835,3401.712056577958,27.6932,3401.71205657698
