,GeneratorProfitDual,TotalCostDispatch,RTGeneratorProfitDual,gap,SSProfit
ObjectiveValue,4068.3644520060484,253220.89651896726,4068.3644520060484,0.0,4026.771198000027
