,GeneratorProfitDual,TotalCostDispatch,RTGeneratorProfitDual,gap,SSProfit
ObjectiveValue,3963.020790002778,192724.13153989686,3963.020790002778,0.0,3963.020789999998
