,GeneratorProfitDual,TotalCostDispatch,RTGeneratorProfitDual,gap,SSProfit
ObjectiveValue,-1955886512.2029424,36669.749131004544,-1955886512.2029424,0.0,11345571.206963876
