,GeneratorProfitDual,TotalCostDispatch,RTGeneratorProfitDual,gap,SSProfit
ObjectiveValue,42317.32865533852,134348.72783584223,42317.32865533852,447.537,42317.32865533792
