,GeneratorProfitDual,TotalCostDispatch,RTGeneratorProfitDual,gap,SSProfit
ObjectiveValue,7240.749182293348,216416.16427958116,7240.749182293348,62.0006,7490.916228653347
