,GeneratorProfitDual,TotalCostDispatch,RTGeneratorProfitDual,gap,SSProfit
ObjectiveValue,7730.58263692817,498329.59914618894,7730.58263692817,67.9165,7730.582636925178
