,GeneratorProfitDual,TotalCostDispatch,RTGeneratorProfitDual,gap,SSProfit
ObjectiveValue,12829.495258542334,496531.02676164976,12829.495258542334,86.7903,12926.787786241555
