,GeneratorProfitDual,TotalCostDispatch,RTGeneratorProfitDual,gap,SSProfit
ObjectiveValue,4049.555829017533,48032.04403473057,4049.555829017533,0.0,4049.5558290150607
