,GeneratorProfitDual,TotalCostDispatch,RTGeneratorProfitDual,gap,SSProfit
ObjectiveValue,7321.1473406684745,776613.5624904521,7321.1473406684745,3.55814,7266.71360875083
