,GeneratorProfitDual,TotalCostDispatch,RTGeneratorProfitDual,gap,SSProfit
ObjectiveValue,44772.64585858695,388367.43502445886,44772.64585858695,405.571,44751.849231576416
