,GeneratorProfitDual,TotalCostDispatch,RTGeneratorProfitDual,gap,SSProfit
ObjectiveValue,62658.25465367435,274949.02791798324,62658.25465367435,0.0,62660.685023531216
