,GeneratorProfitDual,TotalCostDispatch,RTGeneratorProfitDual,gap,SSProfit
ObjectiveValue,19031.54928925137,645453.1554018988,19031.54928925137,121.589,19165.012618960063
