,GeneratorProfitDual,TotalCostDispatch,RTGeneratorProfitDual,gap,SSProfit
ObjectiveValue,-1977000021.911257,59272.277179566634,-1977000021.911257,0.0,12341623.363133121
