,GeneratorProfitDual,TotalCostDispatch,RTGeneratorProfitDual,gap,SSProfit
ObjectiveValue,-1755160905.949917,62403.70540570369,-1755160905.949917,0.0,21518871.05363169
