,GeneratorProfitDual,TotalCostDispatch,RTGeneratorProfitDual,gap,SSProfit
ObjectiveValue,2565.6985511787534,14125.415269651085,2565.6985511787534,0.0,2565.698551178561
