,GeneratorProfitDual,TotalCostDispatch,RTGeneratorProfitDual,gap,SSProfit
ObjectiveValue,63076.984138078835,30927.760433906256,63076.984138078835,5917.15,63076.98413807872
