,GeneratorProfitDual,TotalCostDispatch,RTGeneratorProfitDual,gap,SSProfit
ObjectiveValue,-1971827648.8348887,27324.991167645294,-1971827648.8348887,0.0,11288783.597764736
