,GeneratorProfitDual,TotalCostDispatch,RTGeneratorProfitDual,gap,SSProfit
ObjectiveValue,3324.79391524315,87633.13949693147,3324.79391524315,8.97874,3324.79391524226
