,GeneratorProfitDual,TotalCostDispatch,RTGeneratorProfitDual,gap,SSProfit
ObjectiveValue,-15851170963.770594,293391.03417614807,-15851170963.770594,0.0,-2803208.093145682
