,GeneratorProfitDual,TotalCostDispatch,RTGeneratorProfitDual,gap,SSProfit
ObjectiveValue,46117.702024237726,70616.79001567441,46117.702024237726,0.0,60299.93728041789
