,GeneratorProfitDual,TotalCostDispatch,RTGeneratorProfitDual,gap,SSProfit
ObjectiveValue,23922.116581120223,67887.3896183313,23922.116581120223,410.558,24421.397641868076
