,GeneratorProfitDual,TotalCostDispatch,RTGeneratorProfitDual,gap,SSProfit
ObjectiveValue,2914.355179969755,41868.81956575054,2914.355179969755,0.0,2914.3551799691663
