,GeneratorProfitDual,TotalCostDispatch,RTGeneratorProfitDual,gap,SSProfit
ObjectiveValue,7807.648931847628,161950.7395719646,7807.648931847628,64.4131,7807.648931845907
