,GeneratorProfitDual,TotalCostDispatch,RTGeneratorProfitDual,gap,SSProfit
ObjectiveValue,2000.241798229224,41566.82108019868,2000.241798229224,17.8132,2013.3973578405598
