,GeneratorProfitDual,TotalCostDispatch,RTGeneratorProfitDual,gap,SSProfit
ObjectiveValue,82281.91105405739,296602.35345455096,82281.91105405739,287.939,82281.91105405633
