,GeneratorProfitDual,TotalCostDispatch,RTGeneratorProfitDual,gap,SSProfit
ObjectiveValue,75249.32913502443,296602.35345455096,75249.32913502443,346.405,75249.3291350219
