,GeneratorProfitDual,TotalCostDispatch,RTGeneratorProfitDual,gap,SSProfit
ObjectiveValue,75249.32913502178,296602.35345455096,75249.32913502178,821.207,75249.32913502191
