,GeneratorProfitDual,TotalCostDispatch,RTGeneratorProfitDual,gap,SSProfit
ObjectiveValue,49423.08656297155,276678.073145454,49423.08656297155,634.547,49423.086562971024
