,GeneratorProfitDual,TotalCostDispatch,RTGeneratorProfitDual,gap,SSProfit
ObjectiveValue,70408.7579725609,276681.40838021407,70408.7579725609,704.072,70408.75797256
