,GeneratorProfitDual,TotalCostDispatch,RTGeneratorProfitDual,gap,SSProfit
ObjectiveValue,54776.736641266056,328350.7848452436,54776.736641266056,907.483,54896.92227019769
