,GeneratorProfitDual,TotalCostDispatch,RTGeneratorProfitDual,gap,SSProfit
ObjectiveValue,-1983871603.4603727,104076.23691370599,-1983871603.4603727,0.0,14173375.989779985
