,GeneratorProfitDual,TotalCostDispatch,RTGeneratorProfitDual,gap,SSProfit
ObjectiveValue,33878.04936115217,299532.2743386671,33878.04936115217,0.0,33996.487673592885
