,GeneratorProfitDual,TotalCostDispatch,RTGeneratorProfitDual,gap,SSProfit
ObjectiveValue,-16265314784.84563,201712.62256262638,-16265314784.84563,0.0,-28093842.410946175
