,GeneratorProfitDual,TotalCostDispatch,RTGeneratorProfitDual,gap,SSProfit
ObjectiveValue,858.4261002483047,267880.2633801083,858.4261002483047,0.0,1009.9872184499972
