,GeneratorProfitDual,TotalCostDispatch,RTGeneratorProfitDual,gap,SSProfit
ObjectiveValue,-19400889042.377213,454893.49570923083,-19400889042.377213,1909.09,-83688123.73027405
