,GeneratorProfitDual,TotalCostDispatch,RTGeneratorProfitDual,gap,SSProfit
ObjectiveValue,84592.18484360901,454893.50472164864,84592.18484360901,859.075,84698.95554355082
