,GeneratorProfitDual,TotalCostDispatch,RTGeneratorProfitDual,gap,SSProfit
ObjectiveValue,582.5267652988166,490193.44301409746,582.5267652988166,0.0,2513.6554586634393
