,GeneratorProfitDual,TotalCostDispatch,RTGeneratorProfitDual,gap,SSProfit
ObjectiveValue,-1690793563.5465438,246202.6942636427,-1690793563.5465438,0.0,11025084.290013926
