,GeneratorProfitDual,TotalCostDispatch,RTGeneratorProfitDual,gap,SSProfit
ObjectiveValue,2025.131580356177,274993.7763736104,2025.131580356177,19.1665,2441.4086795632224
