,GeneratorProfitDual,TotalCostDispatch,RTGeneratorProfitDual,gap,SSProfit
ObjectiveValue,6285.467281311091,335762.12207077205,6285.467281311091,6.02504,6285.467281308413
