,GeneratorProfitDual,TotalCostDispatch,RTGeneratorProfitDual,gap,SSProfit
ObjectiveValue,59642.24397495323,315647.1863242077,59642.24397495323,213.007,59642.243974951634
