,GeneratorProfitDual,TotalCostDispatch,RTGeneratorProfitDual,gap,SSProfit
ObjectiveValue,59503.585605673754,315883.55184056144,59503.585605673754,365.172,59503.58560567224
