,GeneratorProfitDual,TotalCostDispatch,RTGeneratorProfitDual,gap,SSProfit
ObjectiveValue,59495.65359883083,315700.25691230025,59495.65359883083,370.79,59685.11516557387
