,GeneratorProfitDual,TotalCostDispatch,RTGeneratorProfitDual,gap,SSProfit
ObjectiveValue,27125.57884877264,102900.40615735692,27125.57884877264,0.0,27125.578848768248
