,GeneratorProfitDual,TotalCostDispatch,RTGeneratorProfitDual,gap,SSProfit
ObjectiveValue,50783.58871525085,129344.8711055903,50783.58871525085,507.126,50783.588715250706
