,GeneratorProfitDual,TotalCostDispatch,RTGeneratorProfitDual,gap,SSProfit
ObjectiveValue,-18150362995.696953,273973.6235162363,-18150362995.696953,0.0,-32617856.353007603
