,GeneratorProfitDual,TotalCostDispatch,RTGeneratorProfitDual,gap,SSProfit
ObjectiveValue,1333.602963135595,59276.71110787771,1333.602963135595,10.0895,1333.602963134772
