,GeneratorProfitDual,TotalCostDispatch,RTGeneratorProfitDual,gap,SSProfit
ObjectiveValue,1333.6029631358429,59276.71110787759,1333.6029631358429,4.43393,1333.6029631348215
