,GeneratorProfitDual,TotalCostDispatch,RTGeneratorProfitDual,gap,SSProfit
ObjectiveValue,-16734775179.007341,293749.84504375886,-16734775179.007341,0.0,-35035290.958632305
