,GeneratorProfitDual,TotalCostDispatch,RTGeneratorProfitDual,gap,SSProfit
ObjectiveValue,14754.505633567831,65639.55333950411,14754.505633567831,16237.3,14754.505633567122
