,GeneratorProfitDual,TotalCostDispatch,RTGeneratorProfitDual,gap,SSProfit
ObjectiveValue,14756.5859679978,65632.38055031063,14756.5859679978,1311.57,14756.585967997202
