,GeneratorProfitDual,TotalCostDispatch,RTGeneratorProfitDual,gap,SSProfit
ObjectiveValue,14754.50563356791,65639.55333950411,14754.50563356791,1985.5,14754.505633567274
