,GeneratorProfitDual,TotalCostDispatch,RTGeneratorProfitDual,gap,SSProfit
ObjectiveValue,1876.5342300343164,20554.14026811904,1876.5342300343164,0.0,1876.5342300341179
