,GeneratorProfitDual,TotalCostDispatch,RTGeneratorProfitDual,gap,SSProfit
ObjectiveValue,1876.5342300355676,20554.14026811783,1876.5342300355676,0.0,1876.5342300340649
