,GeneratorProfitDual,TotalCostDispatch,RTGeneratorProfitDual,gap,SSProfit
ObjectiveValue,1876.5342300343507,20554.14026811896,1876.5342300343507,0.0,1876.53423003412
