,GeneratorProfitDual,TotalCostDispatch,RTGeneratorProfitDual,gap,SSProfit
ObjectiveValue,1315.0035244487353,2489.993978813013,1315.0035244487353,0.0,1315.0035244486417
