,GeneratorProfitDual,TotalCostDispatch,RTGeneratorProfitDual,gap,SSProfit
ObjectiveValue,1315.003524448727,2489.993978813046,1315.003524448727,0.0,1315.0035244486428
