,GeneratorProfitDual,TotalCostDispatch,RTGeneratorProfitDual,gap,SSProfit
ObjectiveValue,2192.81066410527,73017.10419911602,2192.81066410527,406.949,2342.353437393177
