,GeneratorProfitDual,TotalCostDispatch,RTGeneratorProfitDual,gap,SSProfit
ObjectiveValue,-1744264408.0786436,57414.305273526166,-1744264408.0786436,0.0,15794393.593216706
