,GeneratorProfitDual,TotalCostDispatch,RTGeneratorProfitDual,gap,SSProfit
ObjectiveValue,-1717136246.1052952,179880.08631162986,-1717136246.1052952,0.0,10021614.470088443
