,GeneratorProfitDual,TotalCostDispatch,RTGeneratorProfitDual,gap,SSProfit
ObjectiveValue,3881.5931623360057,380744.3710133035,3881.5931623360057,8.84536,4005.002766000006
