,GeneratorProfitDual,TotalCostDispatch,RTGeneratorProfitDual,gap,SSProfit
ObjectiveValue,2.0452111337267525,123017.77305600284,2.0452111337267525,0.0,2.0452111320414423
