,GeneratorProfitDual,TotalCostDispatch,RTGeneratorProfitDual,gap,SSProfit
ObjectiveValue,-16272202659.017174,151810.6834789116,-16272202659.017174,0.0,-27173190.62043506
