,GeneratorProfitDual,TotalCostDispatch,RTGeneratorProfitDual,gap,SSProfit
ObjectiveValue,1677.4350011970819,292564.746964962,1677.4350011970819,3.30274,1677.4350011939484
