,GeneratorProfitDual,TotalCostDispatch,RTGeneratorProfitDual,gap,SSProfit
ObjectiveValue,3783.6927491722113,158375.46576784312,3783.6927491722113,26.0444,3964.3813170000053
