,GeneratorProfitDual,TotalCostDispatch,RTGeneratorProfitDual,gap,SSProfit
ObjectiveValue,460.6668996942569,608419.1090454261,460.6668996942569,0.0,669.2369824298846
