,GeneratorProfitDual,TotalCostDispatch,RTGeneratorProfitDual,gap,SSProfit
ObjectiveValue,2806.7738254132883,26968.200466241124,2806.7738254132883,27.6992,2806.773825413108
