,GeneratorProfitDual,TotalCostDispatch,RTGeneratorProfitDual,gap,SSProfit
ObjectiveValue,24055.632029945995,49042.93075644896,24055.632029945995,3770.04,24055.63202994332
