,GeneratorProfitDual,TotalCostDispatch,RTGeneratorProfitDual,gap,SSProfit
ObjectiveValue,39345.42135969864,324822.4827950149,39345.42135969864,4993.74,39345.42135969698
