,GeneratorProfitDual,TotalCostDispatch,RTGeneratorProfitDual,gap,SSProfit
ObjectiveValue,2275.0297043503515,21978.82581261474,2275.0297043503515,0.0,2275.0297043499986
