,GeneratorProfitDual,TotalCostDispatch,RTGeneratorProfitDual,gap,SSProfit
ObjectiveValue,-1943387712.6368074,36669.749131004544,-1943387712.6368074,0.0,18650583.56406082
