,GeneratorProfitDual,TotalCostDispatch,RTGeneratorProfitDual,gap,SSProfit
ObjectiveValue,78916.1699698652,247045.72675428772,78916.1699698652,1005.87,79010.89563349169
