,GeneratorProfitDual,TotalCostDispatch,RTGeneratorProfitDual,gap,SSProfit
ObjectiveValue,3821.5139200372655,318381.8477185413,3821.5139200372655,39.0105,4026.771198000004
