,GeneratorProfitDual,TotalCostDispatch,RTGeneratorProfitDual,gap,SSProfit
ObjectiveValue,5902.707923930812,58596.020754989935,5902.707923930812,8.22331,6024.9496208478395
