,GeneratorProfitDual,TotalCostDispatch,RTGeneratorProfitDual,gap,SSProfit
ObjectiveValue,41984.146970886075,491214.2717148445,41984.146970886075,303.455,42222.82275282951
