,GeneratorProfitDual,TotalCostDispatch,RTGeneratorProfitDual,gap,SSProfit
ObjectiveValue,58692.80520853742,274950.09604611987,58692.80520853742,475.958,58692.80520853134
