,GeneratorProfitDual,TotalCostDispatch,RTGeneratorProfitDual,gap,SSProfit
ObjectiveValue,55826.88887073571,261382.63303681693,55826.88887073571,3196.82,55826.88887073523
