,GeneratorProfitDual,TotalCostDispatch,RTGeneratorProfitDual,gap,SSProfit
ObjectiveValue,55826.88887073634,261382.6330368169,55826.88887073634,3180.17,55826.88887073541
