,GeneratorProfitDual,TotalCostDispatch,RTGeneratorProfitDual,gap,SSProfit
ObjectiveValue,52122.141131455646,258164.85825784158,52122.141131455646,584.672,52189.200322253884
