,GeneratorProfitDual,TotalCostDispatch,RTGeneratorProfitDual,gap,SSProfit
ObjectiveValue,55826.888870736264,261382.63303681687,55826.888870736264,2593.6,55826.88887073542
