,GeneratorProfitDual,TotalCostDispatch,RTGeneratorProfitDual,gap,SSProfit
ObjectiveValue,2032.8672364542222,388382.29686557176,2032.8672364542222,0.400989,2037.1891050000092
