,GeneratorProfitDual,TotalCostDispatch,RTGeneratorProfitDual,gap,SSProfit
ObjectiveValue,1712.274626046121,407108.50298830535,1712.274626046121,0.0,1744.1482832083648
