,GeneratorProfitDual,TotalCostDispatch,RTGeneratorProfitDual,gap,SSProfit
ObjectiveValue,3428.965482294756,97584.5546609408,3428.965482294756,5.12181,3732.5770674726864
