,GeneratorProfitDual,TotalCostDispatch,RTGeneratorProfitDual,gap,SSProfit
ObjectiveValue,97389.85577620282,192247.75338662008,97389.85577620282,1079.28,97390.61299648306
