,GeneratorProfitDual,TotalCostDispatch,RTGeneratorProfitDual,gap,SSProfit
ObjectiveValue,3180.081424367904,63602.284565462614,3180.081424367904,28318.5,3180.0814243654713
