,GeneratorProfitDual,TotalCostDispatch,RTGeneratorProfitDual,gap,SSProfit
ObjectiveValue,17743.28806408677,534120.9039197259,17743.28806408677,303.102,17795.79502307056
