,GeneratorProfitDual,TotalCostDispatch,RTGeneratorProfitDual,gap,SSProfit
ObjectiveValue,35829.92454746177,62385.91494106113,35829.92454746177,0.0,25247.22299075729
