,GeneratorProfitDual,TotalCostDispatch,RTGeneratorProfitDual,gap,SSProfit
ObjectiveValue,24150.248634919837,260576.74381281677,24150.248634919837,17.327,24150.248634918407
