,GeneratorProfitDual,TotalCostDispatch,RTGeneratorProfitDual,gap,SSProfit
ObjectiveValue,3827.219071952048,222898.23204971547,3827.219071952048,999.738,3964.3813169999976
