,GeneratorProfitDual,TotalCostDispatch,RTGeneratorProfitDual,gap,SSProfit
ObjectiveValue,-15311185551.393944,358671.1431752399,-15311185551.393944,0.0,-27685400.267426565
