,GeneratorProfitDual,TotalCostDispatch,RTGeneratorProfitDual,gap,SSProfit
ObjectiveValue,23364.766426022772,243479.10081947123,23364.766426022772,1289.84,23612.778408042795
