,GeneratorProfitDual,TotalCostDispatch,RTGeneratorProfitDual,gap,SSProfit
ObjectiveValue,9007.541759358473,20518.076408061843,9007.541759358473,89.8564,9007.5417593581
