,GeneratorProfitDual,TotalCostDispatch,RTGeneratorProfitDual,gap,SSProfit
ObjectiveValue,9007.541759358486,20518.076408061843,9007.541759358486,75.5874,9007.541759358079
