,GeneratorProfitDual,TotalCostDispatch,RTGeneratorProfitDual,gap,SSProfit
ObjectiveValue,9007.541759359006,20518.076408061825,9007.541759359006,0.0,9007.541759358177
