,GeneratorProfitDual,TotalCostDispatch,RTGeneratorProfitDual,gap,SSProfit
ObjectiveValue,37459.00894993521,463981.1471032046,37459.00894993521,342.125,37458.83402502528
