,GeneratorProfitDual,TotalCostDispatch,RTGeneratorProfitDual,gap,SSProfit
ObjectiveValue,4231.490311170017,159119.15861108567,4231.490311170017,29.3188,4231.490311166668
