,GeneratorProfitDual,TotalCostDispatch,RTGeneratorProfitDual,gap,SSProfit
ObjectiveValue,28199.906255287544,216416.16427958116,28199.906255287544,129.703,28421.243215249768
