,GeneratorProfitDual,TotalCostDispatch,RTGeneratorProfitDual,gap,SSProfit
ObjectiveValue,-17069233673.546185,55101.03774930291,-17069233673.546185,0.0,-70427250.71297838
