,GeneratorProfitDual,TotalCostDispatch,RTGeneratorProfitDual,gap,SSProfit
ObjectiveValue,12461.078850180169,434460.4877971848,12461.078850180169,11.792,12447.20076828284
