,GeneratorProfitDual,TotalCostDispatch,RTGeneratorProfitDual,gap,SSProfit
ObjectiveValue,7821.864084043108,112976.0970038531,7821.864084043108,7.66226,7821.8640840577455
