,GeneratorProfitDual,TotalCostDispatch,RTGeneratorProfitDual,gap,SSProfit
ObjectiveValue,-1985458810.013377,29819.070140452255,-1985458810.013377,0.0,11312229.693462366
