,GeneratorProfitDual,TotalCostDispatch,RTGeneratorProfitDual,gap,SSProfit
ObjectiveValue,62129.503407528915,211747.34871273348,62129.503407528915,0.0,62129.503407527096
