,GeneratorProfitDual,TotalCostDispatch,RTGeneratorProfitDual,gap,SSProfit
ObjectiveValue,57093.51258337308,131411.71211387345,57093.51258337308,560.176,57093.512583372234
