,GeneratorProfitDual,TotalCostDispatch,RTGeneratorProfitDual,gap,SSProfit
ObjectiveValue,3797.790776197951,440901.9256763348,3797.790776197951,1.04143,4030.3775078021854
