,GeneratorProfitDual,TotalCostDispatch,RTGeneratorProfitDual,gap,SSProfit
ObjectiveValue,19327.24338826258,21763.0157315396,19327.24338826258,17903.2,19327.243388262108
