,GeneratorProfitDual,TotalCostDispatch,RTGeneratorProfitDual,gap,SSProfit
ObjectiveValue,19327.24338826398,21763.015731538166,19327.24338826398,171.505,19327.243388262083
