,GeneratorProfitDual,TotalCostDispatch,RTGeneratorProfitDual,gap,SSProfit
ObjectiveValue,5237.955194253256,299110.25674529414,5237.955194253256,2.17805,5237.955194251558
