,GeneratorProfitDual,TotalCostDispatch,RTGeneratorProfitDual,gap,SSProfit
ObjectiveValue,2217.041922389665,30635.180524601812,2217.041922389665,0.0,2217.041922387974
