,GeneratorProfitDual,TotalCostDispatch,RTGeneratorProfitDual,gap,SSProfit
ObjectiveValue,48174.47332766881,311966.4129321367,48174.47332766881,422.048,48174.02907250178
