,GeneratorProfitDual,TotalCostDispatch,RTGeneratorProfitDual,gap,SSProfit
ObjectiveValue,49397.87374472481,303387.028562965,49397.87374472481,410.395,50007.47331543231
