,GeneratorProfitDual,TotalCostDispatch,RTGeneratorProfitDual,gap,SSProfit
ObjectiveValue,-1953400688.0542502,69512.87620571828,-1953400688.0542502,0.0,9891453.45274363
