,GeneratorProfitDual,TotalCostDispatch,RTGeneratorProfitDual,gap,SSProfit
ObjectiveValue,38150.08197532459,48825.79467335525,38150.08197532459,2356.48,39091.88252695743
