,GeneratorProfitDual,TotalCostDispatch,RTGeneratorProfitDual,gap,SSProfit
ObjectiveValue,70212.30215570443,125324.22603828224,70212.30215570443,693.135,70212.30215570268
