,GeneratorProfitDual,TotalCostDispatch,RTGeneratorProfitDual,gap,SSProfit
ObjectiveValue,61990.50872075453,125252.23310274754,61990.50872075453,706.35,61990.50872075333
