,GeneratorProfitDual,TotalCostDispatch,RTGeneratorProfitDual,gap,SSProfit
ObjectiveValue,7221.166848716183,10648.03351239391,7221.166848716183,32.8575,7221.166848716047
