,GeneratorProfitDual,TotalCostDispatch,RTGeneratorProfitDual,gap,SSProfit
ObjectiveValue,-2008100515.0578701,105416.53468368488,-2008100515.0578701,0.0,12597472.667465625
