,GeneratorProfitDual,TotalCostDispatch,RTGeneratorProfitDual,gap,SSProfit
ObjectiveValue,80951.96045663953,454893.80403758935,80951.96045663953,1675.11,81088.94691944527
