,GeneratorProfitDual,TotalCostDispatch,RTGeneratorProfitDual,gap,SSProfit
ObjectiveValue,81129.83756836789,454894.7535453742,81129.83756836789,7595.72,81282.11447811816
