,GeneratorProfitDual,TotalCostDispatch,RTGeneratorProfitDual,gap,SSProfit
ObjectiveValue,7679.883441538761,178922.32703594735,7679.883441538761,38.0462,7773.195052106667
