,GeneratorProfitDual,TotalCostDispatch,RTGeneratorProfitDual,gap,SSProfit
ObjectiveValue,3896.277065560673,356247.4611053981,3896.277065560673,32.7024,4016.060398206176
