,GeneratorProfitDual,TotalCostDispatch,RTGeneratorProfitDual,gap,SSProfit
ObjectiveValue,622.7950978658354,844.8010273820606,622.7950978658354,0.0,622.795097865783
