,GeneratorProfitDual,TotalCostDispatch,RTGeneratorProfitDual,gap,SSProfit
ObjectiveValue,78033.16184556369,397480.77563936875,78033.16184556369,35795.7,78225.71163040012
