,GeneratorProfitDual,TotalCostDispatch,RTGeneratorProfitDual,gap,SSProfit
ObjectiveValue,78022.40455470186,397491.5329302323,78022.40455470186,403.388,78225.71163040008
