,GeneratorProfitDual,TotalCostDispatch,RTGeneratorProfitDual,gap,SSProfit
ObjectiveValue,37314.513080082856,33641.04481496346,37314.513080082856,373.144,37314.51308008238
