,GeneratorProfitDual,TotalCostDispatch,RTGeneratorProfitDual,gap,SSProfit
ObjectiveValue,70192.42717457669,495015.3554036884,70192.42717457669,1067.48,70279.23164652019
