,GeneratorProfitDual,TotalCostDispatch,RTGeneratorProfitDual,gap,SSProfit
ObjectiveValue,-1798757052.7802157,69810.58309802144,-1798757052.7802157,0.0,22392376.55143273
