,GeneratorProfitDual,TotalCostDispatch,RTGeneratorProfitDual,gap,SSProfit
ObjectiveValue,21810.936249328817,107889.14989040876,21810.936249328817,175.597,22218.520324712954
