,GeneratorProfitDual,TotalCostDispatch,RTGeneratorProfitDual,gap,SSProfit
ObjectiveValue,-14317685003.453531,468092.16187852185,-14317685003.453531,0.0,-6181867.438087117
