,GeneratorProfitDual,TotalCostDispatch,RTGeneratorProfitDual,gap,SSProfit
ObjectiveValue,-1924145694.973721,194695.09913322108,-1924145694.973721,0.0,14147734.455027465
