,GeneratorProfitDual,TotalCostDispatch,RTGeneratorProfitDual,gap,SSProfit
ObjectiveValue,55983.347738434975,135824.44609463427,55983.347738434975,536.6,55983.34773843366
