,GeneratorProfitDual,TotalCostDispatch,RTGeneratorProfitDual,gap,SSProfit
ObjectiveValue,51504.89955580414,135824.44609463413,51504.89955580414,10937.3,51504.89955580172
