,GeneratorProfitDual,TotalCostDispatch,RTGeneratorProfitDual,gap,SSProfit
ObjectiveValue,7335.983912272659,57696.83957954868,7335.983912272659,14858.4,7335.98391227025
