,GeneratorProfitDual,TotalCostDispatch,RTGeneratorProfitDual,gap,SSProfit
ObjectiveValue,7335.9839122729045,57696.83957954861,7335.9839122729045,11.3293,7335.98391227025
