,GeneratorProfitDual,TotalCostDispatch,RTGeneratorProfitDual,gap,SSProfit
ObjectiveValue,140397.89088673476,67341.37538606761,140397.89088673476,3090.69,140397.89088673054
