,GeneratorProfitDual,TotalCostDispatch,RTGeneratorProfitDual,gap,SSProfit
ObjectiveValue,77511.863956178,81480.32036246975,77511.863956178,774.957,77511.86395617774
