,GeneratorProfitDual,TotalCostDispatch,RTGeneratorProfitDual,gap,SSProfit
ObjectiveValue,57414.0688278213,81218.76670228913,57414.0688278213,880.487,57414.06882782093
