,GeneratorProfitDual,TotalCostDispatch,RTGeneratorProfitDual,gap,SSProfit
ObjectiveValue,71710.53584517239,443070.53339207906,71710.53584517239,146.18,71583.98292604412
