,GeneratorProfitDual,TotalCostDispatch,RTGeneratorProfitDual,gap,SSProfit
ObjectiveValue,48602.034122920166,128254.00625566965,48602.034122920166,584.254,48605.83971129937
