,GeneratorProfitDual,TotalCostDispatch,RTGeneratorProfitDual,gap,SSProfit
ObjectiveValue,56199.6595489491,128822.43069109814,56199.6595489491,559.965,56199.65954894821
