,GeneratorProfitDual,TotalCostDispatch,RTGeneratorProfitDual,gap,SSProfit
ObjectiveValue,110260.20270397615,188885.41185065563,110260.20270397615,19052.3,110260.20270397355
