,GeneratorProfitDual,TotalCostDispatch,RTGeneratorProfitDual,gap,SSProfit
ObjectiveValue,110260.20270397638,188885.41185065554,110260.20270397638,12547.8,110260.2027039736
