,GeneratorProfitDual,TotalCostDispatch,RTGeneratorProfitDual,gap,SSProfit
ObjectiveValue,110260.20270397596,188885.41185065548,110260.20270397596,32178.6,110260.2027039736
