,GeneratorProfitDual,TotalCostDispatch,RTGeneratorProfitDual,gap,SSProfit
ObjectiveValue,-17059038488.272528,184694.24549202778,-17059038488.272528,0.0,-41190808.277888075
