,GeneratorProfitDual,TotalCostDispatch,RTGeneratorProfitDual,gap,SSProfit
ObjectiveValue,42253.96115762248,93542.9670269572,42253.96115762248,713.193,42354.26903647737
