,GeneratorProfitDual,TotalCostDispatch,RTGeneratorProfitDual,gap,SSProfit
ObjectiveValue,15541.439476077656,76864.56510000258,15541.439476077656,26256.5,15630.806433243535
