,GeneratorProfitDual,TotalCostDispatch,RTGeneratorProfitDual,gap,SSProfit
ObjectiveValue,6321.981813514763,39386.407473602136,6321.981813514763,10712.9,6321.981813513727
