,GeneratorProfitDual,TotalCostDispatch,RTGeneratorProfitDual,gap,SSProfit
ObjectiveValue,6961.129496899239,94269.77176911183,6961.129496899239,0.0,6961.129496898721
