,GeneratorProfitDual,TotalCostDispatch,RTGeneratorProfitDual,gap,SSProfit
ObjectiveValue,70348.41948655238,191863.40324689966,70348.41948655238,6673.03,70349.13576743424
