,GeneratorProfitDual,TotalCostDispatch,RTGeneratorProfitDual,gap,SSProfit
ObjectiveValue,-1958320971.5016334,227374.82988093616,-1958320971.5016334,0.0,10662163.62964081
