,GeneratorProfitDual,TotalCostDispatch,RTGeneratorProfitDual,gap,SSProfit
ObjectiveValue,34995.540897276594,70824.6111215606,34995.540897276594,3884.8,34995.5408972758
