,GeneratorProfitDual,TotalCostDispatch,RTGeneratorProfitDual,gap,SSProfit
ObjectiveValue,46818.875537951084,71900.79249493156,46818.875537951084,2964.7,46818.87553795037
