,GeneratorProfitDual,TotalCostDispatch,RTGeneratorProfitDual,gap,SSProfit
ObjectiveValue,7066.526751840069,200930.3459325048,7066.526751840069,11843.7,7066.526751838008
