,GeneratorProfitDual,TotalCostDispatch,RTGeneratorProfitDual,gap,SSProfit
ObjectiveValue,59463.302885476216,332826.04351481475,59463.302885476216,0.0,59455.77122558803
