,GeneratorProfitDual,TotalCostDispatch,RTGeneratorProfitDual,gap,SSProfit
ObjectiveValue,19576.120917225493,117252.3196776162,19576.120917225493,4349.13,19605.245900102207
