,GeneratorProfitDual,TotalCostDispatch,RTGeneratorProfitDual,gap,SSProfit
ObjectiveValue,36852.69684477173,226559.98073070505,36852.69684477173,453.459,36917.44692754154
