,GeneratorProfitDual,TotalCostDispatch,RTGeneratorProfitDual,gap,SSProfit
ObjectiveValue,91665.54057765273,246233.3906377111,91665.54057765273,1075.72,91158.03609016073
