,GeneratorProfitDual,TotalCostDispatch,RTGeneratorProfitDual,gap,SSProfit
ObjectiveValue,39709.45877890495,314852.07439243613,39709.45877890495,483.447,39774.61334806174
