,GeneratorProfitDual,TotalCostDispatch,RTGeneratorProfitDual,gap,SSProfit
ObjectiveValue,39756.50345566611,314880.2281528205,39756.50345566611,433.217,39748.577132754464
