,GeneratorProfitDual,TotalCostDispatch,RTGeneratorProfitDual,gap,SSProfit
ObjectiveValue,-2025982485.3789082,23194.143492006373,-2025982485.3789082,0.0,15849515.254702004
