,GeneratorProfitDual,TotalCostDispatch,RTGeneratorProfitDual,gap,SSProfit
ObjectiveValue,16149.562199088494,51325.62184106787,16149.562199088494,198.255,16149.562199085914
