,GeneratorProfitDual,TotalCostDispatch,RTGeneratorProfitDual,gap,SSProfit
ObjectiveValue,15334.874277187457,24820.271471126518,15334.874277187457,8966.6,15334.874277185168
