,GeneratorProfitDual,TotalCostDispatch,RTGeneratorProfitDual,gap,SSProfit
ObjectiveValue,15334.874277187182,24820.271471126704,15334.874277187182,18150.4,15334.874277185168
