,GeneratorProfitDual,TotalCostDispatch,RTGeneratorProfitDual,gap,SSProfit
ObjectiveValue,703.715709756955,275093.91837808915,703.715709756955,1.37117,703.7157097539618
