,GeneratorProfitDual,TotalCostDispatch,RTGeneratorProfitDual,gap,SSProfit
ObjectiveValue,1868.385293597707,5005.275563185015,1868.385293597707,12.3587,1868.385293597361
