,GeneratorProfitDual,TotalCostDispatch,RTGeneratorProfitDual,gap,SSProfit
ObjectiveValue,1868.385293597545,5005.275563185183,1868.385293597545,0.0,1868.3852935973496
