,GeneratorProfitDual,TotalCostDispatch,RTGeneratorProfitDual,gap,SSProfit
ObjectiveValue,78033.16184556289,397480.7756393686,78033.16184556289,438.794,78225.71163040024
