,GeneratorProfitDual,TotalCostDispatch,RTGeneratorProfitDual,gap,SSProfit
ObjectiveValue,48209.058881080564,70510.60915180195,48209.058881080564,3380.67,48209.05888107995
