,GeneratorProfitDual,TotalCostDispatch,RTGeneratorProfitDual,gap,SSProfit
ObjectiveValue,36568.698831276626,69251.4531875606,36568.698831276626,11944.2,36568.69883127583
