,GeneratorProfitDual,TotalCostDispatch,RTGeneratorProfitDual,gap,SSProfit
ObjectiveValue,58145.23954331446,207744.6180019305,58145.23954331446,0.0,58145.23954331028
