,GeneratorProfitDual,TotalCostDispatch,RTGeneratorProfitDual,gap,SSProfit
ObjectiveValue,92126.06151202977,133878.3018102302,92126.06151202977,983.847,92126.06151202902
