,GeneratorProfitDual,TotalCostDispatch,RTGeneratorProfitDual,gap,SSProfit
ObjectiveValue,93239.58518050917,133887.3832312611,93239.58518050917,29447.1,93253.28760435148
