,GeneratorProfitDual,TotalCostDispatch,RTGeneratorProfitDual,gap,SSProfit
ObjectiveValue,93248.66660153995,133878.3018102303,93248.66660153995,1831.01,93262.59929278871
