,GeneratorProfitDual,TotalCostDispatch,RTGeneratorProfitDual,gap,SSProfit
ObjectiveValue,-1745266454.9934313,235484.98575199884,-1745266454.9934313,0.0,5667278.9000483975
