,GeneratorProfitDual,TotalCostDispatch,RTGeneratorProfitDual,gap,SSProfit
ObjectiveValue,70847.47440090844,99302.58273588977,70847.47440090844,336.807,70917.8499249119
