,GeneratorProfitDual,TotalCostDispatch,RTGeneratorProfitDual,gap,SSProfit
ObjectiveValue,56842.947335764606,118145.45605632567,56842.947335764606,566.376,56842.94733576408
