,GeneratorProfitDual,TotalCostDispatch,RTGeneratorProfitDual,gap,SSProfit
ObjectiveValue,13523.283600823783,459466.58037876594,13523.283600823783,133.694,13540.590292832514
