,GeneratorProfitDual,TotalCostDispatch,RTGeneratorProfitDual,gap,SSProfit
ObjectiveValue,13071.413915844194,59521.10117190347,13071.413915844194,918.476,13386.238458941381
