,GeneratorProfitDual,TotalCostDispatch,RTGeneratorProfitDual,gap,SSProfit
ObjectiveValue,2802.9714450023994,280046.4997087536,2802.9714450023994,0.0,2802.9714449999965
