,GeneratorProfitDual,TotalCostDispatch,RTGeneratorProfitDual,gap,SSProfit
ObjectiveValue,1497.8489310641771,27324.991167644996,1497.8489310641771,475.095,1497.8489310637915
