,GeneratorProfitDual,TotalCostDispatch,RTGeneratorProfitDual,gap,SSProfit
ObjectiveValue,43492.01939745135,28749.988252787807,43492.01939745135,15856.8,43492.01938627413
