,GeneratorProfitDual,TotalCostDispatch,RTGeneratorProfitDual,gap,SSProfit
ObjectiveValue,-1942571612.4123719,222887.90493081714,-1942571612.4123719,0.0,6214969.304281348
