,GeneratorProfitDual,TotalCostDispatch,RTGeneratorProfitDual,gap,SSProfit
ObjectiveValue,-1936058787.6907022,222887.90493081705,-1936058787.6907022,0.0,7056361.76795989
