,GeneratorProfitDual,TotalCostDispatch,RTGeneratorProfitDual,gap,SSProfit
ObjectiveValue,51403.56911031142,302679.69184918964,51403.56911031142,11980.1,51403.5691103103
