,GeneratorProfitDual,TotalCostDispatch,RTGeneratorProfitDual,gap,SSProfit
ObjectiveValue,-1976786379.1135995,168875.93773767605,-1976786379.1135995,0.0,8940158.749147719
