,GeneratorProfitDual,TotalCostDispatch,RTGeneratorProfitDual,gap,SSProfit
ObjectiveValue,7942.889973433517,274950.5672571031,7942.889973433517,0.0,7942.88997343122
