,GeneratorProfitDual,TotalCostDispatch,RTGeneratorProfitDual,gap,SSProfit
ObjectiveValue,25239.725305694585,58691.20755005224,25239.725305694585,25658.9,25239.725305693682
