,GeneratorProfitDual,TotalCostDispatch,RTGeneratorProfitDual,gap,SSProfit
ObjectiveValue,-18825336885.57878,175717.32707509617,-18825336885.57878,0.0,-31164008.820998147
