,GeneratorProfitDual,TotalCostDispatch,RTGeneratorProfitDual,gap,SSProfit
ObjectiveValue,3416.0191898205917,175033.2874092306,3416.0191898205917,0.0,3568.662320999999
