,GeneratorProfitDual,TotalCostDispatch,RTGeneratorProfitDual,gap,SSProfit
ObjectiveValue,3283.102729080988,322539.5507193296,3283.102729080988,32.5106,3326.802856320219
