,GeneratorProfitDual,TotalCostDispatch,RTGeneratorProfitDual,gap,SSProfit
ObjectiveValue,47001.15421909054,112976.09700385881,47001.15421909054,4574.99,47001.15421908838
