,GeneratorProfitDual,TotalCostDispatch,RTGeneratorProfitDual,gap,SSProfit
ObjectiveValue,2065.9508293163035,430465.87255048926,2065.9508293163035,1.10183,2067.375696087165
