,GeneratorProfitDual,TotalCostDispatch,RTGeneratorProfitDual,gap,SSProfit
ObjectiveValue,11704.94448595183,82595.54237546658,11704.94448595183,18396.1,11704.944485950195
