,GeneratorProfitDual,TotalCostDispatch,RTGeneratorProfitDual,gap,SSProfit
ObjectiveValue,8043.904930105715,346636.00745739246,8043.904930105715,6.46551,8043.904930104607
