,GeneratorProfitDual,TotalCostDispatch,RTGeneratorProfitDual,gap,SSProfit
ObjectiveValue,7911.130404483709,338601.7134164159,7911.130404483709,60.2637,8043.998173175502
