,GeneratorProfitDual,TotalCostDispatch,RTGeneratorProfitDual,gap,SSProfit
ObjectiveValue,18537.756789176758,165910.33228811587,18537.756789176758,189.396,18637.239361410175
