,GeneratorProfitDual,TotalCostDispatch,RTGeneratorProfitDual,gap,SSProfit
ObjectiveValue,-1910172905.331559,189134.08093026283,-1910172905.331559,0.0,7543338.673092565
