,GeneratorProfitDual,TotalCostDispatch,RTGeneratorProfitDual,gap,SSProfit
ObjectiveValue,46731.615076443246,279362.58727745415,46731.615076443246,626.986,46731.61507644249
