,GeneratorProfitDual,TotalCostDispatch,RTGeneratorProfitDual,gap,SSProfit
ObjectiveValue,62901.55325872124,279365.9225122141,62901.55325872124,628.39,62901.55325872061
