,GeneratorProfitDual,TotalCostDispatch,RTGeneratorProfitDual,gap,SSProfit
ObjectiveValue,-1971354260.2057471,134348.72783584334,-1971354260.2057471,0.0,9819157.275046164
