,GeneratorProfitDual,TotalCostDispatch,RTGeneratorProfitDual,gap,SSProfit
ObjectiveValue,46472.72278273836,145555.25967877754,46472.72278273836,41217.4,47599.80692924852
