,GeneratorProfitDual,TotalCostDispatch,RTGeneratorProfitDual,gap,SSProfit
ObjectiveValue,38962.51319735487,145195.6933607987,38962.51319735487,17542.5,39669.38549674662
