,GeneratorProfitDual,TotalCostDispatch,RTGeneratorProfitDual,gap,SSProfit
ObjectiveValue,53372.82341097749,211419.51975344314,53372.82341097749,8005.4,53632.202203804416
