,GeneratorProfitDual,TotalCostDispatch,RTGeneratorProfitDual,gap,SSProfit
ObjectiveValue,3180.081424368317,63602.284565462614,3180.081424368317,7032.51,3180.0814243654713
