,GeneratorProfitDual,TotalCostDispatch,RTGeneratorProfitDual,gap,SSProfit
ObjectiveValue,3180.0814243678533,63602.28456546264,3180.0814243678533,145.9,3180.0814243654713
