,GeneratorProfitDual,TotalCostDispatch,RTGeneratorProfitDual,gap,SSProfit
ObjectiveValue,25173.50286170394,126372.52617371359,25173.50286170394,137083.0,25173.50286170195
