,GeneratorProfitDual,TotalCostDispatch,RTGeneratorProfitDual,gap,SSProfit
ObjectiveValue,-1931629170.2085493,63657.30841357025,-1931629170.2085493,0.0,16480466.558546105
