,GeneratorProfitDual,TotalCostDispatch,RTGeneratorProfitDual,gap,SSProfit
ObjectiveValue,-17556.39702514941,85986.16780276912,-17556.39702514941,0.0,7155.639959293528
