,GeneratorProfitDual,TotalCostDispatch,RTGeneratorProfitDual,gap,SSProfit
ObjectiveValue,-1931625153.4665189,59640.5663831403,-1931625153.4665189,0.0,16020328.360539224
