,GeneratorProfitDual,TotalCostDispatch,RTGeneratorProfitDual,gap,SSProfit
ObjectiveValue,-32588.826354678564,105913.22558481061,-32588.826354678564,178.002,29583.823459991843
