,GeneratorProfitDual,TotalCostDispatch,RTGeneratorProfitDual,gap,SSProfit
ObjectiveValue,-1938848989.3726044,59640.56638314031,-1938848989.3726044,0.0,17010678.577691853
