,GeneratorProfitDual,TotalCostDispatch,RTGeneratorProfitDual,gap,SSProfit
ObjectiveValue,15508.564736326554,58596.02075498982,15508.564736326554,7531.71,15630.806433243539
