,GeneratorProfitDual,TotalCostDispatch,RTGeneratorProfitDual,gap,SSProfit
ObjectiveValue,31448.011326000542,57989.93313917434,31448.011326000542,69362.1,31448.011326000025
