,GeneratorProfitDual,TotalCostDispatch,RTGeneratorProfitDual,gap,SSProfit
ObjectiveValue,33255.78674431408,56644.8888965353,33255.78674431408,11495.2,35829.02039251029
