,GeneratorProfitDual,TotalCostDispatch,RTGeneratorProfitDual,gap,SSProfit
ObjectiveValue,72526.02848527554,59440.469514454046,72526.02848527554,42140.2,72526.02434358365
