,GeneratorProfitDual,TotalCostDispatch,RTGeneratorProfitDual,gap,SSProfit
ObjectiveValue,-1975842544.9682202,32270.96767253136,-1975842544.9682202,0.0,7615323.273972716
