,GeneratorProfitDual,TotalCostDispatch,RTGeneratorProfitDual,gap,SSProfit
ObjectiveValue,-1935677774.4596708,257109.21945172572,-1935677774.4596708,0.0,4607464.320420598
