,GeneratorProfitDual,TotalCostDispatch,RTGeneratorProfitDual,gap,SSProfit
ObjectiveValue,-1942190599.1813405,257109.2194517257,-1942190599.1813405,0.0,4607464.320420598
