,GeneratorProfitDual,TotalCostDispatch,RTGeneratorProfitDual,gap,SSProfit
ObjectiveValue,-75.12108678894197,303310.6618189778,-75.12108678894197,0.0,3.1134218296022027
