,GeneratorProfitDual,TotalCostDispatch,RTGeneratorProfitDual,gap,SSProfit
ObjectiveValue,17366.770525892287,674410.5464465573,17366.770525892287,167.615,17558.737459053173
