,GeneratorProfitDual,TotalCostDispatch,RTGeneratorProfitDual,gap,SSProfit
ObjectiveValue,18440.534514736624,52958.40011308295,18440.534514736624,1653.23,18756.54282029632
