,GeneratorProfitDual,TotalCostDispatch,RTGeneratorProfitDual,gap,SSProfit
ObjectiveValue,1852.0998635970077,377242.0919397361,1852.0998635970077,0.0,1851.8716079999963
