,GeneratorProfitDual,TotalCostDispatch,RTGeneratorProfitDual,gap,SSProfit
ObjectiveValue,22223.141442764238,56220.10369366807,22223.141442764238,25142.4,22353.0249655414
