,GeneratorProfitDual,TotalCostDispatch,RTGeneratorProfitDual,gap,SSProfit
ObjectiveValue,19663.653317451008,56152.408938695786,19663.653317451008,19003.9,22353.024965541423
