,GeneratorProfitDual,TotalCostDispatch,RTGeneratorProfitDual,gap,SSProfit
ObjectiveValue,67680.49507068102,153787.88154956707,67680.49507068102,4842.73,67680.4950706793
