,GeneratorProfitDual,TotalCostDispatch,RTGeneratorProfitDual,gap,SSProfit
ObjectiveValue,67680.49507068533,153787.88154956308,67680.49507068533,7041.53,67680.49507067927
