,GeneratorProfitDual,TotalCostDispatch,RTGeneratorProfitDual,gap,SSProfit
ObjectiveValue,21339.585563200115,81499.93695391758,21339.585563200115,151963.0,21339.585563197306
