,GeneratorProfitDual,TotalCostDispatch,RTGeneratorProfitDual,gap,SSProfit
ObjectiveValue,21339.585563199547,81499.93695391761,21339.585563199547,292.395,21339.585563197274
