,GeneratorProfitDual,TotalCostDispatch,RTGeneratorProfitDual,gap,SSProfit
ObjectiveValue,87632.023289178,126436.01253774915,87632.023289178,25168.9,87632.02328917601
