,GeneratorProfitDual,TotalCostDispatch,RTGeneratorProfitDual,gap,SSProfit
ObjectiveValue,36346.37200363075,11409.91891798044,36346.37200363075,595.613,36346.3720036307
