,GeneratorProfitDual,TotalCostDispatch,RTGeneratorProfitDual,gap,SSProfit
ObjectiveValue,59480.032905991764,336792.1060592421,59480.032905991764,0.0,59480.03290599092
