,GeneratorProfitDual,TotalCostDispatch,RTGeneratorProfitDual,gap,SSProfit
ObjectiveValue,6266.034404851246,152045.58541604748,6266.034404851246,477.669,6586.363101387141
