,GeneratorProfitDual,TotalCostDispatch,RTGeneratorProfitDual,gap,SSProfit
ObjectiveValue,6436.610909442016,152048.6528137716,6436.610909442016,23655.4,6572.415496879185
