,GeneratorProfitDual,TotalCostDispatch,RTGeneratorProfitDual,gap,SSProfit
ObjectiveValue,4458.2741942753355,679003.7871851777,4458.2741942753355,0.0,4666.1053044966875
