,GeneratorProfitDual,TotalCostDispatch,RTGeneratorProfitDual,gap,SSProfit
ObjectiveValue,19031.246794240913,645453.4578969149,19031.246794240913,34.382,19165.01261896007
