,GeneratorProfitDual,TotalCostDispatch,RTGeneratorProfitDual,gap,SSProfit
ObjectiveValue,-18574881144.006195,645453.1554019024,-18574881144.006195,0.0,-10736758.801406518
