,GeneratorProfitDual,TotalCostDispatch,RTGeneratorProfitDual,gap,SSProfit
ObjectiveValue,19410.99631671373,71256.02477320023,19410.99631671373,3671.81,19410.996316713074
