,GeneratorProfitDual,TotalCostDispatch,RTGeneratorProfitDual,gap,SSProfit
ObjectiveValue,20302.529820517102,71318.83624639589,20302.529820517102,292.046,20342.705187676107
