,GeneratorProfitDual,TotalCostDispatch,RTGeneratorProfitDual,gap,SSProfit
ObjectiveValue,20532.803833228627,71339.61719090832,20532.803833228627,374.043,20532.80383322823
