,GeneratorProfitDual,TotalCostDispatch,RTGeneratorProfitDual,gap,SSProfit
ObjectiveValue,84961.9868219506,365572.3395447733,84961.9868219506,726.831,98925.02589681493
