,GeneratorProfitDual,TotalCostDispatch,RTGeneratorProfitDual,gap,SSProfit
ObjectiveValue,113420.69687971847,365974.3587074626,113420.69687971847,1134.18,113420.69687971611
