,GeneratorProfitDual,TotalCostDispatch,RTGeneratorProfitDual,gap,SSProfit
ObjectiveValue,11153.303880691014,46220.30556463117,11153.303880691014,254.229,11153.30388068804
