,GeneratorProfitDual,TotalCostDispatch,RTGeneratorProfitDual,gap,SSProfit
ObjectiveValue,11153.303880690542,46220.30556463135,11153.303880690542,280.776,11153.30388068804
