,GeneratorProfitDual,TotalCostDispatch,RTGeneratorProfitDual,gap,SSProfit
ObjectiveValue,7912.903363884321,270438.80896704114,7912.903363884321,63.7699,8034.44667600653
