,GeneratorProfitDual,TotalCostDispatch,RTGeneratorProfitDual,gap,SSProfit
ObjectiveValue,19654.490416385528,117305.94992388411,19654.490416385528,7091.35,19654.490416384408
