,GeneratorProfitDual,TotalCostDispatch,RTGeneratorProfitDual,gap,SSProfit
ObjectiveValue,4231.490311167976,159119.15861108917,4231.490311167976,9205.56,4231.4903111666645
