,GeneratorProfitDual,TotalCostDispatch,RTGeneratorProfitDual,gap,SSProfit
ObjectiveValue,4231.490311171656,159119.15861108562,4231.490311171656,0.0,4231.490311166666
