,GeneratorProfitDual,TotalCostDispatch,RTGeneratorProfitDual,gap,SSProfit
ObjectiveValue,-14778180801.569351,91375.19531124043,-14778180801.569351,0.0,-2409563.030312793
