,GeneratorProfitDual,TotalCostDispatch,RTGeneratorProfitDual,gap,SSProfit
ObjectiveValue,-2012341082.9284883,31283.342037873423,-2012341082.9284883,0.0,7743052.667001544
