,GeneratorProfitDual,TotalCostDispatch,RTGeneratorProfitDual,gap,SSProfit
ObjectiveValue,-1797910335.9237366,48442.99809630503,-1797910335.9237366,0.0,15699181.013896812
