,GeneratorProfitDual,TotalCostDispatch,RTGeneratorProfitDual,gap,SSProfit
ObjectiveValue,803.7644104955189,337434.25773244875,803.7644104955189,2.84499,969.3409533535772
