,GeneratorProfitDual,TotalCostDispatch,RTGeneratorProfitDual,gap,SSProfit
ObjectiveValue,-2008321507.4374926,27324.991167645294,-2008321507.4374926,0.0,11500898.607999047
