,GeneratorProfitDual,TotalCostDispatch,RTGeneratorProfitDual,gap,SSProfit
ObjectiveValue,46165.72822787246,133212.32674463393,46165.72822787246,489.359,46165.72822786694
