,GeneratorProfitDual,TotalCostDispatch,RTGeneratorProfitDual,gap,SSProfit
ObjectiveValue,5666.780693628389,357099.8198520172,5666.780693628389,40.7874,5666.840330184873
