,GeneratorProfitDual,TotalCostDispatch,RTGeneratorProfitDual,gap,SSProfit
ObjectiveValue,3409.8693840010374,130902.77053294242,3409.8693840010374,0.0,3409.8693839999983
