,GeneratorProfitDual,TotalCostDispatch,RTGeneratorProfitDual,gap,SSProfit
ObjectiveValue,-1931097951.8706994,31881.943426637965,-1931097951.8706994,0.0,17037823.13695902
