,GeneratorProfitDual,TotalCostDispatch,RTGeneratorProfitDual,gap,SSProfit
ObjectiveValue,7196.086943391814,229866.88447586793,7196.086943391814,64.3333,7548.23142030831
