,GeneratorProfitDual,TotalCostDispatch,RTGeneratorProfitDual,gap,SSProfit
ObjectiveValue,52872.55126236843,66669.19122796149,52872.55126236843,5691.41,54608.03002801593
