,GeneratorProfitDual,TotalCostDispatch,RTGeneratorProfitDual,gap,SSProfit
ObjectiveValue,-1929838083.762978,69688.2206432496,-1929838083.762978,0.0,14353877.547520436
