,GeneratorProfitDual,TotalCostDispatch,RTGeneratorProfitDual,gap,SSProfit
ObjectiveValue,47189.20419727806,68244.66422020858,47189.20419727806,21042.2,52287.46457235459
