,GeneratorProfitDual,TotalCostDispatch,RTGeneratorProfitDual,gap,SSProfit
ObjectiveValue,-1925715981.4422827,67133.69807172609,-1925715981.4422827,0.0,12983997.206028543
