,GeneratorProfitDual,TotalCostDispatch,RTGeneratorProfitDual,gap,SSProfit
ObjectiveValue,-1927725960.8418703,65909.34631292925,-1927725960.8418703,0.0,13989656.19959814
