,GeneratorProfitDual,TotalCostDispatch,RTGeneratorProfitDual,gap,SSProfit
ObjectiveValue,2292.453847505072,437755.6916618881,2292.453847505072,22.6405,2356.604150976176
