,GeneratorProfitDual,TotalCostDispatch,RTGeneratorProfitDual,gap,SSProfit
ObjectiveValue,10348.820614240514,59886.942473220435,10348.820614240514,0.0,11286.88749214528
