,GeneratorProfitDual,TotalCostDispatch,RTGeneratorProfitDual,gap,SSProfit
ObjectiveValue,3986.8333973538574,177254.94853737915,3986.8333973538574,0.0,3986.833397352003
