,GeneratorProfitDual,TotalCostDispatch,RTGeneratorProfitDual,gap,SSProfit
ObjectiveValue,3950.929737614871,136130.14696950474,3950.929737614871,8.30274,3950.9297376137106
