,GeneratorProfitDual,TotalCostDispatch,RTGeneratorProfitDual,gap,SSProfit
ObjectiveValue,21590.637203773113,76864.56510000271,21590.637203773113,2118.41,21680.00416093918
