,GeneratorProfitDual,TotalCostDispatch,RTGeneratorProfitDual,gap,SSProfit
ObjectiveValue,21590.63720377324,76864.56510000257,21590.63720377324,12285.1,21680.0041609392
