,GeneratorProfitDual,TotalCostDispatch,RTGeneratorProfitDual,gap,SSProfit
ObjectiveValue,-14900284941.874113,30598.06128762802,-14900284941.874113,0.0,-47660994.139022365
