,GeneratorProfitDual,TotalCostDispatch,RTGeneratorProfitDual,gap,SSProfit
ObjectiveValue,4722.375382433012,386798.9685920343,4722.375382433012,45.8356,4722.375382426363
