,GeneratorProfitDual,TotalCostDispatch,RTGeneratorProfitDual,gap,SSProfit
ObjectiveValue,6626.596520117968,31890.279711364754,6626.596520117968,4722.21,6626.596520117773
