,GeneratorProfitDual,TotalCostDispatch,RTGeneratorProfitDual,gap,SSProfit
ObjectiveValue,12959.240746708734,31968.562592779796,12959.240746708734,228.769,13257.474709548082
