,GeneratorProfitDual,TotalCostDispatch,RTGeneratorProfitDual,gap,SSProfit
ObjectiveValue,3946.6428173386626,270495.89212683187,3946.6428173386626,7.52436,4026.7711979999917
