,GeneratorProfitDual,TotalCostDispatch,RTGeneratorProfitDual,gap,SSProfit
ObjectiveValue,-14327633049.75704,366223.47699291544,-14327633049.75704,0.0,-22268057.794446815
