,GeneratorProfitDual,TotalCostDispatch,RTGeneratorProfitDual,gap,SSProfit
ObjectiveValue,78309.51862532187,379492.9233910621,78309.51862532187,783.758,78380.89456949224
