,GeneratorProfitDual,TotalCostDispatch,RTGeneratorProfitDual,gap,SSProfit
ObjectiveValue,31156.060958762555,157373.7514052742,31156.060958762555,10182.0,31156.060958762184
