,GeneratorProfitDual,TotalCostDispatch,RTGeneratorProfitDual,gap,SSProfit
ObjectiveValue,31185.827946471523,157343.98441756517,31185.827946471523,552.457,31196.49624487183
