,GeneratorProfitDual,TotalCostDispatch,RTGeneratorProfitDual,gap,SSProfit
ObjectiveValue,118637.14170179721,247779.24896744813,118637.14170179721,1199.67,118637.14170179475
