,GeneratorProfitDual,TotalCostDispatch,RTGeneratorProfitDual,gap,SSProfit
ObjectiveValue,88595.2618324191,246527.446957426,88595.2618324191,4748.23,88595.26183241663
