,GeneratorProfitDual,TotalCostDispatch,RTGeneratorProfitDual,gap,SSProfit
ObjectiveValue,-15312786037.287186,435458.59748702426,-15312786037.287186,0.0,-12216215.211401688
