,GeneratorProfitDual,TotalCostDispatch,RTGeneratorProfitDual,gap,SSProfit
ObjectiveValue,50794.1766287741,178444.03722448263,50794.1766287741,500.542,56349.92987939197
