,GeneratorProfitDual,TotalCostDispatch,RTGeneratorProfitDual,gap,SSProfit
ObjectiveValue,48528.90343277852,175415.7941868984,48528.90343277852,3219.27,49124.002426818195
