,GeneratorProfitDual,TotalCostDispatch,RTGeneratorProfitDual,gap,SSProfit
ObjectiveValue,2263.204831918989,46570.656620795926,2263.204831918989,0.0,2263.2048319183104
