,GeneratorProfitDual,TotalCostDispatch,RTGeneratorProfitDual,gap,SSProfit
ObjectiveValue,1534.5151940435335,38274.43540018904,1534.5151940435335,329.352,1534.5151940430837
