,GeneratorProfitDual,TotalCostDispatch,RTGeneratorProfitDual,gap,SSProfit
ObjectiveValue,4027.568231979926,299777.6674765544,4027.568231979926,0.0,4029.2978909999956
