,GeneratorProfitDual,TotalCostDispatch,RTGeneratorProfitDual,gap,SSProfit
ObjectiveValue,7915.469678437229,515558.23622443044,7915.469678437229,0.0,8053.542395999978
