,GeneratorProfitDual,TotalCostDispatch,RTGeneratorProfitDual,gap,SSProfit
ObjectiveValue,31357.22653178825,186965.65066092327,31357.22653178825,6489.42,32583.872355852982
