,GeneratorProfitDual,TotalCostDispatch,RTGeneratorProfitDual,gap,SSProfit
ObjectiveValue,12728.296900806346,36810.88361753731,12728.296900806346,96.826,12728.296900805935
