,GeneratorProfitDual,TotalCostDispatch,RTGeneratorProfitDual,gap,SSProfit
ObjectiveValue,81744.40680149476,484001.40398689325,81744.40680149476,567.514,81771.17031119081
