,GeneratorProfitDual,TotalCostDispatch,RTGeneratorProfitDual,gap,SSProfit
ObjectiveValue,81744.40680149345,484001.4039868943,81744.40680149345,724.526,81771.17031119061
