,GeneratorProfitDual,TotalCostDispatch,RTGeneratorProfitDual,gap,SSProfit
ObjectiveValue,-1955212414.2592254,36669.749131004544,-1955212414.2592254,0.0,11283615.398531128
