,GeneratorProfitDual,TotalCostDispatch,RTGeneratorProfitDual,gap,SSProfit
ObjectiveValue,201.0369691593553,552021.3357853245,201.0369691593553,1.88504,201.09658911188092
