,GeneratorProfitDual,TotalCostDispatch,RTGeneratorProfitDual,gap,SSProfit
ObjectiveValue,622.7950978658166,844.801027382062,622.7950978658166,0.0,622.7950978657832
