,GeneratorProfitDual,TotalCostDispatch,RTGeneratorProfitDual,gap,SSProfit
ObjectiveValue,622.7950978658909,844.8010273819878,622.7950978658909,0.0,622.7950978657946
