,GeneratorProfitDual,TotalCostDispatch,RTGeneratorProfitDual,gap,SSProfit
ObjectiveValue,622.7950978658203,844.8010273820587,622.7950978658203,0.0,622.7950978657832
