,GeneratorProfitDual,TotalCostDispatch,RTGeneratorProfitDual,gap,SSProfit
ObjectiveValue,3941.1464358465228,76063.19723571696,3941.1464358465228,0.0,3941.1464358435132
