,GeneratorProfitDual,TotalCostDispatch,RTGeneratorProfitDual,gap,SSProfit
ObjectiveValue,34779.12046341842,311959.5160077326,34779.12046341842,338.161,35357.47835788903
