,GeneratorProfitDual,TotalCostDispatch,RTGeneratorProfitDual,gap,SSProfit
ObjectiveValue,35898.0675855166,312050.9087009126,35898.0675855166,2701.67,36748.64078166179
