,GeneratorProfitDual,TotalCostDispatch,RTGeneratorProfitDual,gap,SSProfit
ObjectiveValue,57139.935543734544,357633.8467034644,57139.935543734544,1606.3,57255.57499156622
