,GeneratorProfitDual,TotalCostDispatch,RTGeneratorProfitDual,gap,SSProfit
ObjectiveValue,11394.036594187326,73052.24241805999,11394.036594187326,14315.2,14084.614079596553
