,GeneratorProfitDual,TotalCostDispatch,RTGeneratorProfitDual,gap,SSProfit
ObjectiveValue,3482.6137045443725,112308.73848736759,3482.6137045443725,0.0,3482.613704543476
