,GeneratorProfitDual,TotalCostDispatch,RTGeneratorProfitDual,gap,SSProfit
ObjectiveValue,-1731648893.9088628,120367.35002097746,-1731648893.9088628,0.0,14027243.856524797
