,GeneratorProfitDual,TotalCostDispatch,RTGeneratorProfitDual,gap,SSProfit
ObjectiveValue,1126.942036676126,29963.56960327011,1126.942036676126,0.0,1651.0733973050264
