,GeneratorProfitDual,TotalCostDispatch,RTGeneratorProfitDual,gap,SSProfit
ObjectiveValue,23915.33485250621,24820.271471128253,23915.33485250621,9681.43,23915.334852505537
