,GeneratorProfitDual,TotalCostDispatch,RTGeneratorProfitDual,gap,SSProfit
ObjectiveValue,5303.432510207457,136323.6983816834,5303.432510207457,0.0,5303.432509793007
