,GeneratorProfitDual,TotalCostDispatch,RTGeneratorProfitDual,gap,SSProfit
ObjectiveValue,42210.06097961434,138779.8459656207,42210.06097961434,23934.9,42210.060979612805
