,GeneratorProfitDual,TotalCostDispatch,RTGeneratorProfitDual,gap,SSProfit
ObjectiveValue,45898.34596768775,137605.33749152801,45898.34596768775,14878.0,45898.345967686524
