,GeneratorProfitDual,TotalCostDispatch,RTGeneratorProfitDual,gap,SSProfit
ObjectiveValue,61750.65854170247,227770.90851155034,61750.65854170247,15613.3,75194.5404649399
