,GeneratorProfitDual,TotalCostDispatch,RTGeneratorProfitDual,gap,SSProfit
ObjectiveValue,28555.450718623044,126377.03725123008,28555.450718623044,530.088,28555.450718622375
