,GeneratorProfitDual,TotalCostDispatch,RTGeneratorProfitDual,gap,SSProfit
ObjectiveValue,3949.8935655741298,143605.8273295126,3949.8935655741298,0.0,3949.8935655729733
