,GeneratorProfitDual,TotalCostDispatch,RTGeneratorProfitDual,gap,SSProfit
ObjectiveValue,-18805808777.204983,309977.7976857485,-18805808777.204983,0.0,-2182118.610359481
