,GeneratorProfitDual,TotalCostDispatch,RTGeneratorProfitDual,gap,SSProfit
ObjectiveValue,8907.228299018088,483211.1983738006,8907.228299018088,4.85432,9068.099406362515
