,GeneratorProfitDual,TotalCostDispatch,RTGeneratorProfitDual,gap,SSProfit
ObjectiveValue,-1920905708.4366686,177239.92182162026,-1920905708.4366686,0.0,4739622.117738756
