,GeneratorProfitDual,TotalCostDispatch,RTGeneratorProfitDual,gap,SSProfit
ObjectiveValue,2127.3963354422667,379531.5176717405,2127.3963354422667,11.8873,2127.3963354374687
