,GeneratorProfitDual,TotalCostDispatch,RTGeneratorProfitDual,gap,SSProfit
ObjectiveValue,4028.8517370274917,427467.6335475416,4028.8517370274917,1.98533,4028.8517370234977
