,GeneratorProfitDual,TotalCostDispatch,RTGeneratorProfitDual,gap,SSProfit
ObjectiveValue,21294.751796458106,31493.014041582162,21294.751796458106,575.202,23308.349264911394
