,GeneratorProfitDual,TotalCostDispatch,RTGeneratorProfitDual,gap,SSProfit
ObjectiveValue,82933.00860142014,621887.6312384399,82933.00860142014,3366.69,83218.21306362053
