,GeneratorProfitDual,TotalCostDispatch,RTGeneratorProfitDual,gap,SSProfit
ObjectiveValue,7961.24487046603,273925.17837941024,7961.24487046603,3.07827,7961.244870464053
