,GeneratorProfitDual,TotalCostDispatch,RTGeneratorProfitDual,gap,SSProfit
ObjectiveValue,-1921846250.1599538,178607.5110263501,-1921846250.1599538,0.0,10462521.7106053
