,GeneratorProfitDual,TotalCostDispatch,RTGeneratorProfitDual,gap,SSProfit
ObjectiveValue,19694.40241907581,35129.35167284444,19694.40241907581,0.0,19694.402419116603
