,GeneratorProfitDual,TotalCostDispatch,RTGeneratorProfitDual,gap,SSProfit
ObjectiveValue,24115.533613247837,35129.35167284444,24115.533613247837,541.7,24115.53361324767
