,GeneratorProfitDual,TotalCostDispatch,RTGeneratorProfitDual,gap,SSProfit
ObjectiveValue,7825.685562643239,284770.835101819,7825.685562643239,44.9779,7958.551040200337
