,GeneratorProfitDual,TotalCostDispatch,RTGeneratorProfitDual,gap,SSProfit
ObjectiveValue,-16289292813.473974,412101.47543910105,-16289292813.473974,0.0,-15915194.846849397
