,GeneratorProfitDual,TotalCostDispatch,RTGeneratorProfitDual,gap,SSProfit
ObjectiveValue,17366.77052589279,674410.5464465573,17366.77052589279,173.947,17558.737459053187
