,GeneratorProfitDual,TotalCostDispatch,RTGeneratorProfitDual,gap,SSProfit
ObjectiveValue,1402.8435117998592,210742.49538898363,1402.8435117998592,0.0,1483.0866154974722
