,GeneratorProfitDual,TotalCostDispatch,RTGeneratorProfitDual,gap,SSProfit
ObjectiveValue,7001.4374231973125,64020.574090538415,7001.4374231973125,65.5408,7001.437423196821
