,GeneratorProfitDual,TotalCostDispatch,RTGeneratorProfitDual,gap,SSProfit
ObjectiveValue,15059.83121148601,81610.15837804531,15059.83121148601,19842.3,15059.83121148463
