,GeneratorProfitDual,TotalCostDispatch,RTGeneratorProfitDual,gap,SSProfit
ObjectiveValue,63458.55454845086,84231.74757148657,63458.55454845086,19067.6,63458.554548449916
