,GeneratorProfitDual,TotalCostDispatch,RTGeneratorProfitDual,gap,SSProfit
ObjectiveValue,54159.37318662598,83714.20713282475,54159.37318662598,28932.5,54159.37318662535
