,GeneratorProfitDual,TotalCostDispatch,RTGeneratorProfitDual,gap,SSProfit
ObjectiveValue,58102.08050967792,82620.52874194046,58102.08050967792,26875.5,58102.0805096771
