,GeneratorProfitDual,TotalCostDispatch,RTGeneratorProfitDual,gap,SSProfit
ObjectiveValue,-91.33242259557505,525144.7764679758,-91.33242259557505,0.0,60.834992999990845
