,GeneratorProfitDual,TotalCostDispatch,RTGeneratorProfitDual,gap,SSProfit
ObjectiveValue,12596.337066559754,501450.3898474797,12596.337066559754,49.2677,12709.841835285186
