,GeneratorProfitDual,TotalCostDispatch,RTGeneratorProfitDual,gap,SSProfit
ObjectiveValue,-17027940523.71633,501426.8840694108,-17027940523.71633,0.296227,-2091958.0849131017
