,GeneratorProfitDual,TotalCostDispatch,RTGeneratorProfitDual,gap,SSProfit
ObjectiveValue,1283.9591973446836,487426.68980407773,1283.9591973446836,0.69793,1295.1779382791096
