,GeneratorProfitDual,TotalCostDispatch,RTGeneratorProfitDual,gap,SSProfit
ObjectiveValue,7513.2875816564365,87393.75691058069,7513.2875816564365,0.0,7513.287581655199
