,GeneratorProfitDual,TotalCostDispatch,RTGeneratorProfitDual,gap,SSProfit
ObjectiveValue,13426.550136689117,49465.0035472896,13426.550136689117,254.108,13426.550136688053
