,GeneratorProfitDual,TotalCostDispatch,RTGeneratorProfitDual,gap,SSProfit
ObjectiveValue,80670.15127374866,84054.69471506127,80670.15127374866,806.432,80670.15127374716
