,GeneratorProfitDual,TotalCostDispatch,RTGeneratorProfitDual,gap,SSProfit
ObjectiveValue,2435.080073032166,17192.522654199194,2435.080073032166,0.0,2435.080073031882
