,GeneratorProfitDual,TotalCostDispatch,RTGeneratorProfitDual,gap,SSProfit
ObjectiveValue,3854.7377374128773,202963.69531460307,3854.7377374128773,35.0862,3938.336943000005
