,GeneratorProfitDual,TotalCostDispatch,RTGeneratorProfitDual,gap,SSProfit
ObjectiveValue,39619.209455094235,86892.91169606225,39619.209455094235,6299.28,39682.15718564318
