,GeneratorProfitDual,TotalCostDispatch,RTGeneratorProfitDual,gap,SSProfit
ObjectiveValue,18964.504268605957,50602.190151036,18964.504268605957,307.062,18985.68934354644
