,GeneratorProfitDual,TotalCostDispatch,RTGeneratorProfitDual,gap,SSProfit
ObjectiveValue,60370.677711782126,123311.8074644575,60370.677711782126,592.3,60370.67771178218
