,GeneratorProfitDual,TotalCostDispatch,RTGeneratorProfitDual,gap,SSProfit
ObjectiveValue,-16909885674.933725,250623.92206587383,-16909885674.933725,0.0,-41295088.379843384
