,GeneratorProfitDual,TotalCostDispatch,RTGeneratorProfitDual,gap,SSProfit
ObjectiveValue,64431.28338533409,119409.66586938665,64431.28338533409,660.101,64431.283385334245
