,GeneratorProfitDual,TotalCostDispatch,RTGeneratorProfitDual,gap,SSProfit
ObjectiveValue,1013.6596210650891,489194.4670662961,1013.6596210650891,21.281,992.0855500610173
