,GeneratorProfitDual,TotalCostDispatch,RTGeneratorProfitDual,gap,SSProfit
ObjectiveValue,40273.47873917895,331007.52271478623,40273.47873917895,391.704,40258.59217315821
