,GeneratorProfitDual,TotalCostDispatch,RTGeneratorProfitDual,gap,SSProfit
ObjectiveValue,-15787793095.338118,202839.6248167946,-15787793095.338118,0.0,-14595203.906868324
