,GeneratorProfitDual,TotalCostDispatch,RTGeneratorProfitDual,gap,SSProfit
ObjectiveValue,14356.227430207566,16691.113820829643,14356.227430207566,139.079,14356.227430207235
