,GeneratorProfitDual,TotalCostDispatch,RTGeneratorProfitDual,gap,SSProfit
ObjectiveValue,-14495608680.037226,189755.4172665084,-14495608680.037226,0.0,-19914444.423602544
