,GeneratorProfitDual,TotalCostDispatch,RTGeneratorProfitDual,gap,SSProfit
ObjectiveValue,31667.800668611664,307463.8572674433,31667.800668611664,11.2705,31667.80066860826
