,GeneratorProfitDual,TotalCostDispatch,RTGeneratorProfitDual,gap,SSProfit
ObjectiveValue,24837.26346562954,381191.8624224101,24837.26346562954,12971.3,24837.263465626114
