,GeneratorProfitDual,TotalCostDispatch,RTGeneratorProfitDual,gap,SSProfit
ObjectiveValue,8535.40245015555,412162.1945325795,8535.40245015555,85.0341,8632.509092968608
