,GeneratorProfitDual,TotalCostDispatch,RTGeneratorProfitDual,gap,SSProfit
ObjectiveValue,78253.266163906,105874.76165335532,78253.266163906,727.463,79741.98178987921
