,GeneratorProfitDual,TotalCostDispatch,RTGeneratorProfitDual,gap,SSProfit
ObjectiveValue,-1739718860.1667478,36669.749131004544,-1739718860.1667478,0.0,22828206.98850174
