,GeneratorProfitDual,TotalCostDispatch,RTGeneratorProfitDual,gap,SSProfit
ObjectiveValue,58681.12255754882,274949.0279179786,58681.12255754882,0.0,58681.12255754336
