,GeneratorProfitDual,TotalCostDispatch,RTGeneratorProfitDual,gap,SSProfit
ObjectiveValue,52938.0393269947,178142.96264457094,52938.0393269947,30591.9,53030.374175806566
