,GeneratorProfitDual,TotalCostDispatch,RTGeneratorProfitDual,gap,SSProfit
ObjectiveValue,-1962403672.1159706,35129.35167284467,-1962403672.1159706,0.0,7640262.932739902
