,GeneratorProfitDual,TotalCostDispatch,RTGeneratorProfitDual,gap,SSProfit
ObjectiveValue,7492.2109312829225,133887.38323126445,7492.2109312829225,1.44373,7492.210931281611
