,GeneratorProfitDual,TotalCostDispatch,RTGeneratorProfitDual,gap,SSProfit
ObjectiveValue,7951.07957034055,299511.8217127743,7951.07957034055,15.3608,8045.712769676161
