,GeneratorProfitDual,TotalCostDispatch,RTGeneratorProfitDual,gap,SSProfit
ObjectiveValue,515.2599717316627,594936.378513358,515.2599717316627,47.5289,5362.934139632406
