,GeneratorProfitDual,TotalCostDispatch,RTGeneratorProfitDual,gap,SSProfit
ObjectiveValue,28273.90961700497,37820.00028435281,28273.90961700497,2169.97,28273.90961700183
