,GeneratorProfitDual,TotalCostDispatch,RTGeneratorProfitDual,gap,SSProfit
ObjectiveValue,28273.90961700268,37820.00028435512,28273.90961700268,11229.5,28273.909617001875
