,GeneratorProfitDual,TotalCostDispatch,RTGeneratorProfitDual,gap,SSProfit
ObjectiveValue,11407.478658484664,133359.59081838152,11407.478658484664,1953.79,11470.861511059971
