,GeneratorProfitDual,TotalCostDispatch,RTGeneratorProfitDual,gap,SSProfit
ObjectiveValue,13194.784326440047,133564.65829859625,13194.784326440047,7961.84,13948.566040313708
