,GeneratorProfitDual,TotalCostDispatch,RTGeneratorProfitDual,gap,SSProfit
ObjectiveValue,15120.859764783714,133490.44298228348,15120.859764783714,8015.38,15315.09478126086
