,GeneratorProfitDual,TotalCostDispatch,RTGeneratorProfitDual,gap,SSProfit
ObjectiveValue,34967.988448698365,18326.482036847374,34967.988448698365,305.147,40672.63238661066
