,GeneratorProfitDual,TotalCostDispatch,RTGeneratorProfitDual,gap,SSProfit
ObjectiveValue,18133.11707254908,45565.42760877744,18133.11707254908,0.0,18133.117072548066
