,GeneratorProfitDual,TotalCostDispatch,RTGeneratorProfitDual,gap,SSProfit
ObjectiveValue,28422.19678887778,124564.11261330027,28422.19678887778,259.942,28422.196788879704
