,GeneratorProfitDual,TotalCostDispatch,RTGeneratorProfitDual,gap,SSProfit
ObjectiveValue,4068.514431261421,293391.03417614184,4068.514431261421,0.0,4026.771198000019
