,GeneratorProfitDual,TotalCostDispatch,RTGeneratorProfitDual,gap,SSProfit
ObjectiveValue,-15732952193.663021,331005.9833756686,-15732952193.663021,0.0,-10304207.926501386
