,GeneratorProfitDual,TotalCostDispatch,RTGeneratorProfitDual,gap,SSProfit
ObjectiveValue,11966.469326916911,217946.18600394652,11966.469326916911,19123.0,11966.469326910757
