,GeneratorProfitDual,TotalCostDispatch,RTGeneratorProfitDual,gap,SSProfit
ObjectiveValue,11966.469326912145,217946.18600395124,11966.469326912145,193.175,11966.469326910743
