,GeneratorProfitDual,TotalCostDispatch,RTGeneratorProfitDual,gap,SSProfit
ObjectiveValue,50920.45045221291,60190.04337011085,50920.45045221291,37607.5,50920.45045229502
