,GeneratorProfitDual,TotalCostDispatch,RTGeneratorProfitDual,gap,SSProfit
ObjectiveValue,62199.59388009498,60815.6471943355,62199.59388009498,24372.2,62199.59388009477
