,GeneratorProfitDual,TotalCostDispatch,RTGeneratorProfitDual,gap,SSProfit
ObjectiveValue,65150.5122839677,62429.29070755227,65150.5122839677,22385.4,65150.512283967975
