,GeneratorProfitDual,TotalCostDispatch,RTGeneratorProfitDual,gap,SSProfit
ObjectiveValue,13399.67936707013,59640.56638313949,13399.67936707013,28330.8,13399.679367069402
