,GeneratorProfitDual,TotalCostDispatch,RTGeneratorProfitDual,gap,SSProfit
ObjectiveValue,54821.16910809564,175471.4928777412,54821.16910809564,14028.9,65650.90145450842
