,GeneratorProfitDual,TotalCostDispatch,RTGeneratorProfitDual,gap,SSProfit
ObjectiveValue,78722.05986963777,360867.3433130348,78722.05986963777,206.204,58249.936726547465
