,GeneratorProfitDual,TotalCostDispatch,RTGeneratorProfitDual,gap,SSProfit
ObjectiveValue,-15758263266.89628,135267.1911373872,-15758263266.89628,0.0,-49202242.805193864
