,GeneratorProfitDual,TotalCostDispatch,RTGeneratorProfitDual,gap,SSProfit
ObjectiveValue,798.9454920831763,413259.6823540006,798.9454920831763,0.0,794.7866989970719
