,GeneratorProfitDual,TotalCostDispatch,RTGeneratorProfitDual,gap,SSProfit
ObjectiveValue,35415.83151618816,303644.20105585834,35415.83151618816,177.099,35415.831516177204
