,GeneratorProfitDual,TotalCostDispatch,RTGeneratorProfitDual,gap,SSProfit
ObjectiveValue,35416.84365906349,303644.20105585793,35416.84365906349,752.898,35415.83151617722
