,GeneratorProfitDual,TotalCostDispatch,RTGeneratorProfitDual,gap,SSProfit
ObjectiveValue,42253.96115762253,93542.96702695725,42253.96115762253,18967.9,42354.2690364774
