,GeneratorProfitDual,TotalCostDispatch,RTGeneratorProfitDual,gap,SSProfit
ObjectiveValue,36387.5183308932,93438.95460408923,36387.5183308932,85525.7,36387.51833089211
