,GeneratorProfitDual,TotalCostDispatch,RTGeneratorProfitDual,gap,SSProfit
ObjectiveValue,6472.248694558202,258855.23015609873,6472.248694558202,59.925,6890.06051455741
