,GeneratorProfitDual,TotalCostDispatch,RTGeneratorProfitDual,gap,SSProfit
ObjectiveValue,4032.2365735580715,197286.8281467377,4032.2365735580715,0.0,4013.498415370161
