,GeneratorProfitDual,TotalCostDispatch,RTGeneratorProfitDual,gap,SSProfit
ObjectiveValue,-17472812130.505856,489182.36780997535,-17472812130.505856,0.0,-340250.6140387784
