,GeneratorProfitDual,TotalCostDispatch,RTGeneratorProfitDual,gap,SSProfit
ObjectiveValue,16554.89976319994,309979.54357150546,16554.89976319994,13.6916,16559.08221479504
