,GeneratorProfitDual,TotalCostDispatch,RTGeneratorProfitDual,gap,SSProfit
ObjectiveValue,192.98594312453588,550986.2429984869,192.98594312453588,1.41173,193.04557967874842
