,GeneratorProfitDual,TotalCostDispatch,RTGeneratorProfitDual,gap,SSProfit
ObjectiveValue,-16263000554.15998,222895.95431927982,-16263000554.15998,0.0,-24446067.466752324
