,GeneratorProfitDual,TotalCostDispatch,RTGeneratorProfitDual,gap,SSProfit
ObjectiveValue,96149.46965501104,75330.3314848956,96149.46965501104,1211.93,96155.5668995291
