,GeneratorProfitDual,TotalCostDispatch,RTGeneratorProfitDual,gap,SSProfit
ObjectiveValue,10485.328521328138,419224.0354663118,10485.328521328138,7.33767,10447.23376532451
