,GeneratorProfitDual,TotalCostDispatch,RTGeneratorProfitDual,gap,SSProfit
ObjectiveValue,110194.83308700917,539431.8341046863,110194.83308700917,1105.88,110194.83308700663
