,GeneratorProfitDual,TotalCostDispatch,RTGeneratorProfitDual,gap,SSProfit
ObjectiveValue,110054.25363630021,539339.8813246909,110054.25363630021,1105.97,110083.38609390956
