,GeneratorProfitDual,TotalCostDispatch,RTGeneratorProfitDual,gap,SSProfit
ObjectiveValue,50726.56828363762,364976.0147861944,50726.56828363762,536.013,50726.568283630404
