,GeneratorProfitDual,TotalCostDispatch,RTGeneratorProfitDual,gap,SSProfit
ObjectiveValue,3143.4352999060243,186600.19023101998,3143.4352999060243,23.4883,4460.811023164339
