,GeneratorProfitDual,TotalCostDispatch,RTGeneratorProfitDual,gap,SSProfit
ObjectiveValue,2209.4776684099343,187457.00921935932,2209.4776684099343,22.0715,2209.4776684091967
