,GeneratorProfitDual,TotalCostDispatch,RTGeneratorProfitDual,gap,SSProfit
ObjectiveValue,17192.122470606853,551000.5600324918,17192.122470606853,165.278,17192.122470602302
