,GeneratorProfitDual,TotalCostDispatch,RTGeneratorProfitDual,gap,SSProfit
ObjectiveValue,17192.122470606068,551000.5600324916,17192.122470606068,17.2849,17192.122470602284
