,GeneratorProfitDual,TotalCostDispatch,RTGeneratorProfitDual,gap,SSProfit
ObjectiveValue,72521.30279110355,273922.09970116697,72521.30279110355,21811.1,72521.30279109823
