,GeneratorProfitDual,TotalCostDispatch,RTGeneratorProfitDual,gap,SSProfit
ObjectiveValue,49113.661479487404,267185.54985516786,49113.661479487404,380.178,49908.5203146467
