,GeneratorProfitDual,TotalCostDispatch,RTGeneratorProfitDual,gap,SSProfit
ObjectiveValue,18313.97524466554,656328.560159911,18313.97524466554,78.6385,18522.07340712745
