,GeneratorProfitDual,TotalCostDispatch,RTGeneratorProfitDual,gap,SSProfit
ObjectiveValue,3167.4047585224307,16265.829440747313,3167.4047585224307,3.31332,3167.4047585221583
