,GeneratorProfitDual,TotalCostDispatch,RTGeneratorProfitDual,gap,SSProfit
ObjectiveValue,2633.5546763494604,264336.8083199101,2633.5546763494604,0.0,2735.3338169999915
