,GeneratorProfitDual,TotalCostDispatch,RTGeneratorProfitDual,gap,SSProfit
ObjectiveValue,21790.548888458477,58649.9497953216,21790.548888458477,59.007,21867.883139592326
