,GeneratorProfitDual,TotalCostDispatch,RTGeneratorProfitDual,gap,SSProfit
ObjectiveValue,21533.514357174317,58596.0207549899,21533.514357174317,11490.9,21655.756054091366
