,GeneratorProfitDual,TotalCostDispatch,RTGeneratorProfitDual,gap,SSProfit
ObjectiveValue,-1938115057.8909311,186644.72022767155,-1938115057.8909311,0.0,18698955.14300448
