,GeneratorProfitDual,TotalCostDispatch,RTGeneratorProfitDual,gap,SSProfit
ObjectiveValue,5794.294485278204,436290.2450089468,5794.294485278204,51.086,5866.687140988094
