,GeneratorProfitDual,TotalCostDispatch,RTGeneratorProfitDual,gap,SSProfit
ObjectiveValue,-17059806128.409689,369418.40728759,-17059806128.409689,0.0,-2571450.5458922097
