,GeneratorProfitDual,TotalCostDispatch,RTGeneratorProfitDual,gap,SSProfit
ObjectiveValue,3181.7522266908027,52891.081194251565,3181.7522266908027,0.0,3218.6181600000027
