,GeneratorProfitDual,TotalCostDispatch,RTGeneratorProfitDual,gap,SSProfit
ObjectiveValue,3491.89627826596,357750.1194099157,3491.89627826596,10.0015,3597.723039351674
