,GeneratorProfitDual,TotalCostDispatch,RTGeneratorProfitDual,gap,SSProfit
ObjectiveValue,80347.21459308705,184317.53043928463,80347.21459308705,9839.23,80347.21459308418
