,GeneratorProfitDual,TotalCostDispatch,RTGeneratorProfitDual,gap,SSProfit
ObjectiveValue,80357.32128137827,184317.53043928553,80357.32128137827,21521.8,80358.03401316913
