,GeneratorProfitDual,TotalCostDispatch,RTGeneratorProfitDual,gap,SSProfit
ObjectiveValue,-1964549177.3243337,27324.991167645294,-1964549177.3243337,0.0,11296891.705872845
