,GeneratorProfitDual,TotalCostDispatch,RTGeneratorProfitDual,gap,SSProfit
ObjectiveValue,-16381672211.72302,428575.0534297321,-16381672211.72302,0.0,-13022750.372051427
