,GeneratorProfitDual,TotalCostDispatch,RTGeneratorProfitDual,gap,SSProfit
ObjectiveValue,58972.295192795704,462926.2497204728,58972.295192795704,536.161,59628.67514124388
