,GeneratorProfitDual,TotalCostDispatch,RTGeneratorProfitDual,gap,SSProfit
ObjectiveValue,59716.48451906568,462925.50464284694,59716.48451906568,594.431,59733.77102536242
