,GeneratorProfitDual,TotalCostDispatch,RTGeneratorProfitDual,gap,SSProfit
ObjectiveValue,4417.184235660085,99117.00404804996,4417.184235660085,6991.47,4434.0319235317265
