,GeneratorProfitDual,TotalCostDispatch,RTGeneratorProfitDual,gap,SSProfit
ObjectiveValue,-1964442008.4529498,141397.05374098028,-1964442008.4529498,0.0,9687458.257478284
