,GeneratorProfitDual,TotalCostDispatch,RTGeneratorProfitDual,gap,SSProfit
ObjectiveValue,46422.95725631606,228924.8855292779,46422.95725631606,8393.99,46422.957256313806
