,GeneratorProfitDual,TotalCostDispatch,RTGeneratorProfitDual,gap,SSProfit
ObjectiveValue,46435.814743207906,228926.42486839832,46435.814743207906,2198.56,46435.81474320644
