,GeneratorProfitDual,TotalCostDispatch,RTGeneratorProfitDual,gap,SSProfit
ObjectiveValue,46435.81474320797,228926.4248683983,46435.81474320797,6838.68,46435.81474320649
