,GeneratorProfitDual,TotalCostDispatch,RTGeneratorProfitDual,gap,SSProfit
ObjectiveValue,46032.27978001029,125520.71948045696,46032.27978001029,11240.4,46032.27978001018
