,GeneratorProfitDual,TotalCostDispatch,RTGeneratorProfitDual,gap,SSProfit
ObjectiveValue,-1810566123.9572709,102102.38386077581,-1810566123.9572709,0.0,-650682.8827449942
