,GeneratorProfitDual,TotalCostDispatch,RTGeneratorProfitDual,gap,SSProfit
ObjectiveValue,96935.2709537979,489828.4180603406,96935.2709537979,875.689,97287.61843429065
