,GeneratorProfitDual,TotalCostDispatch,RTGeneratorProfitDual,gap,SSProfit
ObjectiveValue,67664.41028391238,169380.0434822614,67664.40992974344,0.0,67664.41028391034
