,GeneratorProfitDual,TotalCostDispatch,RTGeneratorProfitDual,gap,SSProfit
ObjectiveValue,59212.65766064554,170911.32181168397,59212.65766064554,9301.99,59243.1704400623
