,GeneratorProfitDual,TotalCostDispatch,RTGeneratorProfitDual,gap,SSProfit
ObjectiveValue,29521.22986478774,252512.0848058224,29521.22986478774,290.292,29521.229864786692
