,GeneratorProfitDual,TotalCostDispatch,RTGeneratorProfitDual,gap,SSProfit
ObjectiveValue,29521.229864788093,252512.0848058224,29521.229864788093,14.9422,29521.229864786663
