,GeneratorProfitDual,TotalCostDispatch,RTGeneratorProfitDual,gap,SSProfit
ObjectiveValue,7429.187088934011,230155.70016482545,7429.187088934011,67.2996,7544.7750063303665
