,GeneratorProfitDual,TotalCostDispatch,RTGeneratorProfitDual,gap,SSProfit
ObjectiveValue,3964.381317005722,198182.78591293973,3964.381317005722,0.0,3964.3813170000317
