,GeneratorProfitDual,TotalCostDispatch,RTGeneratorProfitDual,gap,SSProfit
ObjectiveValue,44109.31168611593,183905.49943973124,44109.31168611593,12221.6,44109.31168611497
