,GeneratorProfitDual,TotalCostDispatch,RTGeneratorProfitDual,gap,SSProfit
ObjectiveValue,48171.24627941967,183905.49943973124,48171.24627941967,480.317,48171.24627941968
