,GeneratorProfitDual,TotalCostDispatch,RTGeneratorProfitDual,gap,SSProfit
ObjectiveValue,8628.581863197134,147671.19038075992,8628.581863197134,78.1156,8628.581863195692
