,GeneratorProfitDual,TotalCostDispatch,RTGeneratorProfitDual,gap,SSProfit
ObjectiveValue,7084.621669068567,42179.87888150244,7084.621669068567,0.0,7084.621669067746
