,GeneratorProfitDual,TotalCostDispatch,RTGeneratorProfitDual,gap,SSProfit
ObjectiveValue,-289.8493539684846,39936.120242547026,-289.8493539684846,15608.1,12607.392916464229
