,GeneratorProfitDual,TotalCostDispatch,RTGeneratorProfitDual,gap,SSProfit
ObjectiveValue,39657.381973232455,35344.50648062379,39657.381973232455,663.687,39657.381973231495
