,GeneratorProfitDual,TotalCostDispatch,RTGeneratorProfitDual,gap,SSProfit
ObjectiveValue,1868.3852935975206,8112.242250396067,1868.3852935975206,0.0,1868.3852935973496
