,GeneratorProfitDual,TotalCostDispatch,RTGeneratorProfitDual,gap,SSProfit
ObjectiveValue,38036.673789363136,248194.74488853998,38036.673789363136,63.5,38126.789375173
