,GeneratorProfitDual,TotalCostDispatch,RTGeneratorProfitDual,gap,SSProfit
ObjectiveValue,38083.53271380795,248147.88596412542,38083.53271380795,1427.86,38168.57699018554
