,GeneratorProfitDual,TotalCostDispatch,RTGeneratorProfitDual,gap,SSProfit
ObjectiveValue,38116.456690395215,248148.48459600547,38116.456690395215,0.0,38190.035481164945
