,GeneratorProfitDual,TotalCostDispatch,RTGeneratorProfitDual,gap,SSProfit
ObjectiveValue,5821.438772357776,128976.46925126638,5821.438772357776,48.4296,5857.376285986478
