,GeneratorProfitDual,TotalCostDispatch,RTGeneratorProfitDual,gap,SSProfit
ObjectiveValue,42764.64014754176,283392.17969932716,42764.64014754176,9580.33,42764.640147541366
