,GeneratorProfitDual,TotalCostDispatch,RTGeneratorProfitDual,gap,SSProfit
ObjectiveValue,53845.71234743179,283392.6938511502,53845.71234743179,536.848,53845.83166324455
