,GeneratorProfitDual,TotalCostDispatch,RTGeneratorProfitDual,gap,SSProfit
ObjectiveValue,4231.490311171206,162514.14860631368,4231.490311171206,14359.3,4231.490311166666
