,GeneratorProfitDual,TotalCostDispatch,RTGeneratorProfitDual,gap,SSProfit
ObjectiveValue,1058.7021169565492,1673.0577958089802,1058.7021169565492,0.0,1058.7021169563686
