,GeneratorProfitDual,TotalCostDispatch,RTGeneratorProfitDual,gap,SSProfit
ObjectiveValue,1058.702116956596,1673.0577958088152,1058.702116956596,0.0,1058.7021169562042
