,GeneratorProfitDual,TotalCostDispatch,RTGeneratorProfitDual,gap,SSProfit
ObjectiveValue,46226.50964357902,35248.141946962634,46226.50964357902,1414.43,46226.50964357944
