,GeneratorProfitDual,TotalCostDispatch,RTGeneratorProfitDual,gap,SSProfit
ObjectiveValue,-1715025376.2090626,219859.72776605852,-1715025376.2090626,0.0,10685216.21097298
