,GeneratorProfitDual,TotalCostDispatch,RTGeneratorProfitDual,gap,SSProfit
ObjectiveValue,109214.688654567,512672.10354090267,109214.688654567,1229.58,109214.68865455745
