,GeneratorProfitDual,TotalCostDispatch,RTGeneratorProfitDual,gap,SSProfit
ObjectiveValue,109214.6886545622,512672.10354090686,109214.6886545622,863.225,109214.68865455728
