,GeneratorProfitDual,TotalCostDispatch,RTGeneratorProfitDual,gap,SSProfit
ObjectiveValue,49690.945770046405,88941.8897600637,49690.945770046405,725.335,49690.94577004635
