,GeneratorProfitDual,TotalCostDispatch,RTGeneratorProfitDual,gap,SSProfit
ObjectiveValue,70220.01578502178,89203.4434202443,70220.01578502178,699.817,70220.01578502134
