,GeneratorProfitDual,TotalCostDispatch,RTGeneratorProfitDual,gap,SSProfit
ObjectiveValue,53292.36376251091,560294.5955155789,53292.36376251091,251.788,53292.39448390338
