,GeneratorProfitDual,TotalCostDispatch,RTGeneratorProfitDual,gap,SSProfit
ObjectiveValue,3964.381317004686,155580.54608206122,3964.381317004686,0.0,3964.381317000026
