,GeneratorProfitDual,TotalCostDispatch,RTGeneratorProfitDual,gap,SSProfit
ObjectiveValue,64064.09896680821,120940.13781941182,64064.09896680821,639.767,64064.0989668091
