,GeneratorProfitDual,TotalCostDispatch,RTGeneratorProfitDual,gap,SSProfit
ObjectiveValue,22103.616879273617,119306.63854071706,22103.616879273617,0.0,22103.61687927101
