,GeneratorProfitDual,TotalCostDispatch,RTGeneratorProfitDual,gap,SSProfit
ObjectiveValue,14702.896480811261,30984.85752717578,14702.896480811261,3321.66,14702.896480810983
