,GeneratorProfitDual,TotalCostDispatch,RTGeneratorProfitDual,gap,SSProfit
ObjectiveValue,1493.8062852164494,29948.15493429801,1493.8062852164494,245.475,1644.1509667709104
