,GeneratorProfitDual,TotalCostDispatch,RTGeneratorProfitDual,gap,SSProfit
ObjectiveValue,3696.6152917177687,366223.4769929045,3696.6152917177687,,3675.0692520000093
