,GeneratorProfitDual,TotalCostDispatch,RTGeneratorProfitDual,gap,SSProfit
ObjectiveValue,13.91731138063983,463981.1471032082,13.91731138063983,0.0,13.917311373909797
