,GeneratorProfitDual,TotalCostDispatch,RTGeneratorProfitDual,gap,SSProfit
ObjectiveValue,18607.96939121463,81335.02744304387,18607.96939121463,525.095,18660.657569679584
