,GeneratorProfitDual,TotalCostDispatch,RTGeneratorProfitDual,gap,SSProfit
ObjectiveValue,31352.530253427434,244461.47159265153,31352.530253427434,27946.3,31572.67679516467
