,GeneratorProfitDual,TotalCostDispatch,RTGeneratorProfitDual,gap,SSProfit
ObjectiveValue,31378.574627427904,244461.47159265153,31378.574627427904,8764.04,31572.67679516464
