,GeneratorProfitDual,TotalCostDispatch,RTGeneratorProfitDual,gap,SSProfit
ObjectiveValue,12666.992180276678,28425.801670976187,12666.992180276678,112.894,12666.992180276318
