,GeneratorProfitDual,TotalCostDispatch,RTGeneratorProfitDual,gap,SSProfit
ObjectiveValue,12666.992180276615,28425.80167097624,12666.992180276615,6003.86,12666.992180276304
