,GeneratorProfitDual,TotalCostDispatch,RTGeneratorProfitDual,gap,SSProfit
ObjectiveValue,12666.992180276507,28425.801670976263,12666.992180276507,506.012,12666.99218027631
