,GeneratorProfitDual,TotalCostDispatch,RTGeneratorProfitDual,gap,SSProfit
ObjectiveValue,30281.83952628857,97688.41235252669,30281.83952628857,487.902,30405.248830331682
