,GeneratorProfitDual,TotalCostDispatch,RTGeneratorProfitDual,gap,SSProfit
ObjectiveValue,17287.69890522948,81290.14855364771,17287.69890522948,13677.4,17340.387083598845
