,GeneratorProfitDual,TotalCostDispatch,RTGeneratorProfitDual,gap,SSProfit
ObjectiveValue,1353.6628261223302,330312.2841843335,1353.6628261223302,1.54019,1371.3008000688699
