,GeneratorProfitDual,TotalCostDispatch,RTGeneratorProfitDual,gap,SSProfit
ObjectiveValue,-2001682528.038518,59640.56638314031,-2001682528.038518,0.0,10337738.001507219
