,GeneratorProfitDual,TotalCostDispatch,RTGeneratorProfitDual,gap,SSProfit
ObjectiveValue,-1754665782.8359096,59640.566383140314,-1754665782.8359096,0.0,16183555.2160861
