,GeneratorProfitDual,TotalCostDispatch,RTGeneratorProfitDual,gap,SSProfit
ObjectiveValue,21021.519373716852,213524.89333038597,21021.519373716852,209.962,21635.555102419326
