,GeneratorProfitDual,TotalCostDispatch,RTGeneratorProfitDual,gap,SSProfit
ObjectiveValue,-1919125951.8141854,338161.588448036,-1919125951.8141854,0.0,600905.324755019
