,GeneratorProfitDual,TotalCostDispatch,RTGeneratorProfitDual,gap,SSProfit
ObjectiveValue,-1764623483.592909,70829.09944868274,-1764623483.592909,0.0,22242723.747137193
