,GeneratorProfitDual,TotalCostDispatch,RTGeneratorProfitDual,gap,SSProfit
ObjectiveValue,66354.54951402503,258313.91099304133,66354.54951402503,2789.2,66357.22835484114
