,GeneratorProfitDual,TotalCostDispatch,RTGeneratorProfitDual,gap,SSProfit
ObjectiveValue,66354.54951402471,258313.91099304138,66354.54951402471,6936.49,66354.54951402331
