,GeneratorProfitDual,TotalCostDispatch,RTGeneratorProfitDual,gap,SSProfit
ObjectiveValue,65616.60479814112,258333.00013226544,65616.60479814112,6237.62,65618.28278144747
