,GeneratorProfitDual,TotalCostDispatch,RTGeneratorProfitDual,gap,SSProfit
ObjectiveValue,11153.30388069078,46220.30556463115,11153.30388069078,274.45,11153.30388068804
