,GeneratorProfitDual,TotalCostDispatch,RTGeneratorProfitDual,gap,SSProfit
ObjectiveValue,255.53155183308252,491265.9101381434,255.53155183308252,60.9942,336.08032214280854
