,GeneratorProfitDual,TotalCostDispatch,RTGeneratorProfitDual,gap,SSProfit
ObjectiveValue,11033.762080872602,340350.3388662126,11033.762080872602,104.356,11033.762080870674
