,GeneratorProfitDual,TotalCostDispatch,RTGeneratorProfitDual,gap,SSProfit
ObjectiveValue,11786.501322543116,339495.60098419944,11786.501322543116,45.9518,11919.840026229227
