,GeneratorProfitDual,TotalCostDispatch,RTGeneratorProfitDual,gap,SSProfit
ObjectiveValue,7123.83443371808,253220.89651896726,7123.83443371808,124.488,7082.24117971218
