,GeneratorProfitDual,TotalCostDispatch,RTGeneratorProfitDual,gap,SSProfit
ObjectiveValue,-1976161954.1930027,23194.143492006373,-1976161954.1930027,0.0,15849515.254702004
