,GeneratorProfitDual,TotalCostDispatch,RTGeneratorProfitDual,gap,SSProfit
ObjectiveValue,48705.999278949224,169188.24189537915,48705.999278949224,35531.9,48705.99927894846
