,GeneratorProfitDual,TotalCostDispatch,RTGeneratorProfitDual,gap,SSProfit
ObjectiveValue,3531.443190669208,107218.50655898829,3531.443190669208,24.7264,3570.338348979316
