,GeneratorProfitDual,TotalCostDispatch,RTGeneratorProfitDual,gap,SSProfit
ObjectiveValue,75098.63742766966,67596.73400520813,75098.63742766966,20818.0,75098.64287990978
