,GeneratorProfitDual,TotalCostDispatch,RTGeneratorProfitDual,gap,SSProfit
ObjectiveValue,51065.938562478645,270495.89212683187,51065.938562478645,615.816,51146.06694314022
