,GeneratorProfitDual,TotalCostDispatch,RTGeneratorProfitDual,gap,SSProfit
ObjectiveValue,-17104962886.884699,363651.6705794834,-17104962886.884699,0.0,-37661631.51097793
