,GeneratorProfitDual,TotalCostDispatch,RTGeneratorProfitDual,gap,SSProfit
ObjectiveValue,1184.1556064705514,358364.2155646343,1184.1556064705514,3.7948,1188.2202569999934
