,GeneratorProfitDual,TotalCostDispatch,RTGeneratorProfitDual,gap,SSProfit
ObjectiveValue,2273.2462560028866,49465.00354728778,2273.2462560028866,0.0,2273.246256000043
