,GeneratorProfitDual,TotalCostDispatch,RTGeneratorProfitDual,gap,SSProfit
ObjectiveValue,-1895745361.2898166,274043.1935427828,-1895745361.2898166,0.0,8830327.143360537
