,GeneratorProfitDual,TotalCostDispatch,RTGeneratorProfitDual,gap,SSProfit
ObjectiveValue,-1939074193.6834145,65909.34631292928,-1939074193.6834145,0.0,13643607.476659466
