,GeneratorProfitDual,TotalCostDispatch,RTGeneratorProfitDual,gap,SSProfit
ObjectiveValue,-1941763179.8792882,65909.34631292925,-1941763179.8792882,0.0,13771270.950961323
