,GeneratorProfitDual,TotalCostDispatch,RTGeneratorProfitDual,gap,SSProfit
ObjectiveValue,-1701538406.426419,276678.07314545626,-1701538406.426419,0.0,10283445.348032728
