,GeneratorProfitDual,TotalCostDispatch,RTGeneratorProfitDual,gap,SSProfit
ObjectiveValue,-1937197998.0939848,145159.1074340333,-1937197998.0939848,0.0,3389380.406027889
