,GeneratorProfitDual,TotalCostDispatch,RTGeneratorProfitDual,gap,SSProfit
ObjectiveValue,5053.459319893151,28327.819774880558,5053.459319893151,30.1904,5053.459319891262
