,GeneratorProfitDual,TotalCostDispatch,RTGeneratorProfitDual,gap,SSProfit
ObjectiveValue,5959.830770529739,76864.56510000268,5959.830770529739,0.0,6049.197727695691
