,GeneratorProfitDual,TotalCostDispatch,RTGeneratorProfitDual,gap,SSProfit
ObjectiveValue,4048.5654294912365,369002.7859841962,4048.5654294912365,14.0253,4026.771197999941
