,GeneratorProfitDual,TotalCostDispatch,RTGeneratorProfitDual,gap,SSProfit
ObjectiveValue,6487.9135452503215,72607.86971190476,6487.9135452503215,594.029,6487.913545246606
