,GeneratorProfitDual,TotalCostDispatch,RTGeneratorProfitDual,gap,SSProfit
ObjectiveValue,6487.913545247516,72607.86971190736,6487.913545247516,47484.3,6487.9135452466035
