,GeneratorProfitDual,TotalCostDispatch,RTGeneratorProfitDual,gap,SSProfit
ObjectiveValue,7025.067850774427,65624.13180549485,7025.067850774427,123054.0,7025.0678507715165
