,GeneratorProfitDual,TotalCostDispatch,RTGeneratorProfitDual,gap,SSProfit
ObjectiveValue,14053.116534612844,710949.1752714526,14053.116534612844,135.24,14448.731284691507
