,GeneratorProfitDual,TotalCostDispatch,RTGeneratorProfitDual,gap,SSProfit
ObjectiveValue,14165.8283544482,710997.0447159149,14165.8283544482,125.173,14451.120698145081
