,GeneratorProfitDual,TotalCostDispatch,RTGeneratorProfitDual,gap,SSProfit
ObjectiveValue,55430.34030831323,302700.4884761889,55430.34030831323,4099.55,55409.54368131032
