,GeneratorProfitDual,TotalCostDispatch,RTGeneratorProfitDual,gap,SSProfit
ObjectiveValue,-14312312190.408676,52891.081194252096,-14312312190.408676,0.0,-32013796.160559036
