,GeneratorProfitDual,TotalCostDispatch,RTGeneratorProfitDual,gap,SSProfit
ObjectiveValue,5969.408951682931,31537.28965450531,5969.408951682931,4747.48,5969.408951682415
