,GeneratorProfitDual,TotalCostDispatch,RTGeneratorProfitDual,gap,SSProfit
ObjectiveValue,5969.408951684771,31537.289654503467,5969.408951684771,60.874,5969.408951682414
