,GeneratorProfitDual,TotalCostDispatch,RTGeneratorProfitDual,gap,SSProfit
ObjectiveValue,69205.03441067961,347836.7044191607,69205.03441067961,352.362,56454.51685157007
