,GeneratorProfitDual,TotalCostDispatch,RTGeneratorProfitDual,gap,SSProfit
ObjectiveValue,7928.762634001153,125380.48978859054,7928.762634001153,0.0,7928.762633999995
