,GeneratorProfitDual,TotalCostDispatch,RTGeneratorProfitDual,gap,SSProfit
ObjectiveValue,11241.98732664388,317000.6661183643,11241.98732664388,70.3322,11225.661002632107
