,GeneratorProfitDual,TotalCostDispatch,RTGeneratorProfitDual,gap,SSProfit
ObjectiveValue,35901.32230872965,61442.59183680726,35901.32230872965,20413.3,36150.04491193758
