,GeneratorProfitDual,TotalCostDispatch,RTGeneratorProfitDual,gap,SSProfit
ObjectiveValue,-1713592750.6930022,292452.3750216089,-1713592750.6930022,0.0,5867850.000000001
