,GeneratorProfitDual,TotalCostDispatch,RTGeneratorProfitDual,gap,SSProfit
ObjectiveValue,-1933402021.7628372,292452.3750216092,-1933402021.7628372,0.0,4825995.880368502
