,GeneratorProfitDual,TotalCostDispatch,RTGeneratorProfitDual,gap,SSProfit
ObjectiveValue,48212.325931657564,94019.03931576706,48212.325931657564,649.468,48212.32593165656
