,GeneratorProfitDual,TotalCostDispatch,RTGeneratorProfitDual,gap,SSProfit
ObjectiveValue,37070.01181782744,45881.453643515226,37070.01181782744,22110.7,37070.01181782357
