,GeneratorProfitDual,TotalCostDispatch,RTGeneratorProfitDual,gap,SSProfit
ObjectiveValue,3969.420988341881,219625.71261251438,3969.420988341881,0.0,3970.8057863352087
