,GeneratorProfitDual,TotalCostDispatch,RTGeneratorProfitDual,gap,SSProfit
ObjectiveValue,-18997748186.197754,14125.415269651352,-18997748186.197754,0.0,-89869732.4556614
