,GeneratorProfitDual,TotalCostDispatch,RTGeneratorProfitDual,gap,SSProfit
ObjectiveValue,-1739176357.8933551,246231.07093909624,-1739176357.8933551,0.0,11498724.276175765
