,GeneratorProfitDual,TotalCostDispatch,RTGeneratorProfitDual,gap,SSProfit
ObjectiveValue,3611.624110789593,227366.19360579192,3611.624110789593,0.700693,3816.6669569999954
