,GeneratorProfitDual,TotalCostDispatch,RTGeneratorProfitDual,gap,SSProfit
ObjectiveValue,-1965981774.2025602,27324.991167645294,-1965981774.2025602,0.0,11452249.9593504
