,GeneratorProfitDual,TotalCostDispatch,RTGeneratorProfitDual,gap,SSProfit
ObjectiveValue,8000.879030344814,222168.7188425201,8000.879030344814,28.281,8000.879030342065
