,GeneratorProfitDual,TotalCostDispatch,RTGeneratorProfitDual,gap,SSProfit
ObjectiveValue,-1948713735.1109266,316508.9904890426,-1948713735.1109266,0.0,600905.324755019
