,GeneratorProfitDual,TotalCostDispatch,RTGeneratorProfitDual,gap,SSProfit
ObjectiveValue,44060.31654752004,267139.5295001578,44060.31654752004,392.226,44192.87014258159
