,GeneratorProfitDual,TotalCostDispatch,RTGeneratorProfitDual,gap,SSProfit
ObjectiveValue,-15730040328.95322,267139.52950015926,-15730040328.95322,196.394,-18423718.230317295
