,GeneratorProfitDual,TotalCostDispatch,RTGeneratorProfitDual,gap,SSProfit
ObjectiveValue,660.4621437198061,459466.57727119734,660.4621437198061,,660.3923077229565
