,GeneratorProfitDual,TotalCostDispatch,RTGeneratorProfitDual,gap,SSProfit
ObjectiveValue,80896.4443035133,94044.12155891325,80896.4443035133,14173.3,80909.87027704973
