,GeneratorProfitDual,TotalCostDispatch,RTGeneratorProfitDual,gap,SSProfit
ObjectiveValue,80820.27142442651,94047.04008264898,80820.27142442651,1009.78,80820.27142442572
