,GeneratorProfitDual,TotalCostDispatch,RTGeneratorProfitDual,gap,SSProfit
ObjectiveValue,80646.79806642348,94010.24494381406,80646.79806642348,13688.8,80646.79806642259
