,GeneratorProfitDual,TotalCostDispatch,RTGeneratorProfitDual,gap,SSProfit
ObjectiveValue,74.39680163987782,448676.19406421256,74.39680163987782,0.0,74.39680163433854
