,GeneratorProfitDual,TotalCostDispatch,RTGeneratorProfitDual,gap,SSProfit
ObjectiveValue,-1705641052.6111453,279362.5872774562,-1705641052.6111453,0.0,10550279.902692523
