,GeneratorProfitDual,TotalCostDispatch,RTGeneratorProfitDual,gap,SSProfit
ObjectiveValue,67640.54186086747,169404.2606358273,67640.54186086747,18831.8,67640.54186086559
