,GeneratorProfitDual,TotalCostDispatch,RTGeneratorProfitDual,gap,SSProfit
ObjectiveValue,70688.516128447,169377.25054534868,70688.516128447,4118.2,70801.92242455328
