,GeneratorProfitDual,TotalCostDispatch,RTGeneratorProfitDual,gap,SSProfit
ObjectiveValue,3428.1780235248275,312380.30844843003,3428.1780235248275,5.85377,3428.178023515922
