,GeneratorProfitDual,TotalCostDispatch,RTGeneratorProfitDual,gap,SSProfit
ObjectiveValue,-73197.46517487186,75022.45748693211,-73197.46517487186,20639.5,-52617.79437863756
