,GeneratorProfitDual,TotalCostDispatch,RTGeneratorProfitDual,gap,SSProfit
ObjectiveValue,36810.23537039361,71062.47793649547,36810.23537039361,681.296,36810.75583892536
