,GeneratorProfitDual,TotalCostDispatch,RTGeneratorProfitDual,gap,SSProfit
ObjectiveValue,7990.290391704593,270751.6257525187,7990.290391704593,4.80008,8023.681611481345
