,GeneratorProfitDual,TotalCostDispatch,RTGeneratorProfitDual,gap,SSProfit
ObjectiveValue,48475.73525224834,351138.1490386215,48475.73525224834,510.655,48475.73525224785
