,GeneratorProfitDual,TotalCostDispatch,RTGeneratorProfitDual,gap,SSProfit
ObjectiveValue,877.9442190019968,443026.0431788106,877.9442190019968,5.10728,975.3968577143128
