,GeneratorProfitDual,TotalCostDispatch,RTGeneratorProfitDual,gap,SSProfit
ObjectiveValue,3186.430636607614,50879.24105212433,3186.430636607614,13.8998,3186.430636606444
