,GeneratorProfitDual,TotalCostDispatch,RTGeneratorProfitDual,gap,SSProfit
ObjectiveValue,3186.4306366074798,50879.241052124475,3186.4306366074798,0.0,3186.430636606432
