,GeneratorProfitDual,TotalCostDispatch,RTGeneratorProfitDual,gap,SSProfit
ObjectiveValue,3495.8539374654133,180000.87418444082,3495.8539374654133,33.7494,3679.9099419999966
