,GeneratorProfitDual,TotalCostDispatch,RTGeneratorProfitDual,gap,SSProfit
ObjectiveValue,1348.28424129929,145254.13962207502,1348.28424129929,0.0,1434.010729433993
