,GeneratorProfitDual,TotalCostDispatch,RTGeneratorProfitDual,gap,SSProfit
ObjectiveValue,16319.603836872779,335064.49711021263,16319.603836872779,154.721,16319.603836870872
