,GeneratorProfitDual,TotalCostDispatch,RTGeneratorProfitDual,gap,SSProfit
ObjectiveValue,17066.9747292551,334236.19166690693,17066.9747292551,67.2235,17204.93052212215
