,GeneratorProfitDual,TotalCostDispatch,RTGeneratorProfitDual,gap,SSProfit
ObjectiveValue,5792.904936144157,171725.17244414645,5792.904936144157,0.0,5792.904936142842
