,GeneratorProfitDual,TotalCostDispatch,RTGeneratorProfitDual,gap,SSProfit
ObjectiveValue,15860.576602002282,71248.90693099776,15860.576602002282,426.978,15865.100547846512
