,GeneratorProfitDual,TotalCostDispatch,RTGeneratorProfitDual,gap,SSProfit
ObjectiveValue,1868.3852935985058,11098.712088619906,1868.3852935985058,5.57154,1868.3852935973496
