,GeneratorProfitDual,TotalCostDispatch,RTGeneratorProfitDual,gap,SSProfit
ObjectiveValue,1868.3852935977316,11098.712088620721,1868.3852935977316,0.0,1868.3852935973496
