,GeneratorProfitDual,TotalCostDispatch,RTGeneratorProfitDual,gap,SSProfit
ObjectiveValue,1868.385293598392,11098.712088620037,1868.385293598392,0.0,1868.3852935973498
