,GeneratorProfitDual,TotalCostDispatch,RTGeneratorProfitDual,gap,SSProfit
ObjectiveValue,43086.87157770799,61289.007048923115,43086.87157770799,23703.3,43209.80736601009
