,GeneratorProfitDual,TotalCostDispatch,RTGeneratorProfitDual,gap,SSProfit
ObjectiveValue,41516.842114934,250506.7937106178,41516.842114934,532.785,50201.022456375424
