,GeneratorProfitDual,TotalCostDispatch,RTGeneratorProfitDual,gap,SSProfit
ObjectiveValue,70258.44109169513,161701.24776984367,70258.44109169513,25633.5,70258.44109169426
