,GeneratorProfitDual,TotalCostDispatch,RTGeneratorProfitDual,gap,SSProfit
ObjectiveValue,6795.142919342462,31537.28965450373,6795.142919342462,0.0,6795.142919340356
