,GeneratorProfitDual,TotalCostDispatch,RTGeneratorProfitDual,gap,SSProfit
ObjectiveValue,-1927805503.4438741,59554.066679245436,-1927805503.4438741,0.0,14193754.995761989
