,GeneratorProfitDual,TotalCostDispatch,RTGeneratorProfitDual,gap,SSProfit
ObjectiveValue,3365.4200574042666,51612.54180381811,3365.4200574042666,0.0,3365.420057403937
