,GeneratorProfitDual,TotalCostDispatch,RTGeneratorProfitDual,gap,SSProfit
ObjectiveValue,3393.5255026448167,51616.408189418195,3393.5255026448167,0.0,3393.525502644434
