,GeneratorProfitDual,TotalCostDispatch,RTGeneratorProfitDual,gap,SSProfit
ObjectiveValue,6108.973480356646,113639.07847559676,6108.973480356646,7.38517,6108.973480355357
