,GeneratorProfitDual,TotalCostDispatch,RTGeneratorProfitDual,gap,SSProfit
ObjectiveValue,69877.37238625844,117435.89928630226,69877.37238625844,813.128,69877.54639771898
