,GeneratorProfitDual,TotalCostDispatch,RTGeneratorProfitDual,gap,SSProfit
ObjectiveValue,78081.5636976151,117435.89928630224,78081.5636976151,780.519,78081.73770907543
