,GeneratorProfitDual,TotalCostDispatch,RTGeneratorProfitDual,gap,SSProfit
ObjectiveValue,69680.1604752412,117352.62354836568,69680.1604752412,694.571,69680.79502150622
