,GeneratorProfitDual,TotalCostDispatch,RTGeneratorProfitDual,gap,SSProfit
ObjectiveValue,69854.75442883934,117367.21264216283,69854.75442883934,776.788,69854.75442883787
