,GeneratorProfitDual,TotalCostDispatch,RTGeneratorProfitDual,gap,SSProfit
ObjectiveValue,78084.44389217933,117433.01909173816,78084.44389217933,771.435,78085.07843844515
