,GeneratorProfitDual,TotalCostDispatch,RTGeneratorProfitDual,gap,SSProfit
ObjectiveValue,40617.87618681751,546458.9550441034,40617.87618681751,56.9671,40618.246334504765
