,GeneratorProfitDual,TotalCostDispatch,RTGeneratorProfitDual,gap,SSProfit
ObjectiveValue,96261.74405370711,166747.68135508546,96261.74405370711,39569.0,96261.74405370462
