,GeneratorProfitDual,TotalCostDispatch,RTGeneratorProfitDual,gap,SSProfit
ObjectiveValue,96261.74405370637,166747.6813550855,96261.74405370637,0.0,96261.74405370382
