,GeneratorProfitDual,TotalCostDispatch,RTGeneratorProfitDual,gap,SSProfit
ObjectiveValue,3846.3266353792396,86722.03968591253,3846.3266353792396,1.03732,3910.932041999985
