,GeneratorProfitDual,TotalCostDispatch,RTGeneratorProfitDual,gap,SSProfit
ObjectiveValue,10.336099889171692,38274.435400189046,10.336099889171692,0.0,10.336099888827285
