,GeneratorProfitDual,TotalCostDispatch,RTGeneratorProfitDual,gap,SSProfit
ObjectiveValue,10.336099890077321,38274.43540018885,10.336099890077321,0.0,10.336099888830486
