,GeneratorProfitDual,TotalCostDispatch,RTGeneratorProfitDual,gap,SSProfit
ObjectiveValue,61735.10812482575,174905.99743178088,61735.10812482575,576.54,61735.10812482118
