,GeneratorProfitDual,TotalCostDispatch,RTGeneratorProfitDual,gap,SSProfit
ObjectiveValue,58405.233262935355,69719.00135855703,58405.233262935355,3993.69,58405.23326293497
