,GeneratorProfitDual,TotalCostDispatch,RTGeneratorProfitDual,gap,SSProfit
ObjectiveValue,39278.47989327651,66541.67212556057,39278.47989327651,691.153,39278.479893275806
