,GeneratorProfitDual,TotalCostDispatch,RTGeneratorProfitDual,gap,SSProfit
ObjectiveValue,151.47125483786135,349293.1584588889,151.47125483786135,0.0,151.47125483310106
