,GeneratorProfitDual,TotalCostDispatch,RTGeneratorProfitDual,gap,SSProfit
ObjectiveValue,65252.844522387604,67428.02233643079,65252.844522387604,49588.1,65252.84452310676
