,GeneratorProfitDual,TotalCostDispatch,RTGeneratorProfitDual,gap,SSProfit
ObjectiveValue,65252.84452238717,67428.02233643086,65252.84452238717,4231.07,65252.84452238604
