,GeneratorProfitDual,TotalCostDispatch,RTGeneratorProfitDual,gap,SSProfit
ObjectiveValue,51234.857963782626,43954.22848744317,51234.857963782626,10646.1,51234.85796378156
