,GeneratorProfitDual,TotalCostDispatch,RTGeneratorProfitDual,gap,SSProfit
ObjectiveValue,17569.989568906243,306261.1061503822,17569.989568906243,0.0,17582.006587421492
