,GeneratorProfitDual,TotalCostDispatch,RTGeneratorProfitDual,gap,SSProfit
ObjectiveValue,17578.481666016927,306250.5299893463,17578.481666016927,248.785,17578.48166601351
