,GeneratorProfitDual,TotalCostDispatch,RTGeneratorProfitDual,gap,SSProfit
ObjectiveValue,-1925485984.4004648,169271.02676020985,-1925485984.4004648,0.0,4739622.117738756
