,GeneratorProfitDual,TotalCostDispatch,RTGeneratorProfitDual,gap,SSProfit
ObjectiveValue,11492.045284858516,65632.38055030792,11492.045284858516,12977.5,11489.927873225399
