,GeneratorProfitDual,TotalCostDispatch,RTGeneratorProfitDual,gap,SSProfit
ObjectiveValue,4001.5042680010447,191379.85763250728,4001.5042680010447,0.0,4001.504267999995
