,GeneratorProfitDual,TotalCostDispatch,RTGeneratorProfitDual,gap,SSProfit
ObjectiveValue,45386.83131744313,276678.0731454541,45386.83131744313,618.302,45388.29926029028
