,GeneratorProfitDual,TotalCostDispatch,RTGeneratorProfitDual,gap,SSProfit
ObjectiveValue,109.25055339536493,79411.22850968917,109.25055339536493,0.0,89.20391786189104
