,GeneratorProfitDual,TotalCostDispatch,RTGeneratorProfitDual,gap,SSProfit
ObjectiveValue,28876.05453372077,19123.341719813463,28876.05453372077,1901.85,28876.054533720006
