,GeneratorProfitDual,TotalCostDispatch,RTGeneratorProfitDual,gap,SSProfit
ObjectiveValue,28876.054533720817,19123.341719813394,28876.054533720817,295.577,28876.05453372006
