,GeneratorProfitDual,TotalCostDispatch,RTGeneratorProfitDual,gap,SSProfit
ObjectiveValue,15385.35128840901,23716.247910562917,15385.35128840901,5020.36,15385.351288416845
