,GeneratorProfitDual,TotalCostDispatch,RTGeneratorProfitDual,gap,SSProfit
ObjectiveValue,15385.351288418344,23716.247910562015,15385.351288418344,282.248,15385.35128841675
