,GeneratorProfitDual,TotalCostDispatch,RTGeneratorProfitDual,gap,SSProfit
ObjectiveValue,15385.35128841725,23716.247910563085,15385.35128841725,269.66,15385.3512884169
