,GeneratorProfitDual,TotalCostDispatch,RTGeneratorProfitDual,gap,SSProfit
ObjectiveValue,7928.762634001365,136464.02252766438,7928.762634001365,0.0,7928.762634000011
