,GeneratorProfitDual,TotalCostDispatch,RTGeneratorProfitDual,gap,SSProfit
ObjectiveValue,8057.6239840363505,423441.9740944617,8057.6239840363505,1.66762,8061.814407191218
