,GeneratorProfitDual,TotalCostDispatch,RTGeneratorProfitDual,gap,SSProfit
ObjectiveValue,-17061076468.013815,562212.4940306168,-17061076468.013815,0.0,-50013898.4293984
