,GeneratorProfitDual,TotalCostDispatch,RTGeneratorProfitDual,gap,SSProfit
ObjectiveValue,2685.8939255365863,20504.426765229557,2685.8939255365863,3.8228,2685.893925536314
