,GeneratorProfitDual,TotalCostDispatch,RTGeneratorProfitDual,gap,SSProfit
ObjectiveValue,68358.45349522663,98169.35475381529,68358.45349522663,19962.2,68372.84963581368
