,GeneratorProfitDual,TotalCostDispatch,RTGeneratorProfitDual,gap,SSProfit
ObjectiveValue,107597.82441794171,98197.20630091404,107597.82441794171,3461.24,107629.18318360021
