,GeneratorProfitDual,TotalCostDispatch,RTGeneratorProfitDual,gap,SSProfit
ObjectiveValue,68363.166418208,98169.35475381509,68363.166418208,4399.49,68369.41373535608
