,GeneratorProfitDual,TotalCostDispatch,RTGeneratorProfitDual,gap,SSProfit
ObjectiveValue,-16937490068.174795,501885.9484743371,-16937490068.174795,0.0,-4403475.918581163
