,GeneratorProfitDual,TotalCostDispatch,RTGeneratorProfitDual,gap,SSProfit
ObjectiveValue,24538.345362258104,56170.18649896887,24538.345362258104,536.415,24617.3926310684
