,GeneratorProfitDual,TotalCostDispatch,RTGeneratorProfitDual,gap,SSProfit
ObjectiveValue,3630.978566640729,131149.82033916697,3630.978566640729,3.25016,3633.1278350498937
