,GeneratorProfitDual,TotalCostDispatch,RTGeneratorProfitDual,gap,SSProfit
ObjectiveValue,17120.40289068603,74854.26295184727,17120.40289068603,319.83,17172.680551281654
