,GeneratorProfitDual,TotalCostDispatch,RTGeneratorProfitDual,gap,SSProfit
ObjectiveValue,28420.52964024239,47648.565623424685,28420.52964024239,515.699,28420.5296402417
