,GeneratorProfitDual,TotalCostDispatch,RTGeneratorProfitDual,gap,SSProfit
ObjectiveValue,7875.143606567295,107942.4119002628,7875.143606567295,367.132,7875.143606566794
