,GeneratorProfitDual,TotalCostDispatch,RTGeneratorProfitDual,gap,SSProfit
ObjectiveValue,-1921174820.7555087,257111.73625197017,-1921174820.7555087,0.0,7143190.431234538
