,GeneratorProfitDual,TotalCostDispatch,RTGeneratorProfitDual,gap,SSProfit
ObjectiveValue,-1876391773.5160708,257195.76990068267,-1876391773.5160708,0.0,9126077.9948186
