,GeneratorProfitDual,TotalCostDispatch,RTGeneratorProfitDual,gap,SSProfit
ObjectiveValue,59552.83946057042,280909.21535768185,59552.83946057042,589.74,59552.83946056877
