,GeneratorProfitDual,TotalCostDispatch,RTGeneratorProfitDual,gap,SSProfit
ObjectiveValue,12643.30970227351,59272.277179564655,12643.30970227351,14037.0,12823.469316902601
