,GeneratorProfitDual,TotalCostDispatch,RTGeneratorProfitDual,gap,SSProfit
ObjectiveValue,80576.66217180071,63284.26017562502,80576.66217180071,32580.0,80576.66217180013
