,GeneratorProfitDual,TotalCostDispatch,RTGeneratorProfitDual,gap,SSProfit
ObjectiveValue,97973.55091071599,174739.6199941445,97973.55091071599,0.0,97973.55091071493
