,GeneratorProfitDual,TotalCostDispatch,RTGeneratorProfitDual,gap,SSProfit
ObjectiveValue,97973.55091072565,174739.6199941364,97973.55091072565,50551.1,97973.55091071506
