,GeneratorProfitDual,TotalCostDispatch,RTGeneratorProfitDual,gap,SSProfit
ObjectiveValue,27002.046892949194,186389.30398652758,27002.046892949194,4954.16,27483.276832936317
