,GeneratorProfitDual,TotalCostDispatch,RTGeneratorProfitDual,gap,SSProfit
ObjectiveValue,3982.5377671175215,273973.6235162296,3982.5377671175215,0.0,4026.771197999995
