,GeneratorProfitDual,TotalCostDispatch,RTGeneratorProfitDual,gap,SSProfit
ObjectiveValue,3482.6137045438654,84587.77611098399,3482.6137045438654,0.0,3482.6137045434766
