,GeneratorProfitDual,TotalCostDispatch,RTGeneratorProfitDual,gap,SSProfit
ObjectiveValue,11661.050919365187,48032.04403473229,11661.050919365187,60.7161,11661.050919364561
