,GeneratorProfitDual,TotalCostDispatch,RTGeneratorProfitDual,gap,SSProfit
ObjectiveValue,11661.050919365027,48032.044034732295,11661.050919365027,204.75,11661.050919364563
