,GeneratorProfitDual,TotalCostDispatch,RTGeneratorProfitDual,gap,SSProfit
ObjectiveValue,11661.05091936496,48032.04403473228,11661.05091936496,74.5429,11661.05091936458
