,GeneratorProfitDual,TotalCostDispatch,RTGeneratorProfitDual,gap,SSProfit
ObjectiveValue,-15227825187.784533,213367.3880876622,-15227825187.784533,0.0,-38844732.50961661
