,GeneratorProfitDual,TotalCostDispatch,RTGeneratorProfitDual,gap,SSProfit
ObjectiveValue,2565.698551178968,15883.565568753691,2565.698551178968,17.9655,2565.698551178549
