,GeneratorProfitDual,TotalCostDispatch,RTGeneratorProfitDual,gap,SSProfit
ObjectiveValue,2565.698551179046,15883.565568753345,2565.698551179046,12.7144,2565.698551178573
