,GeneratorProfitDual,TotalCostDispatch,RTGeneratorProfitDual,gap,SSProfit
ObjectiveValue,2565.698551179459,15883.565568752942,2565.698551179459,8.17769,2565.6985511785842
