,GeneratorProfitDual,TotalCostDispatch,RTGeneratorProfitDual,gap,SSProfit
ObjectiveValue,33309.02725145762,175818.15832672786,33309.02725145762,3662.97,33309.02725145692
