,GeneratorProfitDual,TotalCostDispatch,RTGeneratorProfitDual,gap,SSProfit
ObjectiveValue,33309.02725146852,175818.1583267278,33309.02725146852,171.183,33309.02725146721
