,GeneratorProfitDual,TotalCostDispatch,RTGeneratorProfitDual,gap,SSProfit
ObjectiveValue,256.08088522525395,355732.9877228735,256.08088522525395,0.0,256.8939132819269
