,GeneratorProfitDual,TotalCostDispatch,RTGeneratorProfitDual,gap,SSProfit
ObjectiveValue,6409.268844088768,152074.40757988594,6409.268844088768,68.9516,6532.389634770176
