,GeneratorProfitDual,TotalCostDispatch,RTGeneratorProfitDual,gap,SSProfit
ObjectiveValue,2266.075866967919,23564.25974561059,2266.075866967919,4.14425,2266.0758669678353
