,GeneratorProfitDual,TotalCostDispatch,RTGeneratorProfitDual,gap,SSProfit
ObjectiveValue,2266.075866968037,23564.259745610525,2266.075866968037,135.235,2266.0758669678316
