,GeneratorProfitDual,TotalCostDispatch,RTGeneratorProfitDual,gap,SSProfit
ObjectiveValue,383.61274940461635,412890.5401361981,383.61274940461635,0.00320484,383.61274939896225
