,GeneratorProfitDual,TotalCostDispatch,RTGeneratorProfitDual,gap,SSProfit
ObjectiveValue,-1927297835.4818048,31881.943426637965,-1927297835.4818048,0.0,17022295.78979391
