,GeneratorProfitDual,TotalCostDispatch,RTGeneratorProfitDual,gap,SSProfit
ObjectiveValue,3807.499383266012,124832.94115062345,3807.499383266012,0.0,3938.336942999991
