,GeneratorProfitDual,TotalCostDispatch,RTGeneratorProfitDual,gap,SSProfit
ObjectiveValue,-1928190172.0031025,85626.90040847647,-1928190172.0031025,0.0,6747700.436996284
