,GeneratorProfitDual,TotalCostDispatch,RTGeneratorProfitDual,gap,SSProfit
ObjectiveValue,13200.216446569444,81717.42523048916,13200.216446569444,29100.4,13910.409211918415
