,GeneratorProfitDual,TotalCostDispatch,RTGeneratorProfitDual,gap,SSProfit
ObjectiveValue,-1931875389.8103242,81610.15837804653,-1931875389.8103242,0.0,7181979.0467579905
