,GeneratorProfitDual,TotalCostDispatch,RTGeneratorProfitDual,gap,SSProfit
ObjectiveValue,1147.591632860041,81844.17302759089,1147.591632860041,8357.1,1660.1518444160347
