,GeneratorProfitDual,TotalCostDispatch,RTGeneratorProfitDual,gap,SSProfit
ObjectiveValue,7064.17605215018,398275.7663588219,7064.17605215018,-1.90967,7034.4388191459875
