,GeneratorProfitDual,TotalCostDispatch,RTGeneratorProfitDual,gap,SSProfit
ObjectiveValue,-88766.74753447299,678226.9090613272,-88766.74753447299,0.0,3995.7527862535835
