,GeneratorProfitDual,TotalCostDispatch,RTGeneratorProfitDual,gap,SSProfit
ObjectiveValue,2301.7438605520374,91375.19531123884,2301.7438605520374,0.0,2301.743860549905
