,GeneratorProfitDual,TotalCostDispatch,RTGeneratorProfitDual,gap,SSProfit
ObjectiveValue,57505.779168157096,266916.60753562243,57505.779168157096,974.159,57669.51247889231
