,GeneratorProfitDual,TotalCostDispatch,RTGeneratorProfitDual,gap,SSProfit
ObjectiveValue,49568.983198495196,275206.94123602856,49568.983198495196,7610.35,49568.98319849374
