,GeneratorProfitDual,TotalCostDispatch,RTGeneratorProfitDual,gap,SSProfit
ObjectiveValue,35977.44030030354,227435.23727517333,35977.44030030354,503.323,36042.19038307332
