,GeneratorProfitDual,TotalCostDispatch,RTGeneratorProfitDual,gap,SSProfit
ObjectiveValue,22322.40783360898,102719.03721258578,22322.40783360898,12366.9,22322.407833605746
