,GeneratorProfitDual,TotalCostDispatch,RTGeneratorProfitDual,gap,SSProfit
ObjectiveValue,22346.65594045469,102719.03721258832,22346.65594045469,65840.3,22322.407833605837
