,GeneratorProfitDual,TotalCostDispatch,RTGeneratorProfitDual,gap,SSProfit
ObjectiveValue,11966.469326916837,221327.1572007514,11966.469326916837,2715.13,11966.469326910761
