,GeneratorProfitDual,TotalCostDispatch,RTGeneratorProfitDual,gap,SSProfit
ObjectiveValue,51438.110558866676,172421.4875747831,51438.110558866676,625.459,52053.21729949034
