,GeneratorProfitDual,TotalCostDispatch,RTGeneratorProfitDual,gap,SSProfit
ObjectiveValue,2936.3937087318313,227677.11220359628,2936.3937087318313,4.1034,2936.3937087291397
