,GeneratorProfitDual,TotalCostDispatch,RTGeneratorProfitDual,gap,SSProfit
ObjectiveValue,80928.86025935864,542560.05706308,80928.86025935864,14467.3,81172.60587245502
