,GeneratorProfitDual,TotalCostDispatch,RTGeneratorProfitDual,gap,SSProfit
ObjectiveValue,81054.92666692441,542557.8631869219,81054.92666692441,0.0,81136.48708491083
