,GeneratorProfitDual,TotalCostDispatch,RTGeneratorProfitDual,gap,SSProfit
ObjectiveValue,32271.033347199726,335774.3095511871,32271.033347199726,86.2484,32289.667349093826
