,GeneratorProfitDual,TotalCostDispatch,RTGeneratorProfitDual,gap,SSProfit
ObjectiveValue,5225.890639434609,20518.076408061843,5225.890639434609,52.0761,5225.890639434164
