,GeneratorProfitDual,TotalCostDispatch,RTGeneratorProfitDual,gap,SSProfit
ObjectiveValue,5225.890639434579,20518.07640806182,5225.890639434579,0.0,5225.89063943416
