,GeneratorProfitDual,TotalCostDispatch,RTGeneratorProfitDual,gap,SSProfit
ObjectiveValue,15351.934897525543,542508.4582567834,15351.934897525543,53.8296,15304.13383835772
