,GeneratorProfitDual,TotalCostDispatch,RTGeneratorProfitDual,gap,SSProfit
ObjectiveValue,10012.673839323437,31537.289654505083,10012.673839323437,97.9565,10012.673839322759
