,GeneratorProfitDual,TotalCostDispatch,RTGeneratorProfitDual,gap,SSProfit
ObjectiveValue,10012.673839323197,31537.289654505257,10012.673839323197,2062.28,10012.673839322728
