,GeneratorProfitDual,TotalCostDispatch,RTGeneratorProfitDual,gap,SSProfit
ObjectiveValue,26141.82627297117,119309.70236898145,26141.82627297117,440.099,26157.975612881924
