,GeneratorProfitDual,TotalCostDispatch,RTGeneratorProfitDual,gap,SSProfit
ObjectiveValue,80951.96045663566,454893.8040375894,80951.96045663566,1517.6,81088.94691944524
