,GeneratorProfitDual,TotalCostDispatch,RTGeneratorProfitDual,gap,SSProfit
ObjectiveValue,2002.0101170133094,41565.052761414765,2002.0101170133094,0.511922,2013.3973578405569
