,GeneratorProfitDual,TotalCostDispatch,RTGeneratorProfitDual,gap,SSProfit
ObjectiveValue,12025.952488228522,631103.5414276724,12025.952488228522,58.0401,12299.469305393946
