,GeneratorProfitDual,TotalCostDispatch,RTGeneratorProfitDual,gap,SSProfit
ObjectiveValue,12024.21695259946,631104.7752910625,12024.21695259946,110.61,12302.497320983983
