,GeneratorProfitDual,TotalCostDispatch,RTGeneratorProfitDual,gap,SSProfit
ObjectiveValue,2409.57510317631,356963.5896378908,2409.57510317631,8.07859,2409.5751031708955
