,GeneratorProfitDual,TotalCostDispatch,RTGeneratorProfitDual,gap,SSProfit
ObjectiveValue,-16667517423.585665,356419.7346384399,-16667517423.585665,0.0,-5138821.11503094
