,GeneratorProfitDual,TotalCostDispatch,RTGeneratorProfitDual,gap,SSProfit
ObjectiveValue,174.20950501687685,412877.07550181146,174.20950501687685,0.0,159.61848399999917
