,GeneratorProfitDual,TotalCostDispatch,RTGeneratorProfitDual,gap,SSProfit
ObjectiveValue,58677.900683346204,423442.5299669222,58677.900683346204,451.205,58677.90068334312
