,GeneratorProfitDual,TotalCostDispatch,RTGeneratorProfitDual,gap,SSProfit
ObjectiveValue,58677.90068334616,423442.5299669222,58677.90068334616,562.797,58677.90068334313
