,GeneratorProfitDual,TotalCostDispatch,RTGeneratorProfitDual,gap,SSProfit
ObjectiveValue,58677.90068334601,423442.5299669222,58677.90068334601,583.344,58677.90068334313
