,GeneratorProfitDual,TotalCostDispatch,RTGeneratorProfitDual,gap,SSProfit
ObjectiveValue,64355.16383460689,99302.5827358873,64355.16383460689,12083.8,64355.16383460413
