,GeneratorProfitDual,TotalCostDispatch,RTGeneratorProfitDual,gap,SSProfit
ObjectiveValue,11862.164621579013,113632.26804704781,11862.164621579013,0.0,11930.754100240018
