,GeneratorProfitDual,TotalCostDispatch,RTGeneratorProfitDual,gap,SSProfit
ObjectiveValue,57353.09972946826,414943.6651519187,57353.09972946826,580.973,57388.79697812032
