,GeneratorProfitDual,TotalCostDispatch,RTGeneratorProfitDual,gap,SSProfit
ObjectiveValue,-1920209366.9329948,296602.3534545525,-1920209366.9329948,0.0,9798127.827120567
