,GeneratorProfitDual,TotalCostDispatch,RTGeneratorProfitDual,gap,SSProfit
ObjectiveValue,-1916944202.6684918,296602.35345455236,-1916944202.6684918,0.0,8428854.47753642
