,GeneratorProfitDual,TotalCostDispatch,RTGeneratorProfitDual,gap,SSProfit
ObjectiveValue,57349.58509020639,314485.8002270609,57349.58509020639,648.937,57717.684290120975
