,GeneratorProfitDual,TotalCostDispatch,RTGeneratorProfitDual,gap,SSProfit
ObjectiveValue,75249.32913502213,296602.3534545511,75249.32913502213,305.141,75249.32913502195
