,GeneratorProfitDual,TotalCostDispatch,RTGeneratorProfitDual,gap,SSProfit
ObjectiveValue,-1913781419.4333096,296602.3534545524,-1913781419.4333096,0.0,9689720.572970178
