,GeneratorProfitDual,TotalCostDispatch,RTGeneratorProfitDual,gap,SSProfit
ObjectiveValue,3177.686181327556,61567.67723109871,3177.686181327556,0.0,3177.686181327047
