,GeneratorProfitDual,TotalCostDispatch,RTGeneratorProfitDual,gap,SSProfit
ObjectiveValue,3177.6861813296105,61567.67723109666,3177.6861813296105,0.0,3177.686181327068
