,GeneratorProfitDual,TotalCostDispatch,RTGeneratorProfitDual,gap,SSProfit
ObjectiveValue,66477.76757959832,161341.2497956841,66477.76757959832,23549.7,66477.767579597
