,GeneratorProfitDual,TotalCostDispatch,RTGeneratorProfitDual,gap,SSProfit
ObjectiveValue,28420.529640242963,47648.56562342445,28420.529640242963,36840.6,28420.52964024169
