,GeneratorProfitDual,TotalCostDispatch,RTGeneratorProfitDual,gap,SSProfit
ObjectiveValue,28393.964077534984,47675.13118613232,28393.964077534984,5417.99,28393.96407753411
