,GeneratorProfitDual,TotalCostDispatch,RTGeneratorProfitDual,gap,SSProfit
ObjectiveValue,53027.076645049994,328584.35535382124,53027.076645049994,557.343,53348.80207355431
