,GeneratorProfitDual,TotalCostDispatch,RTGeneratorProfitDual,gap,SSProfit
ObjectiveValue,-14796100962.822342,114296.01214024768,-14796100962.822342,0.0,-17020442.278956424
