,GeneratorProfitDual,TotalCostDispatch,RTGeneratorProfitDual,gap,SSProfit
ObjectiveValue,-19426392222.027763,254246.2361463072,-19426392222.027763,0.0,-37164293.98220641
