,GeneratorProfitDual,TotalCostDispatch,RTGeneratorProfitDual,gap,SSProfit
ObjectiveValue,3964.3813170033973,154334.65314014998,3964.3813170033973,0.0,3964.3813170000158
