,GeneratorProfitDual,TotalCostDispatch,RTGeneratorProfitDual,gap,SSProfit
ObjectiveValue,39976.81705532443,45881.45364351828,39976.81705532443,12863.6,39976.81705532356
