,GeneratorProfitDual,TotalCostDispatch,RTGeneratorProfitDual,gap,SSProfit
ObjectiveValue,-1936953244.3836334,98169.35475381612,-1936953244.3836334,0.0,12057577.60765353
