,GeneratorProfitDual,TotalCostDispatch,RTGeneratorProfitDual,gap,SSProfit
ObjectiveValue,-1939642230.579507,98169.35475381611,-1939642230.579507,0.0,12012435.939978251
