,GeneratorProfitDual,TotalCostDispatch,RTGeneratorProfitDual,gap,SSProfit
ObjectiveValue,-1916094396.7035136,186864.66069375098,-1916094396.7035136,0.0,7586178.257104481
