,GeneratorProfitDual,TotalCostDispatch,RTGeneratorProfitDual,gap,SSProfit
ObjectiveValue,10215.31969803177,39856.608623409986,10215.31969803177,157.833,10215.319698031506
