,GeneratorProfitDual,TotalCostDispatch,RTGeneratorProfitDual,gap,SSProfit
ObjectiveValue,10211.629746681754,39836.663892841796,10211.629746681754,110.055,10211.629746680712
