,GeneratorProfitDual,TotalCostDispatch,RTGeneratorProfitDual,gap,SSProfit
ObjectiveValue,10211.629746681625,39836.663892841934,10211.629746681625,4246.07,10211.62974668071
