,GeneratorProfitDual,TotalCostDispatch,RTGeneratorProfitDual,gap,SSProfit
ObjectiveValue,109218.9840326627,512672.10354090686,109218.9840326627,1049.73,109218.98403265742
