,GeneratorProfitDual,TotalCostDispatch,RTGeneratorProfitDual,gap,SSProfit
ObjectiveValue,117212.65397799505,36712.864356618724,117212.65397799505,1113.26,117212.65397796335
