,GeneratorProfitDual,TotalCostDispatch,RTGeneratorProfitDual,gap,SSProfit
ObjectiveValue,43771.30013557302,314856.8008846843,43771.30013557302,394.719,43771.30013557136
