,GeneratorProfitDual,TotalCostDispatch,RTGeneratorProfitDual,gap,SSProfit
ObjectiveValue,43734.76696949752,314835.01325700106,43734.76696949752,253.54,43811.800253241636
