,GeneratorProfitDual,TotalCostDispatch,RTGeneratorProfitDual,gap,SSProfit
ObjectiveValue,7091.761306773376,454894.6074541485,7091.761306773376,1008.74,7246.159529397508
