,GeneratorProfitDual,TotalCostDispatch,RTGeneratorProfitDual,gap,SSProfit
ObjectiveValue,1537.4262460003606,267180.4280241702,1537.4262460003606,0.0,1842.2251398213682
