,GeneratorProfitDual,TotalCostDispatch,RTGeneratorProfitDual,gap,SSProfit
ObjectiveValue,52522.151877044926,355135.64547354257,52522.151877044926,0.0,52522.15187704476
