,GeneratorProfitDual,TotalCostDispatch,RTGeneratorProfitDual,gap,SSProfit
ObjectiveValue,-1970687713.8484523,23194.143492006373,-1970687713.8484523,0.0,15849515.254702004
