,GeneratorProfitDual,TotalCostDispatch,RTGeneratorProfitDual,gap,SSProfit
ObjectiveValue,9694.35890343818,130801.17158280585,9694.35890343818,199.578,9694.35890343699
