,GeneratorProfitDual,TotalCostDispatch,RTGeneratorProfitDual,gap,SSProfit
ObjectiveValue,9694.358903439093,130801.17158280495,9694.358903439093,90.4592,9694.358903437014
