,GeneratorProfitDual,TotalCostDispatch,RTGeneratorProfitDual,gap,SSProfit
ObjectiveValue,11784.897891147513,361486.6824840018,11784.897891147513,110.488,11935.750811700053
