,GeneratorProfitDual,TotalCostDispatch,RTGeneratorProfitDual,gap,SSProfit
ObjectiveValue,706.5335692253973,327918.8242416833,706.5335692253973,1.09165,863.9114061381996
