,GeneratorProfitDual,TotalCostDispatch,RTGeneratorProfitDual,gap,SSProfit
ObjectiveValue,7951.976929692664,250636.78161137304,7951.976929692664,19.8302,8043.769154980661
