,GeneratorProfitDual,TotalCostDispatch,RTGeneratorProfitDual,gap,SSProfit
ObjectiveValue,74418.70869847367,376422.1861201146,74418.70869847367,748.158,76320.77461894334
