,GeneratorProfitDual,TotalCostDispatch,RTGeneratorProfitDual,gap,SSProfit
ObjectiveValue,81394.71003699787,376435.22725385666,81394.71003699787,786.574,81410.94494601684
