,GeneratorProfitDual,TotalCostDispatch,RTGeneratorProfitDual,gap,SSProfit
ObjectiveValue,2004.7653970741433,41559.99701548713,2004.7653970741433,2674.37,2030.864451336566
