,GeneratorProfitDual,TotalCostDispatch,RTGeneratorProfitDual,gap,SSProfit
ObjectiveValue,729.5856490696905,41577.81025113869,729.5856490696905,18.1214,2080.0069456910282
