,GeneratorProfitDual,TotalCostDispatch,RTGeneratorProfitDual,gap,SSProfit
ObjectiveValue,73363.30443615669,251059.08226762246,73363.30443615669,719.445,73537.34289988717
