,GeneratorProfitDual,TotalCostDispatch,RTGeneratorProfitDual,gap,SSProfit
ObjectiveValue,1549.9719966945645,491231.4701441933,1549.9719966945645,48921.2,1626.7415734640115
