,GeneratorProfitDual,TotalCostDispatch,RTGeneratorProfitDual,gap,SSProfit
ObjectiveValue,92305.58793049007,171496.93883819785,92305.58793049007,922.186,92305.5879304898
