,GeneratorProfitDual,TotalCostDispatch,RTGeneratorProfitDual,gap,SSProfit
ObjectiveValue,77712.45138792454,170687.68290899417,77712.45138792454,984.004,77712.45138792298
