,GeneratorProfitDual,TotalCostDispatch,RTGeneratorProfitDual,gap,SSProfit
ObjectiveValue,6183.893194936931,303764.5540419092,6183.893194936931,57.8087,6183.893194931968
