,GeneratorProfitDual,TotalCostDispatch,RTGeneratorProfitDual,gap,SSProfit
ObjectiveValue,819.6980370510829,134732.24089607009,819.6980370510829,2296.44,3482.613704543475
