,GeneratorProfitDual,TotalCostDispatch,RTGeneratorProfitDual,gap,SSProfit
ObjectiveValue,-157.36730678479012,137853.77101965636,-157.36730678479012,0.0,1059.9293092460448
