,GeneratorProfitDual,TotalCostDispatch,RTGeneratorProfitDual,gap,SSProfit
ObjectiveValue,29990.94581639371,58390.05435243471,29990.94581639371,11.2227,29990.945816393083
