,GeneratorProfitDual,TotalCostDispatch,RTGeneratorProfitDual,gap,SSProfit
ObjectiveValue,66520.28733871834,161343.55077972816,66520.28733871834,59.9921,66530.56829679455
