,GeneratorProfitDual,TotalCostDispatch,RTGeneratorProfitDual,gap,SSProfit
ObjectiveValue,3269.6278742882787,94035.07857400438,3269.6278742882787,,3298.0536682535662
