,GeneratorProfitDual,TotalCostDispatch,RTGeneratorProfitDual,gap,SSProfit
ObjectiveValue,-1936506856.233751,189080.10139399586,-1936506856.233751,0.0,9970944.136182537
