,GeneratorProfitDual,TotalCostDispatch,RTGeneratorProfitDual,gap,SSProfit
ObjectiveValue,-1943019680.9554205,189080.10139399586,-1943019680.9554205,0.0,9486045.198312478
