,GeneratorProfitDual,TotalCostDispatch,RTGeneratorProfitDual,gap,SSProfit
ObjectiveValue,17931.799039785317,112757.00618301093,17931.799039785317,66.6005,18062.845626243536
