,GeneratorProfitDual,TotalCostDispatch,RTGeneratorProfitDual,gap,SSProfit
ObjectiveValue,17931.799039785175,112757.00618301096,17931.799039785175,185.59,18062.84562624353
