,GeneratorProfitDual,TotalCostDispatch,RTGeneratorProfitDual,gap,SSProfit
ObjectiveValue,-1975441433.7009664,98403.57459710303,-1975441433.7009664,0.0,20286768.760014452
