,GeneratorProfitDual,TotalCostDispatch,RTGeneratorProfitDual,gap,SSProfit
ObjectiveValue,10912.521672411174,198958.970769144,10912.521672411174,602.609,10912.521672409806
