,GeneratorProfitDual,TotalCostDispatch,RTGeneratorProfitDual,gap,SSProfit
ObjectiveValue,35609.6239356944,200305.15766029016,35609.6239356944,355.87,35609.62393569318
