,GeneratorProfitDual,TotalCostDispatch,RTGeneratorProfitDual,gap,SSProfit
ObjectiveValue,35609.62393636342,200305.1576602903,35609.62393636342,1519.65,35609.623936458986
