,GeneratorProfitDual,TotalCostDispatch,RTGeneratorProfitDual,gap,SSProfit
ObjectiveValue,-2005391439.0871177,81476.6465778847,-2005391439.0871177,0.0,13938462.655055251
