,GeneratorProfitDual,TotalCostDispatch,RTGeneratorProfitDual,gap,SSProfit
ObjectiveValue,41038.91943083764,498282.21157953347,41038.91943083764,9561.68,41033.65513298351
