,GeneratorProfitDual,TotalCostDispatch,RTGeneratorProfitDual,gap,SSProfit
ObjectiveValue,41035.52006713294,498282.1617377502,41035.52006713294,10009.9,41035.52006712727
