,GeneratorProfitDual,TotalCostDispatch,RTGeneratorProfitDual,gap,SSProfit
ObjectiveValue,24552.899481784734,66773.67501134207,24552.899481784734,370.798,24552.899481783952
