,GeneratorProfitDual,TotalCostDispatch,RTGeneratorProfitDual,gap,SSProfit
ObjectiveValue,24552.899481784447,66773.67501134214,24552.899481784447,4581.57,24552.899481783945
