,GeneratorProfitDual,TotalCostDispatch,RTGeneratorProfitDual,gap,SSProfit
ObjectiveValue,24552.899481784498,66773.67501134255,24552.899481784498,306.05,24552.899481783912
