,GeneratorProfitDual,TotalCostDispatch,RTGeneratorProfitDual,gap,SSProfit
ObjectiveValue,786.5789670001576,13126.399459674982,786.5789670001576,0.0,786.5789670000004
