,GeneratorProfitDual,TotalCostDispatch,RTGeneratorProfitDual,gap,SSProfit
ObjectiveValue,-14582347265.761139,323088.459793096,-14582347265.761139,0.0,-11919375.903854696
