,GeneratorProfitDual,TotalCostDispatch,RTGeneratorProfitDual,gap,SSProfit
ObjectiveValue,-15853155091.467287,274749.1771238261,-15853155091.467287,0.0,-38144476.151445076
