,GeneratorProfitDual,TotalCostDispatch,RTGeneratorProfitDual,gap,SSProfit
ObjectiveValue,56.75341201102424,448676.19406420627,56.75341201102424,0.0,15.160157999990815
