,GeneratorProfitDual,TotalCostDispatch,RTGeneratorProfitDual,gap,SSProfit
ObjectiveValue,4022.3008950017775,310706.1372082201,4022.3008950017775,0.0,4022.300894999992
