,GeneratorProfitDual,TotalCostDispatch,RTGeneratorProfitDual,gap,SSProfit
ObjectiveValue,8032.757496089182,367903.07643262984,8032.757496089182,6.51187,8032.757496086573
