,GeneratorProfitDual,TotalCostDispatch,RTGeneratorProfitDual,gap,SSProfit
ObjectiveValue,3930.935598335556,209567.0593184423,3930.935598335556,0.0,4022.3008949999944
