,GeneratorProfitDual,TotalCostDispatch,RTGeneratorProfitDual,gap,SSProfit
ObjectiveValue,23390.601657034385,157333.3799439418,23390.601657034385,0.0,23390.601657032446
