,GeneratorProfitDual,TotalCostDispatch,RTGeneratorProfitDual,gap,SSProfit
ObjectiveValue,23390.601657035728,157333.3799439418,23390.601657035728,8796.08,23390.601657032446
