,GeneratorProfitDual,TotalCostDispatch,RTGeneratorProfitDual,gap,SSProfit
ObjectiveValue,-17196441308.43875,436243.9938646965,-17196441308.43875,0.0,-15578.717845673527
