,GeneratorProfitDual,TotalCostDispatch,RTGeneratorProfitDual,gap,SSProfit
ObjectiveValue,6949.404304285047,79628.21425444064,6949.404304285047,3928.22,6949.404304284477
