,GeneratorProfitDual,TotalCostDispatch,RTGeneratorProfitDual,gap,SSProfit
ObjectiveValue,6949.404304285756,79628.21425444029,6949.404304285756,0.0,6949.4043042845005
