,GeneratorProfitDual,TotalCostDispatch,RTGeneratorProfitDual,gap,SSProfit
ObjectiveValue,2347.965392515784,344874.17249539803,2347.965392515784,0.0,2331.6390685150573
