,GeneratorProfitDual,TotalCostDispatch,RTGeneratorProfitDual,gap,SSProfit
ObjectiveValue,16671.24811934571,46220.30556463292,16671.24811934571,371.085,16671.248119344426
