,GeneratorProfitDual,TotalCostDispatch,RTGeneratorProfitDual,gap,SSProfit
ObjectiveValue,16671.248119345124,46220.30556463344,16671.248119345124,20605.2,16671.24811934443
