,GeneratorProfitDual,TotalCostDispatch,RTGeneratorProfitDual,gap,SSProfit
ObjectiveValue,16671.248119345037,46220.30556463357,16671.248119345037,382.455,16671.24811934444
