,GeneratorProfitDual,TotalCostDispatch,RTGeneratorProfitDual,gap,SSProfit
ObjectiveValue,12734.915352449867,713260.565665699,12734.915352449867,104.95,12904.219072754478
