,GeneratorProfitDual,TotalCostDispatch,RTGeneratorProfitDual,gap,SSProfit
ObjectiveValue,12734.915352453012,713260.5656656988,12734.915352453012,41.4231,12904.219072754488
