,GeneratorProfitDual,TotalCostDispatch,RTGeneratorProfitDual,gap,SSProfit
ObjectiveValue,9.573035728106674,53844.01728889786,9.573035728106674,0.0,9.573035727341605
