,GeneratorProfitDual,TotalCostDispatch,RTGeneratorProfitDual,gap,SSProfit
ObjectiveValue,2398.323726641974,80279.57305015081,2398.323726641974,14.396,2398.3237266407964
