,GeneratorProfitDual,TotalCostDispatch,RTGeneratorProfitDual,gap,SSProfit
ObjectiveValue,60906.505257622484,376757.2233485605,60906.505257622484,185.861,61029.524219000676
