,GeneratorProfitDual,TotalCostDispatch,RTGeneratorProfitDual,gap,SSProfit
ObjectiveValue,60918.21041093054,376757.22334856103,60918.21041093054,295.166,61059.4782293027
