,GeneratorProfitDual,TotalCostDispatch,RTGeneratorProfitDual,gap,SSProfit
ObjectiveValue,1542.3122489434447,107442.86829706753,1542.3122489434447,17902.7,1542.3122489429807
