,GeneratorProfitDual,TotalCostDispatch,RTGeneratorProfitDual,gap,SSProfit
ObjectiveValue,1542.3122489440004,107442.86829706721,1542.3122489440004,284.635,1542.3122489429973
