,GeneratorProfitDual,TotalCostDispatch,RTGeneratorProfitDual,gap,SSProfit
ObjectiveValue,11305.140428925226,569487.7859780147,11305.140428925226,80.6404,11305.140428921935
