,GeneratorProfitDual,TotalCostDispatch,RTGeneratorProfitDual,gap,SSProfit
ObjectiveValue,11331.911154173917,569491.3616232417,11331.911154173917,64.5358,11338.36976791811
