,GeneratorProfitDual,TotalCostDispatch,RTGeneratorProfitDual,gap,SSProfit
ObjectiveValue,54651.68535780638,427468.7452924616,54651.68535780638,372.888,54655.85461960321
