,GeneratorProfitDual,TotalCostDispatch,RTGeneratorProfitDual,gap,SSProfit
ObjectiveValue,23779.55090027029,119409.66586938642,23779.55090027029,6.737,23779.550900270115
