,GeneratorProfitDual,TotalCostDispatch,RTGeneratorProfitDual,gap,SSProfit
ObjectiveValue,53323.411923956526,155580.54608206122,53323.411923956526,2300.09,53323.41192395216
