,GeneratorProfitDual,TotalCostDispatch,RTGeneratorProfitDual,gap,SSProfit
ObjectiveValue,33199.844023392056,26559.645095471245,33199.844023392056,0.0,49885.786171853106
