,GeneratorProfitDual,TotalCostDispatch,RTGeneratorProfitDual,gap,SSProfit
ObjectiveValue,2914.3551799699753,28091.733083622446,2914.3551799699753,23.6182,2914.355179969166
