,GeneratorProfitDual,TotalCostDispatch,RTGeneratorProfitDual,gap,SSProfit
ObjectiveValue,2914.355179969791,28091.733083622537,2914.355179969791,0.0,2914.3551799691654
