,GeneratorProfitDual,TotalCostDispatch,RTGeneratorProfitDual,gap,SSProfit
ObjectiveValue,46489.73996074213,34708.24376797106,46489.73996074213,15609.4,57101.69037337703
