,GeneratorProfitDual,TotalCostDispatch,RTGeneratorProfitDual,gap,SSProfit
ObjectiveValue,2257.2466486695066,146529.68968203268,2257.2466486695066,3824.71,3622.4557769376333
