,GeneratorProfitDual,TotalCostDispatch,RTGeneratorProfitDual,gap,SSProfit
ObjectiveValue,3094.756892010768,127846.25295112921,3094.756892010768,0.0,3094.756892008559
