,GeneratorProfitDual,TotalCostDispatch,RTGeneratorProfitDual,gap,SSProfit
ObjectiveValue,1952.5271016842403,538636.0300733937,1952.5271016842403,0.0,2397.7998403563697
