,GeneratorProfitDual,TotalCostDispatch,RTGeneratorProfitDual,gap,SSProfit
ObjectiveValue,13572.12760913377,28327.81977488073,13572.12760913377,2965.3,13572.12760913228
