,GeneratorProfitDual,TotalCostDispatch,RTGeneratorProfitDual,gap,SSProfit
ObjectiveValue,13572.12760913395,28327.819774880732,13572.12760913395,15773.6,13572.12760913228
