,GeneratorProfitDual,TotalCostDispatch,RTGeneratorProfitDual,gap,SSProfit
ObjectiveValue,3615.985427081072,32414.90705063202,3615.985427081072,326.848,3615.985427080632
