,GeneratorProfitDual,TotalCostDispatch,RTGeneratorProfitDual,gap,SSProfit
ObjectiveValue,3615.9854273551873,32414.90705063202,3615.9854273551873,4657.59,3615.9854273783344
