,GeneratorProfitDual,TotalCostDispatch,RTGeneratorProfitDual,gap,SSProfit
ObjectiveValue,95800.48888751965,246970.55727571656,95800.48888751965,957.977,95800.48888751707
