,GeneratorProfitDual,TotalCostDispatch,RTGeneratorProfitDual,gap,SSProfit
ObjectiveValue,88452.43542372956,246596.77503585507,88452.43542372956,1073.29,88452.43542372764
