,GeneratorProfitDual,TotalCostDispatch,RTGeneratorProfitDual,gap,SSProfit
ObjectiveValue,13399.679376434946,59640.566383139674,13399.679376434946,34500.7,13399.679376020933
