,GeneratorProfitDual,TotalCostDispatch,RTGeneratorProfitDual,gap,SSProfit
ObjectiveValue,50963.04576041669,61091.10275841919,50963.04576041669,45698.1,50963.04576041614
