,GeneratorProfitDual,TotalCostDispatch,RTGeneratorProfitDual,gap,SSProfit
ObjectiveValue,11349.366826157602,59747.833235583,11349.366826157602,13948.0,11735.179240611831
