,GeneratorProfitDual,TotalCostDispatch,RTGeneratorProfitDual,gap,SSProfit
ObjectiveValue,38316.304861864075,305388.9700191654,38316.304861864075,489.362,38367.906090263335
