,GeneratorProfitDual,TotalCostDispatch,RTGeneratorProfitDual,gap,SSProfit
ObjectiveValue,38303.386207947435,305401.8886730822,38303.386207947435,364.967,38303.3862079465
