,GeneratorProfitDual,TotalCostDispatch,RTGeneratorProfitDual,gap,SSProfit
ObjectiveValue,38303.3862079474,305401.88867308234,38303.3862079474,376.338,38303.386207946474
