,GeneratorProfitDual,TotalCostDispatch,RTGeneratorProfitDual,gap,SSProfit
ObjectiveValue,11279.724762188249,57063.38908593736,11279.724762188249,197.811,11279.72476218504
