,GeneratorProfitDual,TotalCostDispatch,RTGeneratorProfitDual,gap,SSProfit
ObjectiveValue,11279.724762186292,57063.389085939474,11279.724762186292,1798.85,11279.724762185035
