,GeneratorProfitDual,TotalCostDispatch,RTGeneratorProfitDual,gap,SSProfit
ObjectiveValue,4287.883307337293,200931.83285533977,4287.883307337293,3.85213,4287.88330740635
