,GeneratorProfitDual,TotalCostDispatch,RTGeneratorProfitDual,gap,SSProfit
ObjectiveValue,4039.037785625454,270725.6603872364,4039.037785625454,0.0,4017.830592000024
