,GeneratorProfitDual,TotalCostDispatch,RTGeneratorProfitDual,gap,SSProfit
ObjectiveValue,17569.989568906243,306261.1061503822,17569.989568906243,61.6309,17569.989568902645
