,GeneratorProfitDual,TotalCostDispatch,RTGeneratorProfitDual,gap,SSProfit
ObjectiveValue,64194.98631268201,258929.85651702934,64194.98631268201,14147.8,64481.84352216414
