,GeneratorProfitDual,TotalCostDispatch,RTGeneratorProfitDual,gap,SSProfit
ObjectiveValue,63964.757398590635,258960.16217011036,63964.757398590635,864.449,64194.10571216373
