,GeneratorProfitDual,TotalCostDispatch,RTGeneratorProfitDual,gap,SSProfit
ObjectiveValue,63944.56613843271,258990.37841475423,63944.56613843271,832.976,64367.14867603349
