,GeneratorProfitDual,TotalCostDispatch,RTGeneratorProfitDual,gap,SSProfit
ObjectiveValue,-17963029987.041653,384447.9135046438,-17963029987.041653,0.0,-9824412.830782732
