,GeneratorProfitDual,TotalCostDispatch,RTGeneratorProfitDual,gap,SSProfit
ObjectiveValue,74392.0772796934,495035.2448903719,74392.0772796934,4003.91,74446.58694671949
