,GeneratorProfitDual,TotalCostDispatch,RTGeneratorProfitDual,gap,SSProfit
ObjectiveValue,74435.81493297621,495042.4675372898,74435.81493297621,755.185,74479.57483825299
