,GeneratorProfitDual,TotalCostDispatch,RTGeneratorProfitDual,gap,SSProfit
ObjectiveValue,7547.142272356689,72607.86971190716,7547.142272356689,75.5006,7543.745850746576
