,GeneratorProfitDual,TotalCostDispatch,RTGeneratorProfitDual,gap,SSProfit
ObjectiveValue,7540.349429138543,72607.86971190739,7540.349429138543,5749.27,7543.745850746605
