,GeneratorProfitDual,TotalCostDispatch,RTGeneratorProfitDual,gap,SSProfit
ObjectiveValue,3964.3813170025032,259290.21477848996,3964.3813170025032,0.0,3964.381316999992
