,GeneratorProfitDual,TotalCostDispatch,RTGeneratorProfitDual,gap,SSProfit
ObjectiveValue,47905.77940228281,43954.22848744315,47905.77940228281,39096.5,47905.779402281514
