,GeneratorProfitDual,TotalCostDispatch,RTGeneratorProfitDual,gap,SSProfit
ObjectiveValue,47905.7794022863,43954.22848743957,47905.7794022863,17768.1,47905.77940228156
