,GeneratorProfitDual,TotalCostDispatch,RTGeneratorProfitDual,gap,SSProfit
ObjectiveValue,5895.487278754795,170138.4534170916,5895.487278754795,11389.2,5895.487278340039
