,GeneratorProfitDual,TotalCostDispatch,RTGeneratorProfitDual,gap,SSProfit
ObjectiveValue,42702.670108742655,173452.71712217884,42702.670108742655,6612.5,42702.67010874058
