,GeneratorProfitDual,TotalCostDispatch,RTGeneratorProfitDual,gap,SSProfit
ObjectiveValue,30101.301892428954,171072.2967623151,30101.301892428954,23269.4,30101.301892427142
