,GeneratorProfitDual,TotalCostDispatch,RTGeneratorProfitDual,gap,SSProfit
ObjectiveValue,3642.083770030971,419224.0354663116,3642.083770030971,0.0,3642.083770026921
