,GeneratorProfitDual,TotalCostDispatch,RTGeneratorProfitDual,gap,SSProfit
ObjectiveValue,1943.3172459907512,235928.5882912852,1943.3172459907512,13.6685,1973.4386969999996
