,GeneratorProfitDual,TotalCostDispatch,RTGeneratorProfitDual,gap,SSProfit
ObjectiveValue,52856.35760857965,199373.41844155453,52856.35760857965,24364.8,52856.357608578925
