,GeneratorProfitDual,TotalCostDispatch,RTGeneratorProfitDual,gap,SSProfit
ObjectiveValue,52856.35760858144,199373.41844155313,52856.35760858144,14509.8,52856.357608579216
