,GeneratorProfitDual,TotalCostDispatch,RTGeneratorProfitDual,gap,SSProfit
ObjectiveValue,8473.528413060309,334769.4685682867,8473.528413060309,90.1837,9274.857144068086
