,GeneratorProfitDual,TotalCostDispatch,RTGeneratorProfitDual,gap,SSProfit
ObjectiveValue,55175.669073706216,221109.32058271344,55175.669073706216,660.061,55277.61143814403
