,GeneratorProfitDual,TotalCostDispatch,RTGeneratorProfitDual,gap,SSProfit
ObjectiveValue,54978.69998283326,221106.95986748135,54978.69998283326,6730.46,55137.27295814992
