,GeneratorProfitDual,TotalCostDispatch,RTGeneratorProfitDual,gap,SSProfit
ObjectiveValue,126410.54954568345,250555.88132700135,126410.54954568345,1258.65,126410.67415689574
