,GeneratorProfitDual,TotalCostDispatch,RTGeneratorProfitDual,gap,SSProfit
ObjectiveValue,40583.096846865585,303963.8877765762,40583.096846865585,213.816,40583.09684686371
