,GeneratorProfitDual,TotalCostDispatch,RTGeneratorProfitDual,gap,SSProfit
ObjectiveValue,3977.3823213061996,320296.0214711113,3977.3823213061996,0.0,4026.7711980000145
