,GeneratorProfitDual,TotalCostDispatch,RTGeneratorProfitDual,gap,SSProfit
ObjectiveValue,-1944276214.486376,244974.56602957114,-1944276214.486376,0.0,3837064.949183038
