,GeneratorProfitDual,TotalCostDispatch,RTGeneratorProfitDual,gap,SSProfit
ObjectiveValue,-17093151270.985176,437724.5925117481,-17093151270.985176,0.0,-24805605.266136955
