,GeneratorProfitDual,TotalCostDispatch,RTGeneratorProfitDual,gap,SSProfit
ObjectiveValue,4661.380823048355,39160.63750410374,4661.380823048355,20.4197,4661.380823047866
