,GeneratorProfitDual,TotalCostDispatch,RTGeneratorProfitDual,gap,SSProfit
ObjectiveValue,8022.719101360096,320274.5383750122,8022.719101360096,35.1778,8022.719101357678
