,GeneratorProfitDual,TotalCostDispatch,RTGeneratorProfitDual,gap,SSProfit
ObjectiveValue,65150.512283965756,62429.29070755235,65150.512283965756,38491.7,65150.51228396807
