,GeneratorProfitDual,TotalCostDispatch,RTGeneratorProfitDual,gap,SSProfit
ObjectiveValue,55767.002130544344,61851.003409993245,55767.002130544344,42287.9,55767.002130543886
