,GeneratorProfitDual,TotalCostDispatch,RTGeneratorProfitDual,gap,SSProfit
ObjectiveValue,11428.234263956363,59859.66357377953,11428.234263956363,11972.0,11735.179240611964
