,GeneratorProfitDual,TotalCostDispatch,RTGeneratorProfitDual,gap,SSProfit
ObjectiveValue,-1923979247.315849,372231.29130283924,-1923979247.315849,0.0,9265395.815781265
