,GeneratorProfitDual,TotalCostDispatch,RTGeneratorProfitDual,gap,SSProfit
ObjectiveValue,43156.65813550782,86891.75690459054,43156.65813550782,11780.8,43216.91202259693
