,GeneratorProfitDual,TotalCostDispatch,RTGeneratorProfitDual,gap,SSProfit
ObjectiveValue,43191.19696086133,86888.60398660817,43191.19696086133,31220.6,43251.45084795029
