,GeneratorProfitDual,TotalCostDispatch,RTGeneratorProfitDual,gap,SSProfit
ObjectiveValue,2283.349847639908,443041.3636471883,2283.349847639908,22.5159,2549.8429393363313
