,GeneratorProfitDual,TotalCostDispatch,RTGeneratorProfitDual,gap,SSProfit
ObjectiveValue,1885.8295989134576,317059.5168333712,1885.8295989134576,13.2245,2091.4270368557427
