,GeneratorProfitDual,TotalCostDispatch,RTGeneratorProfitDual,gap,SSProfit
ObjectiveValue,48851.106195864246,498329.5991461888,48851.106195864246,4027.67,48851.10619586097
