,GeneratorProfitDual,TotalCostDispatch,RTGeneratorProfitDual,gap,SSProfit
ObjectiveValue,48762.67723998281,498282.20291413437,48762.67723998281,3900.08,48762.71841636116
