,GeneratorProfitDual,TotalCostDispatch,RTGeneratorProfitDual,gap,SSProfit
ObjectiveValue,3824.2199905536395,39386.407473600695,3824.2199905536395,0.0,3824.219990550906
