,GeneratorProfitDual,TotalCostDispatch,RTGeneratorProfitDual,gap,SSProfit
ObjectiveValue,10284.697379932151,631105.3089360032,10284.697379932151,34.0509,10384.405344397785
