,GeneratorProfitDual,TotalCostDispatch,RTGeneratorProfitDual,gap,SSProfit
ObjectiveValue,-18575743475.505627,631097.9483535237,-18575743475.505627,816.853,-7278325.166264794
