,GeneratorProfitDual,TotalCostDispatch,RTGeneratorProfitDual,gap,SSProfit
ObjectiveValue,79795.999080613,322308.7401759563,79795.999080613,28297.8,79795.99908060703
