,GeneratorProfitDual,TotalCostDispatch,RTGeneratorProfitDual,gap,SSProfit
ObjectiveValue,79816.79570761441,322308.7401759561,79816.79570761441,0.0,79795.9990806071
