,GeneratorProfitDual,TotalCostDispatch,RTGeneratorProfitDual,gap,SSProfit
ObjectiveValue,9398.084053556226,710997.0447159148,9398.084053556226,2.10534,9683.376397252687
