,GeneratorProfitDual,TotalCostDispatch,RTGeneratorProfitDual,gap,SSProfit
ObjectiveValue,53414.21622240571,475639.4122592479,53414.21622240571,483.749,53414.21622240182
