,GeneratorProfitDual,TotalCostDispatch,RTGeneratorProfitDual,gap,SSProfit
ObjectiveValue,1868.3852935974487,4763.197417138363,1868.3852935974487,0.0,1868.3852935973498
