,GeneratorProfitDual,TotalCostDispatch,RTGeneratorProfitDual,gap,SSProfit
ObjectiveValue,1868.3852935978425,4763.197417137967,1868.3852935978425,0.0,1868.385293597361
