,GeneratorProfitDual,TotalCostDispatch,RTGeneratorProfitDual,gap,SSProfit
ObjectiveValue,50783.58871525129,125380.48978859042,50783.58871525129,514.786,50783.588715250706
