,GeneratorProfitDual,TotalCostDispatch,RTGeneratorProfitDual,gap,SSProfit
ObjectiveValue,366.6700596976184,492462.06622433977,366.6700596976184,2.76664,552.5949094512275
