,GeneratorProfitDual,TotalCostDispatch,RTGeneratorProfitDual,gap,SSProfit
ObjectiveValue,4611.587823709975,126284.7395029896,4611.587823709975,9.16357,4611.587823708696
