,GeneratorProfitDual,TotalCostDispatch,RTGeneratorProfitDual,gap,SSProfit
ObjectiveValue,3640.109628563674,266920.87966932234,3640.109628563674,31.3319,3938.336942999993
