,GeneratorProfitDual,TotalCostDispatch,RTGeneratorProfitDual,gap,SSProfit
ObjectiveValue,37931.76654601926,299500.8580488001,37931.76654601926,220.986,38018.788568592914
