,GeneratorProfitDual,TotalCostDispatch,RTGeneratorProfitDual,gap,SSProfit
ObjectiveValue,37925.53476306115,299511.8217127742,37925.53476306115,711.827,38024.258016730186
