,GeneratorProfitDual,TotalCostDispatch,RTGeneratorProfitDual,gap,SSProfit
ObjectiveValue,1034.5026163836917,583261.5026984524,1034.5026163836917,10.1206,1034.5026163790926
