,GeneratorProfitDual,TotalCostDispatch,RTGeneratorProfitDual,gap,SSProfit
ObjectiveValue,-1931238477.8316197,31881.943426637965,-1931238477.8316197,0.0,17022295.78979391
