,GeneratorProfitDual,TotalCostDispatch,RTGeneratorProfitDual,gap,SSProfit
ObjectiveValue,88452.43542373028,246596.775035855,88452.43542373028,1071.58,88452.43542372766
