,GeneratorProfitDual,TotalCostDispatch,RTGeneratorProfitDual,gap,SSProfit
ObjectiveValue,-1944797568.032668,29144.764035794156,-1944797568.032668,0.0,24794413.220578324
