,GeneratorProfitDual,TotalCostDispatch,RTGeneratorProfitDual,gap,SSProfit
ObjectiveValue,45574.90881370445,427277.3973575838,45574.90881370445,464.03,45574.90881370301
