,GeneratorProfitDual,TotalCostDispatch,RTGeneratorProfitDual,gap,SSProfit
ObjectiveValue,41636.05067549011,203002.9971419023,41636.05067549011,4647.71,41820.847041380046
