,GeneratorProfitDual,TotalCostDispatch,RTGeneratorProfitDual,gap,SSProfit
ObjectiveValue,3410.29830481295,47758.54166317185,3410.29830481295,17.645,3410.2983048124497
