,GeneratorProfitDual,TotalCostDispatch,RTGeneratorProfitDual,gap,SSProfit
ObjectiveValue,3410.2983048130636,47758.54166317179,3410.2983048130636,22.2806,3410.29830481245
