,GeneratorProfitDual,TotalCostDispatch,RTGeneratorProfitDual,gap,SSProfit
ObjectiveValue,17039.331809787487,551000.560032491,17039.331809787487,169.58,17039.331809775234
