,GeneratorProfitDual,TotalCostDispatch,RTGeneratorProfitDual,gap,SSProfit
ObjectiveValue,8552.18342499909,529891.167549243,8552.18342499909,49.1617,8586.12040499128
