,GeneratorProfitDual,TotalCostDispatch,RTGeneratorProfitDual,gap,SSProfit
ObjectiveValue,-1982274945.1985977,38274.43540018939,-1982274945.1985977,0.0,19212831.546554513
