,GeneratorProfitDual,TotalCostDispatch,RTGeneratorProfitDual,gap,SSProfit
ObjectiveValue,3614.0452112184284,31890.279711364812,3614.0452112184284,0.0,3614.0452112179264
