,GeneratorProfitDual,TotalCostDispatch,RTGeneratorProfitDual,gap,SSProfit
ObjectiveValue,3614.0452112180756,31890.27971136485,3614.0452112180756,0.0,3614.0452112178336
