,GeneratorProfitDual,TotalCostDispatch,RTGeneratorProfitDual,gap,SSProfit
ObjectiveValue,18171.594086611076,58649.949795321554,18171.594086611076,0.0,18248.92833774452
