,GeneratorProfitDual,TotalCostDispatch,RTGeneratorProfitDual,gap,SSProfit
ObjectiveValue,-1937113827.7816684,198958.9707691453,-1937113827.7816684,0.0,6400769.465572432
