,GeneratorProfitDual,TotalCostDispatch,RTGeneratorProfitDual,gap,SSProfit
ObjectiveValue,-1939802813.9775422,198958.97076914526,-1939802813.9775422,0.0,6489842.667334275
