,GeneratorProfitDual,TotalCostDispatch,RTGeneratorProfitDual,gap,SSProfit
ObjectiveValue,1868.3852935978762,7375.471454603438,1868.3852935978762,69.4543,1868.385293597361
