,GeneratorProfitDual,TotalCostDispatch,RTGeneratorProfitDual,gap,SSProfit
ObjectiveValue,1868.3852935974396,7375.471454603886,1868.3852935974396,0.0,1868.3852935973496
