,GeneratorProfitDual,TotalCostDispatch,RTGeneratorProfitDual,gap,SSProfit
ObjectiveValue,102760.08435923957,21234.142087907767,102760.08435923957,1027.2,102760.08435924054
