,GeneratorProfitDual,TotalCostDispatch,RTGeneratorProfitDual,gap,SSProfit
ObjectiveValue,61172.62688513043,61476.45427968061,61172.62688513043,35290.9,68325.42936987139
