,GeneratorProfitDual,TotalCostDispatch,RTGeneratorProfitDual,gap,SSProfit
ObjectiveValue,-1962580817.9374607,103857.60731781326,-1962580817.9374607,0.0,7090497.81893583
