,GeneratorProfitDual,TotalCostDispatch,RTGeneratorProfitDual,gap,SSProfit
ObjectiveValue,29508.228689389725,102719.03721258839,29508.228689389725,482.129,29508.228689359246
