,GeneratorProfitDual,TotalCostDispatch,RTGeneratorProfitDual,gap,SSProfit
ObjectiveValue,29675.029891889637,102749.49017450961,29675.029891889637,255.673,29675.029891887858
