,GeneratorProfitDual,TotalCostDispatch,RTGeneratorProfitDual,gap,SSProfit
ObjectiveValue,22558.73126576448,625362.7020017393,22558.73126576448,540.41,22774.34891038846
