,GeneratorProfitDual,TotalCostDispatch,RTGeneratorProfitDual,gap,SSProfit
ObjectiveValue,7719.119100517389,188494.40336378993,7719.119100517389,56.1642,7849.215161539147
