,GeneratorProfitDual,TotalCostDispatch,RTGeneratorProfitDual,gap,SSProfit
ObjectiveValue,16737.971368067876,445014.30541991047,16737.971368067876,11.6407,16771.549075032457
