,GeneratorProfitDual,TotalCostDispatch,RTGeneratorProfitDual,gap,SSProfit
ObjectiveValue,-15895128094.822086,123039.90854359313,-15895128094.822086,0.0,-25855583.631317217
