,GeneratorProfitDual,TotalCostDispatch,RTGeneratorProfitDual,gap,SSProfit
ObjectiveValue,7928.762634001732,262435.42724580475,7928.762634001732,0.0,7928.762633999994
