,GeneratorProfitDual,TotalCostDispatch,RTGeneratorProfitDual,gap,SSProfit
ObjectiveValue,6984.359684373759,50653.44457093645,6984.359684373759,0.0,6984.359684372025
