,GeneratorProfitDual,TotalCostDispatch,RTGeneratorProfitDual,gap,SSProfit
ObjectiveValue,1224.490513227449,325696.8917366998,1224.490513227449,0.253778,1225.3432080000016
