,GeneratorProfitDual,TotalCostDispatch,RTGeneratorProfitDual,gap,SSProfit
ObjectiveValue,62660.68502353189,278914.4773631235,62660.68502353189,0.0,62660.6850235314
