,GeneratorProfitDual,TotalCostDispatch,RTGeneratorProfitDual,gap,SSProfit
ObjectiveValue,29043.695495154894,187164.51570039804,29043.695495154894,534.344,29242.752149174812
