,GeneratorProfitDual,TotalCostDispatch,RTGeneratorProfitDual,gap,SSProfit
ObjectiveValue,85345.15794038642,117555.28530392755,85345.15794038642,664.824,85368.92829066406
