,GeneratorProfitDual,TotalCostDispatch,RTGeneratorProfitDual,gap,SSProfit
ObjectiveValue,3244.6979826575707,35979.468848975885,3244.6979826575707,31.8608,3244.697982656413
