,GeneratorProfitDual,TotalCostDispatch,RTGeneratorProfitDual,gap,SSProfit
ObjectiveValue,-14312803990.742641,505780.1478646281,-14312803990.742641,0.0,-27904035.395360373
