,GeneratorProfitDual,TotalCostDispatch,RTGeneratorProfitDual,gap,SSProfit
ObjectiveValue,1705.7571694850164,613265.842943267,1705.7571694850164,2.41818,1705.7571694796445
