,GeneratorProfitDual,TotalCostDispatch,RTGeneratorProfitDual,gap,SSProfit
ObjectiveValue,34804.639689275304,580261.750708252,34804.639689275304,342.17,34873.77557756006
