,GeneratorProfitDual,TotalCostDispatch,RTGeneratorProfitDual,gap,SSProfit
ObjectiveValue,34668.96689011038,580299.3885031332,34668.96689011038,301.353,34712.667017346095
