,GeneratorProfitDual,TotalCostDispatch,RTGeneratorProfitDual,gap,SSProfit
ObjectiveValue,54788.80834160569,280497.91170331446,54788.80834160569,0.0,55007.993880494396
