,GeneratorProfitDual,TotalCostDispatch,RTGeneratorProfitDual,gap,SSProfit
ObjectiveValue,3168.807860543998,31700.18767848716,3168.807860543998,11.7877,3168.8078605437668
