,GeneratorProfitDual,TotalCostDispatch,RTGeneratorProfitDual,gap,SSProfit
ObjectiveValue,50612.890326537214,107293.23779599574,50612.890326537214,584.448,50629.85170966934
