,GeneratorProfitDual,TotalCostDispatch,RTGeneratorProfitDual,gap,SSProfit
ObjectiveValue,3357.2548067316447,9910.845217112572,3357.2548067316447,13.8133,3357.254806731572
