,GeneratorProfitDual,TotalCostDispatch,RTGeneratorProfitDual,gap,SSProfit
ObjectiveValue,3332.021260304672,31890.27971136475,3332.021260304672,30.223,3332.0212603088044
