,GeneratorProfitDual,TotalCostDispatch,RTGeneratorProfitDual,gap,SSProfit
ObjectiveValue,-17992651843.324924,39059.58926672145,-17992651843.324924,0.0,-70612081.47668779
