,GeneratorProfitDual,TotalCostDispatch,RTGeneratorProfitDual,gap,SSProfit
ObjectiveValue,5670.447773105364,63343.41002577734,5670.447773105364,12413.6,5670.447773103011
