,GeneratorProfitDual,TotalCostDispatch,RTGeneratorProfitDual,gap,SSProfit
ObjectiveValue,5670.447773105831,63343.410025777295,5670.447773105831,7045.34,5670.447773103011
