,GeneratorProfitDual,TotalCostDispatch,RTGeneratorProfitDual,gap,SSProfit
ObjectiveValue,4934.168760252169,483212.7377129206,4934.168760252169,44.5879,5092.9055998226395
