,GeneratorProfitDual,TotalCostDispatch,RTGeneratorProfitDual,gap,SSProfit
ObjectiveValue,52988.51111718714,149701.44104973602,52988.51111718714,0.0,53041.46014737931
