,GeneratorProfitDual,TotalCostDispatch,RTGeneratorProfitDual,gap,SSProfit
ObjectiveValue,-19508840441.96429,149701.44104973736,-19508840441.96429,45700.7,-45478754.5722941
