,GeneratorProfitDual,TotalCostDispatch,RTGeneratorProfitDual,gap,SSProfit
ObjectiveValue,-1939507074.8618603,140010.35872885032,-1939507074.8618603,0.0,3389380.406027889
