,GeneratorProfitDual,TotalCostDispatch,RTGeneratorProfitDual,gap,SSProfit
ObjectiveValue,58154.15477156773,199235.65412189634,58154.15477156773,829.452,58677.1949821739
