,GeneratorProfitDual,TotalCostDispatch,RTGeneratorProfitDual,gap,SSProfit
ObjectiveValue,-1968227637.2438593,38274.43540018939,-1968227637.2438593,0.0,19003199.673075587
