,GeneratorProfitDual,TotalCostDispatch,RTGeneratorProfitDual,gap,SSProfit
ObjectiveValue,4071.1279232217544,377323.5394988454,4071.1279232217544,3.25517,4071.1279232171623
