,GeneratorProfitDual,TotalCostDispatch,RTGeneratorProfitDual,gap,SSProfit
ObjectiveValue,-1921978347.129477,174348.98442071243,-1921978347.129477,0.0,10462521.7106053
