,GeneratorProfitDual,TotalCostDispatch,RTGeneratorProfitDual,gap,SSProfit
ObjectiveValue,10672.326264010413,23668.323492453565,10672.326264010413,249.686,10672.326264009982
