,GeneratorProfitDual,TotalCostDispatch,RTGeneratorProfitDual,gap,SSProfit
ObjectiveValue,49940.71137278298,303309.66269528994,49940.71137278298,737.183,50018.9458814003
