,GeneratorProfitDual,TotalCostDispatch,RTGeneratorProfitDual,gap,SSProfit
ObjectiveValue,49940.71137278355,303309.6626952898,49940.71137278355,495.975,50018.94588140029
