,GeneratorProfitDual,TotalCostDispatch,RTGeneratorProfitDual,gap,SSProfit
ObjectiveValue,48060.283815571755,304088.669822049,48060.283815571755,459.91,49333.09423926177
