,GeneratorProfitDual,TotalCostDispatch,RTGeneratorProfitDual,gap,SSProfit
ObjectiveValue,7928.762634001313,175717.32707509457,7928.762634001313,0.0,7928.762634000002
