,GeneratorProfitDual,TotalCostDispatch,RTGeneratorProfitDual,gap,SSProfit
ObjectiveValue,3841.794930971897,154642.27711420192,3841.794930971897,1.36053,3963.020789999999
