,GeneratorProfitDual,TotalCostDispatch,RTGeneratorProfitDual,gap,SSProfit
ObjectiveValue,33379.14694698047,49978.5459955388,33379.14694698047,761.796,33650.027872678795
