,GeneratorProfitDual,TotalCostDispatch,RTGeneratorProfitDual,gap,SSProfit
ObjectiveValue,4833.396655721388,44362.809808237034,4833.396655721388,19.2717,4833.3966557205185
