,GeneratorProfitDual,TotalCostDispatch,RTGeneratorProfitDual,gap,SSProfit
ObjectiveValue,4833.396655722761,44362.80980823539,4833.396655722761,47.7372,4833.396655720518
