,GeneratorProfitDual,TotalCostDispatch,RTGeneratorProfitDual,gap,SSProfit
ObjectiveValue,-19502900572.726692,215384.14963414625,-19502900572.726692,20688.6,-32829844.8781842
