,GeneratorProfitDual,TotalCostDispatch,RTGeneratorProfitDual,gap,SSProfit
ObjectiveValue,29954.16082951278,215434.96207599327,29954.16082951278,18227.2,31476.689971455282
