,GeneratorProfitDual,TotalCostDispatch,RTGeneratorProfitDual,gap,SSProfit
ObjectiveValue,72521.30279109905,273922.0997011702,72521.30279109905,13640.0,72521.3027910984
