,GeneratorProfitDual,TotalCostDispatch,RTGeneratorProfitDual,gap,SSProfit
ObjectiveValue,72521.30279110269,273922.09970116697,72521.30279110269,32101.2,72521.3027910982
