,GeneratorProfitDual,TotalCostDispatch,RTGeneratorProfitDual,gap,SSProfit
ObjectiveValue,14678.809292024613,132507.64923575267,14678.809292024613,456.775,14999.115275997407
