,GeneratorProfitDual,TotalCostDispatch,RTGeneratorProfitDual,gap,SSProfit
ObjectiveValue,98772.42949737482,489830.5734489835,98772.42949737482,920.849,99129.5763629169
