,GeneratorProfitDual,TotalCostDispatch,RTGeneratorProfitDual,gap,SSProfit
ObjectiveValue,98529.30230880174,489918.5524763373,98529.30230880174,979.898,98918.08256681374
