,GeneratorProfitDual,TotalCostDispatch,RTGeneratorProfitDual,gap,SSProfit
ObjectiveValue,4033.8786657362853,312019.1116971679,4033.8786657362853,7.82914,4050.74879993672
