,GeneratorProfitDual,TotalCostDispatch,RTGeneratorProfitDual,gap,SSProfit
ObjectiveValue,1064.3939650003817,31424.680530884107,1064.3939650003817,0.0,1064.3939650000195
