,GeneratorProfitDual,TotalCostDispatch,RTGeneratorProfitDual,gap,SSProfit
ObjectiveValue,32778.72959197847,17779.040042117707,32778.72959197847,404.691,32778.7295919781
