,GeneratorProfitDual,TotalCostDispatch,RTGeneratorProfitDual,gap,SSProfit
ObjectiveValue,13267.49624961183,48623.83397924977,13267.49624961183,76.9094,13416.61323103137
