,GeneratorProfitDual,TotalCostDispatch,RTGeneratorProfitDual,gap,SSProfit
ObjectiveValue,13206.176685027196,48685.15354383456,13206.176685027196,125.575,13206.17668502696
