,GeneratorProfitDual,TotalCostDispatch,RTGeneratorProfitDual,gap,SSProfit
ObjectiveValue,96317.37592435155,374440.2685789568,96317.37592435155,5120.91,96317.37592435139
