,GeneratorProfitDual,TotalCostDispatch,RTGeneratorProfitDual,gap,SSProfit
ObjectiveValue,80110.88261290616,373566.60198511666,80110.88261290616,2941.41,80381.9430233992
