,GeneratorProfitDual,TotalCostDispatch,RTGeneratorProfitDual,gap,SSProfit
ObjectiveValue,6778.514292696318,80892.13311861828,6778.514292696318,58.9565,6778.51429269545
