,GeneratorProfitDual,TotalCostDispatch,RTGeneratorProfitDual,gap,SSProfit
ObjectiveValue,-19422804572.86108,331830.1417970946,-19422804572.86108,0.0,-31735126.639039442
