,GeneratorProfitDual,TotalCostDispatch,RTGeneratorProfitDual,gap,SSProfit
ObjectiveValue,2994.8389850674166,43564.86876198088,2994.8389850674166,180.684,2994.8389850664516
