,GeneratorProfitDual,TotalCostDispatch,RTGeneratorProfitDual,gap,SSProfit
ObjectiveValue,2994.838985066708,43564.86876198134,2994.838985066708,41.6692,2994.838985066456
