,GeneratorProfitDual,TotalCostDispatch,RTGeneratorProfitDual,gap,SSProfit
ObjectiveValue,2987.3976220606173,43546.89694089986,2987.3976220606173,447.405,2987.3976220596205
