,GeneratorProfitDual,TotalCostDispatch,RTGeneratorProfitDual,gap,SSProfit
ObjectiveValue,8331.500594844447,761892.8546992127,8331.500594844447,75.2535,8356.349901791435
