,GeneratorProfitDual,TotalCostDispatch,RTGeneratorProfitDual,gap,SSProfit
ObjectiveValue,-1767191774.2902708,69810.58309802147,-1767191774.2902708,0.0,21955067.600135114
