,GeneratorProfitDual,TotalCostDispatch,RTGeneratorProfitDual,gap,SSProfit
ObjectiveValue,23684.519891146087,120370.96151556667,23684.519891146087,77.2319,23775.89516314955
