,GeneratorProfitDual,TotalCostDispatch,RTGeneratorProfitDual,gap,SSProfit
ObjectiveValue,3470.707135258493,106374.88073110522,3470.707135258493,21.5631,3470.7071352574994
