,GeneratorProfitDual,TotalCostDispatch,RTGeneratorProfitDual,gap,SSProfit
ObjectiveValue,21515.18690554274,174509.99383040992,21515.18690554274,6652.54,21501.805150687724
