,GeneratorProfitDual,TotalCostDispatch,RTGeneratorProfitDual,gap,SSProfit
ObjectiveValue,59817.181289835324,178302.3686507938,59817.181289835324,51958.9,59973.64917979801
