,GeneratorProfitDual,TotalCostDispatch,RTGeneratorProfitDual,gap,SSProfit
ObjectiveValue,59929.81477661227,178189.73516401547,59929.81477661227,22612.5,60004.81190181752
