,GeneratorProfitDual,TotalCostDispatch,RTGeneratorProfitDual,gap,SSProfit
ObjectiveValue,55777.86963670506,178152.91227841147,55777.86963670506,9407.95,55855.37821210465
