,GeneratorProfitDual,TotalCostDispatch,RTGeneratorProfitDual,gap,SSProfit
ObjectiveValue,-1712348016.6422796,125043.21558630677,-1712348016.6422796,0.0,20837246.84192185
