,GeneratorProfitDual,TotalCostDispatch,RTGeneratorProfitDual,gap,SSProfit
ObjectiveValue,6457.026740103978,14017.891272984334,6457.026740103978,145.359,6457.0267401030205
