,GeneratorProfitDual,TotalCostDispatch,RTGeneratorProfitDual,gap,SSProfit
ObjectiveValue,43212.734490100454,205485.96850101504,43212.734490100454,555.549,43211.9447225522
