,GeneratorProfitDual,TotalCostDispatch,RTGeneratorProfitDual,gap,SSProfit
ObjectiveValue,49550.04624872931,206306.4901297892,49550.04624872931,494.597,49550.04624872992
