,GeneratorProfitDual,TotalCostDispatch,RTGeneratorProfitDual,gap,SSProfit
ObjectiveValue,108904.1950056444,368723.80145274935,108904.1950056444,820.083,108904.19500564241
