,GeneratorProfitDual,TotalCostDispatch,RTGeneratorProfitDual,gap,SSProfit
ObjectiveValue,108835.5137006824,368589.4692443792,108835.5137006824,1085.78,108835.51370067989
