,GeneratorProfitDual,TotalCostDispatch,RTGeneratorProfitDual,gap,SSProfit
ObjectiveValue,109231.49361724712,368892.1499203597,109231.49361724712,373.233,109231.55325357722
