,GeneratorProfitDual,TotalCostDispatch,RTGeneratorProfitDual,gap,SSProfit
ObjectiveValue,84782.25779317415,369974.4119689299,84782.25779317415,737.305,85036.59346087577
