,GeneratorProfitDual,TotalCostDispatch,RTGeneratorProfitDual,gap,SSProfit
ObjectiveValue,88824.51170450934,368767.35168062255,88824.51170450934,1087.96,88824.51170450757
