,GeneratorProfitDual,TotalCostDispatch,RTGeneratorProfitDual,gap,SSProfit
ObjectiveValue,-1940939369.8009937,324520.2189519129,-1940939369.8009937,0.0,2884462.8186299643
