,GeneratorProfitDual,TotalCostDispatch,RTGeneratorProfitDual,gap,SSProfit
ObjectiveValue,-1682377601.8434103,324520.21895191295,-1682377601.8434103,0.0,5330166.666666666
