,GeneratorProfitDual,TotalCostDispatch,RTGeneratorProfitDual,gap,SSProfit
ObjectiveValue,23849.143157888844,161342.78913480416,23849.143157888844,82.2707,23849.14315788724
