,GeneratorProfitDual,TotalCostDispatch,RTGeneratorProfitDual,gap,SSProfit
ObjectiveValue,23786.287902001353,161341.2497956841,23786.287902001353,110.872,23786.28790199994
