,GeneratorProfitDual,TotalCostDispatch,RTGeneratorProfitDual,gap,SSProfit
ObjectiveValue,618.3701811424135,470049.58293876017,618.3701811424135,3.52084,618.4298176985922
