,GeneratorProfitDual,TotalCostDispatch,RTGeneratorProfitDual,gap,SSProfit
ObjectiveValue,50487.71042721254,273873.46251771605,50487.71042721254,503.647,51357.96213640918
