,GeneratorProfitDual,TotalCostDispatch,RTGeneratorProfitDual,gap,SSProfit
ObjectiveValue,50877.581478663924,273528.5138860937,50877.581478663924,9390.99,51218.4765278924
