,GeneratorProfitDual,TotalCostDispatch,RTGeneratorProfitDual,gap,SSProfit
ObjectiveValue,55678.21293545317,230185.02496640786,55678.21293545317,0.0,55743.61080193001
