,GeneratorProfitDual,TotalCostDispatch,RTGeneratorProfitDual,gap,SSProfit
ObjectiveValue,55343.35352227561,230263.07738185627,55343.35352227561,12905.0,55564.31109077562
