,GeneratorProfitDual,TotalCostDispatch,RTGeneratorProfitDual,gap,SSProfit
ObjectiveValue,-1981214896.125339,272202.4492916238,-1981214896.125339,0.0,3542052.2071415484
