,GeneratorProfitDual,TotalCostDispatch,RTGeneratorProfitDual,gap,SSProfit
ObjectiveValue,1144.6170562718548,246596.77503585507,1144.6170562718548,11.425,1144.6170562693483
