,GeneratorProfitDual,TotalCostDispatch,RTGeneratorProfitDual,gap,SSProfit
ObjectiveValue,1868.3852935984764,7120.792149979738,1868.3852935984764,300.429,1868.3852935973605
