,GeneratorProfitDual,TotalCostDispatch,RTGeneratorProfitDual,gap,SSProfit
ObjectiveValue,1868.3852935975897,7120.792149980647,1868.3852935975897,297.59,1868.3852935973496
