,GeneratorProfitDual,TotalCostDispatch,RTGeneratorProfitDual,gap,SSProfit
ObjectiveValue,1868.385293597577,7120.792149980643,1868.385293597577,303.462,1868.3852935973498
