,GeneratorProfitDual,TotalCostDispatch,RTGeneratorProfitDual,gap,SSProfit
ObjectiveValue,42691.47967759823,161341.24979568418,42691.47967759823,2855.24,42691.47967759692
