,GeneratorProfitDual,TotalCostDispatch,RTGeneratorProfitDual,gap,SSProfit
ObjectiveValue,9668.256421465005,28425.80167097528,9668.241767462736,0.0,9668.256421463542
