,GeneratorProfitDual,TotalCostDispatch,RTGeneratorProfitDual,gap,SSProfit
ObjectiveValue,9668.256421463864,28425.80167097624,9668.256421463864,254.582,9668.256421463526
