,GeneratorProfitDual,TotalCostDispatch,RTGeneratorProfitDual,gap,SSProfit
ObjectiveValue,11704.9444859512,82595.54237546725,11704.9444859512,14864.1,11704.944485950138
