,GeneratorProfitDual,TotalCostDispatch,RTGeneratorProfitDual,gap,SSProfit
ObjectiveValue,46472.1531896971,181523.1543548418,46472.1531896971,19259.8,46472.1531896943
