,GeneratorProfitDual,TotalCostDispatch,RTGeneratorProfitDual,gap,SSProfit
ObjectiveValue,5864.01149576351,64679.334267368926,5864.01149576351,6.54589,5968.4069052245395
