,GeneratorProfitDual,TotalCostDispatch,RTGeneratorProfitDual,gap,SSProfit
ObjectiveValue,29718.904368979835,17779.040042116354,29718.904368979835,10339.6,29718.904368978077
