,GeneratorProfitDual,TotalCostDispatch,RTGeneratorProfitDual,gap,SSProfit
ObjectiveValue,29718.904368979973,17779.040042116307,29718.904368979973,300.033,29718.90436897808
