,GeneratorProfitDual,TotalCostDispatch,RTGeneratorProfitDual,gap,SSProfit
ObjectiveValue,3932.2919763926725,256965.44521342532,3932.2919763926725,273.363,3948.5833154101856
