,GeneratorProfitDual,TotalCostDispatch,RTGeneratorProfitDual,gap,SSProfit
ObjectiveValue,21505.432610153905,174509.9938304148,21505.432610153905,1517.25,21502.015125354705
