,GeneratorProfitDual,TotalCostDispatch,RTGeneratorProfitDual,gap,SSProfit
ObjectiveValue,54749.83291765186,263404.6132797205,54749.83291765186,406.671,54749.832917648826
