,GeneratorProfitDual,TotalCostDispatch,RTGeneratorProfitDual,gap,SSProfit
ObjectiveValue,2818.7481297316995,20253.572636099765,2818.7481297316995,0.0,2818.7481297315703
