,GeneratorProfitDual,TotalCostDispatch,RTGeneratorProfitDual,gap,SSProfit
ObjectiveValue,47507.98529386777,139840.4255666381,47507.98529386777,541.28,47507.98529386694
