,GeneratorProfitDual,TotalCostDispatch,RTGeneratorProfitDual,gap,SSProfit
ObjectiveValue,47507.98529386827,139840.42556663806,47507.98529386827,455.736,47507.98529386692
