,GeneratorProfitDual,TotalCostDispatch,RTGeneratorProfitDual,gap,SSProfit
ObjectiveValue,167.31495174686256,497566.03739683144,167.31495174686256,0.0,167.32916746281234
