,GeneratorProfitDual,TotalCostDispatch,RTGeneratorProfitDual,gap,SSProfit
ObjectiveValue,11765.00696330613,117347.11871365944,11765.00696330613,6367.3,11913.525809685088
