,GeneratorProfitDual,TotalCostDispatch,RTGeneratorProfitDual,gap,SSProfit
ObjectiveValue,-1959562043.5485134,67608.64477392606,-1959562043.5485134,0.0,9833606.760972826
