,GeneratorProfitDual,TotalCostDispatch,RTGeneratorProfitDual,gap,SSProfit
ObjectiveValue,84606.62882117285,367526.8605174676,84606.62882117285,1140.03,92450.29042481471
