,GeneratorProfitDual,TotalCostDispatch,RTGeneratorProfitDual,gap,SSProfit
ObjectiveValue,-14570992713.540424,514183.8208930794,-14570992713.540424,0.0,-6356073.398597583
