,GeneratorProfitDual,TotalCostDispatch,RTGeneratorProfitDual,gap,SSProfit
ObjectiveValue,1868.385293597729,15971.772739393713,1868.385293597729,0.0,1868.3852935973496
