,GeneratorProfitDual,TotalCostDispatch,RTGeneratorProfitDual,gap,SSProfit
ObjectiveValue,39117.59452588755,282748.93752538285,39117.59452588755,5408.25,39117.59452588688
