,GeneratorProfitDual,TotalCostDispatch,RTGeneratorProfitDual,gap,SSProfit
ObjectiveValue,54266.659200646696,244035.27113105508,54266.659200646696,50216.1,54539.36121146037
