,GeneratorProfitDual,TotalCostDispatch,RTGeneratorProfitDual,gap,SSProfit
ObjectiveValue,54426.482417631894,243866.5861256197,54426.482417631894,6392.27,54530.15906034158
