,GeneratorProfitDual,TotalCostDispatch,RTGeneratorProfitDual,gap,SSProfit
ObjectiveValue,26901.86538084428,202963.69531460307,26901.86538084428,296.608,26983.511196225147
