,GeneratorProfitDual,TotalCostDispatch,RTGeneratorProfitDual,gap,SSProfit
ObjectiveValue,-16050649755.087105,270725.66038724344,-16050649755.087105,0.0,-4340664.3751516715
