,GeneratorProfitDual,TotalCostDispatch,RTGeneratorProfitDual,gap,SSProfit
ObjectiveValue,-1971952718.6235497,61289.00704892587,-1971952718.6235497,0.0,14308315.694405112
