,GeneratorProfitDual,TotalCostDispatch,RTGeneratorProfitDual,gap,SSProfit
ObjectiveValue,7120.936820926766,569487.7859780118,7120.936820926766,0.0,7120.9368209222675
