,GeneratorProfitDual,TotalCostDispatch,RTGeneratorProfitDual,gap,SSProfit
ObjectiveValue,72419.28351023726,184317.53043928545,72419.28351023726,71863.8,72419.28351023486
