,GeneratorProfitDual,TotalCostDispatch,RTGeneratorProfitDual,gap,SSProfit
ObjectiveValue,108713.94486033446,180018.39011604222,108713.94486033446,28193.6,108713.94486033233
