,GeneratorProfitDual,TotalCostDispatch,RTGeneratorProfitDual,gap,SSProfit
ObjectiveValue,-1976655606.202168,128249.64289266441,-1976655606.202168,0.0,9687458.257478284
