,GeneratorProfitDual,TotalCostDispatch,RTGeneratorProfitDual,gap,SSProfit
ObjectiveValue,62709.02454650022,356962.5043029281,62709.02454650022,57.3171,62721.22113885648
