,GeneratorProfitDual,TotalCostDispatch,RTGeneratorProfitDual,gap,SSProfit
ObjectiveValue,25950.293448039072,57233.67197841136,25950.293448039072,264.742,25950.293448038166
