,GeneratorProfitDual,TotalCostDispatch,RTGeneratorProfitDual,gap,SSProfit
ObjectiveValue,26029.43958814563,57116.24765628837,26029.43958814563,266.447,26253.115060235905
