,GeneratorProfitDual,TotalCostDispatch,RTGeneratorProfitDual,gap,SSProfit
ObjectiveValue,78693.35545476804,243959.85002575538,78693.35545476804,1014.88,78969.63864143456
