,GeneratorProfitDual,TotalCostDispatch,RTGeneratorProfitDual,gap,SSProfit
ObjectiveValue,38488.728876103414,228924.88552927566,38488.728876103414,9630.0,38488.72887609944
