,GeneratorProfitDual,TotalCostDispatch,RTGeneratorProfitDual,gap,SSProfit
ObjectiveValue,38488.728876101624,228924.88552927837,38488.728876101624,8324.1,38488.72887609943
