,GeneratorProfitDual,TotalCostDispatch,RTGeneratorProfitDual,gap,SSProfit
ObjectiveValue,26.891114936862095,582268.5857584147,26.891114936862095,0.0,12.115148939976052
