,GeneratorProfitDual,TotalCostDispatch,RTGeneratorProfitDual,gap,SSProfit
ObjectiveValue,46976.512117752674,454040.5540309241,46976.512117752674,108.494,46985.074685469925
