,GeneratorProfitDual,TotalCostDispatch,RTGeneratorProfitDual,gap,SSProfit
ObjectiveValue,3709.088211039256,225024.5489796517,3709.088211039256,5.41098,3963.0312730024434
