,GeneratorProfitDual,TotalCostDispatch,RTGeneratorProfitDual,gap,SSProfit
ObjectiveValue,3864.1338717252775,265355.6275702858,3864.1338717252775,4.60654,3977.4305462746806
