,GeneratorProfitDual,TotalCostDispatch,RTGeneratorProfitDual,gap,SSProfit
ObjectiveValue,12742.432564803568,48825.79467335533,12742.432564803568,118.22,13684.233116436575
