,GeneratorProfitDual,TotalCostDispatch,RTGeneratorProfitDual,gap,SSProfit
ObjectiveValue,40672.59232752635,396406.804946438,40672.59232752635,139.616,40791.15788380645
