,GeneratorProfitDual,TotalCostDispatch,RTGeneratorProfitDual,gap,SSProfit
ObjectiveValue,5359.94958611796,30750.80389498383,5359.94958611796,4.97345,5359.949586117114
