,GeneratorProfitDual,TotalCostDispatch,RTGeneratorProfitDual,gap,SSProfit
ObjectiveValue,42112.32902213485,216991.10699125132,42112.32902213485,328.548,42176.530228376694
