,GeneratorProfitDual,TotalCostDispatch,RTGeneratorProfitDual,gap,SSProfit
ObjectiveValue,41967.12460707158,216997.67624570496,41967.12460707158,9631.69,42038.36182502952
