,GeneratorProfitDual,TotalCostDispatch,RTGeneratorProfitDual,gap,SSProfit
ObjectiveValue,9249.723401721616,32949.57956482157,9249.723401721616,0.0,9249.723401720968
