,GeneratorProfitDual,TotalCostDispatch,RTGeneratorProfitDual,gap,SSProfit
ObjectiveValue,20907.549600144346,270422.8167569998,20907.549600144346,215.898,20907.54960014411
