,GeneratorProfitDual,TotalCostDispatch,RTGeneratorProfitDual,gap,SSProfit
ObjectiveValue,7865.331426190215,108103.50751842528,7865.331426190215,15.3414,7865.331426185403
