,GeneratorProfitDual,TotalCostDispatch,RTGeneratorProfitDual,gap,SSProfit
ObjectiveValue,-14315143243.798773,552965.5202369082,-14315143243.798773,0.0,-3902555.7701510056
