,GeneratorProfitDual,TotalCostDispatch,RTGeneratorProfitDual,gap,SSProfit
ObjectiveValue,33904.77005110584,53455.94060712838,33904.77005110584,14268.6,33904.77005110364
