,GeneratorProfitDual,TotalCostDispatch,RTGeneratorProfitDual,gap,SSProfit
ObjectiveValue,33904.77005110434,53455.9406071299,33904.77005110434,4225.84,33904.77005110362
