,GeneratorProfitDual,TotalCostDispatch,RTGeneratorProfitDual,gap,SSProfit
ObjectiveValue,19437.812742745944,331578.84350566333,19437.812742745944,116.608,19760.900758265176
