,GeneratorProfitDual,TotalCostDispatch,RTGeneratorProfitDual,gap,SSProfit
ObjectiveValue,7177.873612900819,51983.18677929881,7177.873612900819,0.0,7177.873612898819
