,GeneratorProfitDual,TotalCostDispatch,RTGeneratorProfitDual,gap,SSProfit
ObjectiveValue,-1960146848.9488375,27324.991167645294,-1960146848.9488375,0.0,11296891.705872845
