,GeneratorProfitDual,TotalCostDispatch,RTGeneratorProfitDual,gap,SSProfit
ObjectiveValue,3779.402570912992,114963.06303446673,3779.402570912992,0.0,3938.3369430000034
