,GeneratorProfitDual,TotalCostDispatch,RTGeneratorProfitDual,gap,SSProfit
ObjectiveValue,4153.901192036148,40445.282179229434,4153.901192036148,1.5609,4153.90119203537
