,GeneratorProfitDual,TotalCostDispatch,RTGeneratorProfitDual,gap,SSProfit
ObjectiveValue,3648.57051563978,303963.8877765763,3648.57051563978,0.539124,3648.570515637274
