,GeneratorProfitDual,TotalCostDispatch,RTGeneratorProfitDual,gap,SSProfit
ObjectiveValue,43167.47667015867,76063.19723571696,43167.47667015867,619.895,43167.47667015583
