,GeneratorProfitDual,TotalCostDispatch,RTGeneratorProfitDual,gap,SSProfit
ObjectiveValue,-2000284269.1102002,88941.88976006421,-2000284269.1102002,0.0,13089201.448831419
