,GeneratorProfitDual,TotalCostDispatch,RTGeneratorProfitDual,gap,SSProfit
ObjectiveValue,-1994945136.6232262,29144.764035794156,-1994945136.6232262,0.0,15779142.703243895
