,GeneratorProfitDual,TotalCostDispatch,RTGeneratorProfitDual,gap,SSProfit
ObjectiveValue,16000.290537568617,13537.669681950614,16000.290537568617,316.501,16000.290537568124
