,GeneratorProfitDual,TotalCostDispatch,RTGeneratorProfitDual,gap,SSProfit
ObjectiveValue,5340.526681321084,17647.294373343397,5340.526681321084,100.352,5340.526681320885
