,GeneratorProfitDual,TotalCostDispatch,RTGeneratorProfitDual,gap,SSProfit
ObjectiveValue,5340.5266813215285,17647.294373343022,5340.5266813215285,121.826,5340.526681320872
