,GeneratorProfitDual,TotalCostDispatch,RTGeneratorProfitDual,gap,SSProfit
ObjectiveValue,-1919706039.3478596,202758.3712092499,-1919706039.3478596,0.0,13747734.455027465
