,GeneratorProfitDual,TotalCostDispatch,RTGeneratorProfitDual,gap,SSProfit
ObjectiveValue,11153.30388069078,49465.00354728781,11153.30388069078,1341.72,11153.30388068804
