,GeneratorProfitDual,TotalCostDispatch,RTGeneratorProfitDual,gap,SSProfit
ObjectiveValue,-16284601782.845934,353573.4949593442,-16284601782.845934,0.0,-8008440.7627966525
