,GeneratorProfitDual,TotalCostDispatch,RTGeneratorProfitDual,gap,SSProfit
ObjectiveValue,6561.827665173611,155137.9731487433,6561.827665173611,13750.0,6554.9484033831495
