,GeneratorProfitDual,TotalCostDispatch,RTGeneratorProfitDual,gap,SSProfit
ObjectiveValue,49560.47633160473,178137.82135228417,49560.47633160473,0.0,49705.147794661156
