,GeneratorProfitDual,TotalCostDispatch,RTGeneratorProfitDual,gap,SSProfit
ObjectiveValue,52278.9104362114,184590.36287164697,52278.9104362114,622.234,52949.5663373211
