,GeneratorProfitDual,TotalCostDispatch,RTGeneratorProfitDual,gap,SSProfit
ObjectiveValue,47467.847291228696,182832.36056425836,47467.847291228696,12417.1,47467.847291224214
