,GeneratorProfitDual,TotalCostDispatch,RTGeneratorProfitDual,gap,SSProfit
ObjectiveValue,53610.883256086396,292452.37502160744,53610.883256086396,536.356,53610.883256085304
