,GeneratorProfitDual,TotalCostDispatch,RTGeneratorProfitDual,gap,SSProfit
ObjectiveValue,53648.76932182011,292474.44596767717,53648.76932182011,536.144,53648.769321818276
