,GeneratorProfitDual,TotalCostDispatch,RTGeneratorProfitDual,gap,SSProfit
ObjectiveValue,53610.88325608887,292452.3750216054,53610.88325608887,537.066,53610.88325608532
