,GeneratorProfitDual,TotalCostDispatch,RTGeneratorProfitDual,gap,SSProfit
ObjectiveValue,53477.076782770804,292566.34861187823,53477.076782770804,357.283,53512.58912892774
