,GeneratorProfitDual,TotalCostDispatch,RTGeneratorProfitDual,gap,SSProfit
ObjectiveValue,4424.99996233947,96950.72548558669,4424.99996233947,24.1882,3637.3828756232715
