,GeneratorProfitDual,TotalCostDispatch,RTGeneratorProfitDual,gap,SSProfit
ObjectiveValue,21376.71082531063,320625.39365496096,21376.71082531063,25.6168,21502.115449192996
