,GeneratorProfitDual,TotalCostDispatch,RTGeneratorProfitDual,gap,SSProfit
ObjectiveValue,4365.767987684967,39180.46313463492,4365.767987684967,15.1222,4365.767987684583
