,GeneratorProfitDual,TotalCostDispatch,RTGeneratorProfitDual,gap,SSProfit
ObjectiveValue,4358.597021794632,715697.3682075527,4358.597021794632,0.0,4759.123445996396
