,GeneratorProfitDual,TotalCostDispatch,RTGeneratorProfitDual,gap,SSProfit
ObjectiveValue,7950.656149124519,258374.7232510175,7950.656149124519,72.7101,8047.403950506277
