,GeneratorProfitDual,TotalCostDispatch,RTGeneratorProfitDual,gap,SSProfit
ObjectiveValue,-1960739944.8556592,29144.764035794156,-1960739944.8556592,0.0,20970744.227790248
