,GeneratorProfitDual,TotalCostDispatch,RTGeneratorProfitDual,gap,SSProfit
ObjectiveValue,-2003326445.5842562,59778.95249057763,-2003326445.5842562,0.0,10099504.573577441
