,GeneratorProfitDual,TotalCostDispatch,RTGeneratorProfitDual,gap,SSProfit
ObjectiveValue,3605.220594368985,178823.53954359566,3605.220594368985,0.0,3928.678442048647
