,GeneratorProfitDual,TotalCostDispatch,RTGeneratorProfitDual,gap,SSProfit
ObjectiveValue,-1961721627.667903,36669.749131004544,-1961721627.667903,0.0,11502058.987706581
