,GeneratorProfitDual,TotalCostDispatch,RTGeneratorProfitDual,gap,SSProfit
ObjectiveValue,10737.7634316126,90067.79994613375,10737.7634316126,0.0,10737.763431612191
