,GeneratorProfitDual,TotalCostDispatch,RTGeneratorProfitDual,gap,SSProfit
ObjectiveValue,3966.119213766924,253711.62875217717,3966.119213766924,0.173849,3966.1192137658218
