,GeneratorProfitDual,TotalCostDispatch,RTGeneratorProfitDual,gap,SSProfit
ObjectiveValue,38140.905376618444,70882.84516250099,38140.905376618444,760.008,38728.15018440926
