,GeneratorProfitDual,TotalCostDispatch,RTGeneratorProfitDual,gap,SSProfit
ObjectiveValue,-1913762105.4543035,67446.64108549226,-1913762105.4543035,0.0,14436878.332333148
