,GeneratorProfitDual,TotalCostDispatch,RTGeneratorProfitDual,gap,SSProfit
ObjectiveValue,20962.06496082276,131814.37533600986,20962.06496082276,331.541,21263.858555413746
