,GeneratorProfitDual,TotalCostDispatch,RTGeneratorProfitDual,gap,SSProfit
ObjectiveValue,70592.26202051107,99305.21235380488,70592.26202051107,38464.7,70712.85067470772
