,GeneratorProfitDual,TotalCostDispatch,RTGeneratorProfitDual,gap,SSProfit
ObjectiveValue,-16576249295.789238,99302.58273589071,-16576249295.789238,5840.54,-53311034.18338418
