,GeneratorProfitDual,TotalCostDispatch,RTGeneratorProfitDual,gap,SSProfit
ObjectiveValue,-16944737306.968351,448676.194064216,-16944737306.968351,0.0,-25255685.004126254
