,GeneratorProfitDual,TotalCostDispatch,RTGeneratorProfitDual,gap,SSProfit
ObjectiveValue,-1914695694.4271533,377908.3318812288,-1914695694.4271533,0.0,9178166.274183525
