,GeneratorProfitDual,TotalCostDispatch,RTGeneratorProfitDual,gap,SSProfit
ObjectiveValue,11966.469326915387,217946.1860039465,11966.469326915387,132.467,11966.469326910777
