,GeneratorProfitDual,TotalCostDispatch,RTGeneratorProfitDual,gap,SSProfit
ObjectiveValue,7788.866346111923,214041.2753310746,7788.866346111923,8.98298,7788.86634610988
