,GeneratorProfitDual,TotalCostDispatch,RTGeneratorProfitDual,gap,SSProfit
ObjectiveValue,58141.523490565705,207761.62263580487,58141.523490565705,0.0,58141.523490564214
