,GeneratorProfitDual,TotalCostDispatch,RTGeneratorProfitDual,gap,SSProfit
ObjectiveValue,-16500458789.76974,334197.2071310361,-16500458789.76974,0.0,-2570589.5507220086
