,GeneratorProfitDual,TotalCostDispatch,RTGeneratorProfitDual,gap,SSProfit
ObjectiveValue,25714.762708227747,354626.1693762593,25714.762708227747,159.534,58360.00509893866
