,GeneratorProfitDual,TotalCostDispatch,RTGeneratorProfitDual,gap,SSProfit
ObjectiveValue,59650.87689178236,354417.72147780564,59650.87689178236,528.235,59779.695618030884
