,GeneratorProfitDual,TotalCostDispatch,RTGeneratorProfitDual,gap,SSProfit
ObjectiveValue,36186.927219610705,73907.42577805268,36186.927219610705,545.51,36459.81035801657
