,GeneratorProfitDual,TotalCostDispatch,RTGeneratorProfitDual,gap,SSProfit
ObjectiveValue,49675.31233877968,75932.55533798465,49675.31233877968,11229.8,63184.570910900205
