,GeneratorProfitDual,TotalCostDispatch,RTGeneratorProfitDual,gap,SSProfit
ObjectiveValue,4231.490311168032,162514.14860631683,4231.490311168032,279.27,4231.490311166664
