,GeneratorProfitDual,TotalCostDispatch,RTGeneratorProfitDual,gap,SSProfit
ObjectiveValue,11279.724762187858,57063.38908593731,11279.724762187858,1185.83,11279.724762185038
