,GeneratorProfitDual,TotalCostDispatch,RTGeneratorProfitDual,gap,SSProfit
ObjectiveValue,15476.864094665814,99305.63867022467,15476.864094665814,0.0,15630.806433243539
