,GeneratorProfitDual,TotalCostDispatch,RTGeneratorProfitDual,gap,SSProfit
ObjectiveValue,-17155488236.096142,99305.63867022541,-17155488236.096142,17051.9,-38594331.18322112
