,GeneratorProfitDual,TotalCostDispatch,RTGeneratorProfitDual,gap,SSProfit
ObjectiveValue,-1938119334.0595365,322941.5256365848,-1938119334.0595365,0.0,600905.324755019
