,GeneratorProfitDual,TotalCostDispatch,RTGeneratorProfitDual,gap,SSProfit
ObjectiveValue,37099.20706179464,241972.5598527864,37099.20706179464,3091.93,37322.04930134934
