,GeneratorProfitDual,TotalCostDispatch,RTGeneratorProfitDual,gap,SSProfit
ObjectiveValue,3814.7568672934763,589945.3312261689,3814.7568672934763,0.0,4214.213700946449
