,GeneratorProfitDual,TotalCostDispatch,RTGeneratorProfitDual,gap,SSProfit
ObjectiveValue,25906.655130456948,580328.5052043755,25906.655130456948,1372.47,26055.176521371126
