,GeneratorProfitDual,TotalCostDispatch,RTGeneratorProfitDual,gap,SSProfit
ObjectiveValue,24197.660782510222,580389.3612320588,24197.660782510222,3391.48,26168.624799414087
