,GeneratorProfitDual,TotalCostDispatch,RTGeneratorProfitDual,gap,SSProfit
ObjectiveValue,50607.50694618831,427467.6335475423,50607.50694618831,0.0,50607.5069461854
