,GeneratorProfitDual,TotalCostDispatch,RTGeneratorProfitDual,gap,SSProfit
ObjectiveValue,-17122923913.10051,525128.6127151484,-17122923913.10051,0.0,-29225997.587857064
