,GeneratorProfitDual,TotalCostDispatch,RTGeneratorProfitDual,gap,SSProfit
ObjectiveValue,-1920777467.2685187,336840.1280090361,-1920777467.2685187,0.0,600905.324755019
