,GeneratorProfitDual,TotalCostDispatch,RTGeneratorProfitDual,gap,SSProfit
ObjectiveValue,24666.132630767126,143072.15418011064,24666.132630767126,25956.8,24666.132630764623
