,GeneratorProfitDual,TotalCostDispatch,RTGeneratorProfitDual,gap,SSProfit
ObjectiveValue,19951.335179594647,33962.3210308533,19951.335179594647,134.566,19962.858701732843
