,GeneratorProfitDual,TotalCostDispatch,RTGeneratorProfitDual,gap,SSProfit
ObjectiveValue,7907.0393800156035,139648.68151507142,7907.0393800156035,0.0,7907.039380013966
