,GeneratorProfitDual,TotalCostDispatch,RTGeneratorProfitDual,gap,SSProfit
ObjectiveValue,-17139929086.167498,327915.84285608074,-17139929086.167498,2620.73,-7533123.746348408
