,GeneratorProfitDual,TotalCostDispatch,RTGeneratorProfitDual,gap,SSProfit
ObjectiveValue,54641.1898143442,327915.84285607893,54641.1898143442,545.237,54795.586265650745
