,GeneratorProfitDual,TotalCostDispatch,RTGeneratorProfitDual,gap,SSProfit
ObjectiveValue,1433.0176526385776,307.75253432562,1433.0176526385776,0.0,1433.0176526384048
