,GeneratorProfitDual,TotalCostDispatch,RTGeneratorProfitDual,gap,SSProfit
ObjectiveValue,1433.0176526384876,307.75253432570963,1433.0176526384876,0.0,1433.0176526384332
