,GeneratorProfitDual,TotalCostDispatch,RTGeneratorProfitDual,gap,SSProfit
ObjectiveValue,46592.90862873652,107293.2377959936,46592.90862873652,38183.6,46592.90862873434
