,GeneratorProfitDual,TotalCostDispatch,RTGeneratorProfitDual,gap,SSProfit
ObjectiveValue,46592.90862873751,107293.23779599328,46592.90862873751,14708.5,46592.90862873433
