,GeneratorProfitDual,TotalCostDispatch,RTGeneratorProfitDual,gap,SSProfit
ObjectiveValue,24008.343127449993,90304.81957608748,24008.343127449993,14477.1,24008.34312744447
