,GeneratorProfitDual,TotalCostDispatch,RTGeneratorProfitDual,gap,SSProfit
ObjectiveValue,24008.34312745011,90304.81957608745,24008.34312745011,5411.56,24008.34312744447
