,GeneratorProfitDual,TotalCostDispatch,RTGeneratorProfitDual,gap,SSProfit
ObjectiveValue,3061.0843441893444,34230.69487654509,3061.0843441893444,37229.4,3061.0843441888596
