,GeneratorProfitDual,TotalCostDispatch,RTGeneratorProfitDual,gap,SSProfit
ObjectiveValue,3079.986409830247,34242.639385504175,3079.986409830247,0.0,3079.986409829885
