,GeneratorProfitDual,TotalCostDispatch,RTGeneratorProfitDual,gap,SSProfit
ObjectiveValue,8101.354517805919,470055.5445990789,8101.354517805919,0.0,8262.454624267348
