,GeneratorProfitDual,TotalCostDispatch,RTGeneratorProfitDual,gap,SSProfit
ObjectiveValue,-1962423965.6908026,27324.991167645294,-1962423965.6908026,0.0,11452249.9593504
