,GeneratorProfitDual,TotalCostDispatch,RTGeneratorProfitDual,gap,SSProfit
ObjectiveValue,3410.3780465465106,534130.7342678662,3410.3780465465106,13.3384,3410.37804654106
