,GeneratorProfitDual,TotalCostDispatch,RTGeneratorProfitDual,gap,SSProfit
ObjectiveValue,7808.643046053575,165911.8716272359,7808.643046053575,21029.0,7882.08124427542
