,GeneratorProfitDual,TotalCostDispatch,RTGeneratorProfitDual,gap,SSProfit
ObjectiveValue,62072.38887298748,207744.6180019302,62072.38887298748,311.753,62051.42253624274
