,GeneratorProfitDual,TotalCostDispatch,RTGeneratorProfitDual,gap,SSProfit
ObjectiveValue,-16281493803.139011,497566.0231811152,-16281493803.139011,0.0,-10913279.641025066
