,GeneratorProfitDual,TotalCostDispatch,RTGeneratorProfitDual,gap,SSProfit
ObjectiveValue,3590.864981512348,390323.1819806838,3590.864981512348,12.8159,3610.347038999998
