,GeneratorProfitDual,TotalCostDispatch,RTGeneratorProfitDual,gap,SSProfit
ObjectiveValue,111631.61656951859,180018.39011604208,111631.61656951859,39829.6,111631.61656951599
