,GeneratorProfitDual,TotalCostDispatch,RTGeneratorProfitDual,gap,SSProfit
ObjectiveValue,111631.61656951856,180018.39011604214,111631.61656951856,17935.9,111631.61656951605
