,GeneratorProfitDual,TotalCostDispatch,RTGeneratorProfitDual,gap,SSProfit
ObjectiveValue,111701.95753296626,180021.04967370466,111701.95753296626,7626.57,112060.26569230715
