,GeneratorProfitDual,TotalCostDispatch,RTGeneratorProfitDual,gap,SSProfit
ObjectiveValue,-16901898774.065422,262435.42724580644,-16901898774.065422,0.0,-31528137.63426671
