,GeneratorProfitDual,TotalCostDispatch,RTGeneratorProfitDual,gap,SSProfit
ObjectiveValue,-16387897128.376902,392022.63438326324,-16387897128.376902,0.0,-649044.5559556625
