,GeneratorProfitDual,TotalCostDispatch,RTGeneratorProfitDual,gap,SSProfit
ObjectiveValue,52614.61612116401,363681.5632094237,52614.61612116401,747.44,52614.6161211595
