,GeneratorProfitDual,TotalCostDispatch,RTGeneratorProfitDual,gap,SSProfit
ObjectiveValue,41740.52320976812,390330.79315744387,41740.52320976812,315.803,41740.52320976533
