,GeneratorProfitDual,TotalCostDispatch,RTGeneratorProfitDual,gap,SSProfit
ObjectiveValue,3126.0528626798728,34668.08018533877,3126.0528626798728,5.95027,3126.0528626794594
