,GeneratorProfitDual,TotalCostDispatch,RTGeneratorProfitDual,gap,SSProfit
ObjectiveValue,3126.052862679901,34668.08018533874,3126.052862679901,0.0,3126.0528626794594
