,GeneratorProfitDual,TotalCostDispatch,RTGeneratorProfitDual,gap,SSProfit
ObjectiveValue,36885.33342756537,365676.8479170179,36885.33342756537,366.648,36954.29762083874
