,GeneratorProfitDual,TotalCostDispatch,RTGeneratorProfitDual,gap,SSProfit
ObjectiveValue,40061.62590182562,191379.85763250728,40061.62590182562,13300.4,40061.62590182464
