,GeneratorProfitDual,TotalCostDispatch,RTGeneratorProfitDual,gap,SSProfit
ObjectiveValue,1756.269487550025,400475.8678223722,1756.269487550025,0.0136584,1756.2694875472023
