,GeneratorProfitDual,TotalCostDispatch,RTGeneratorProfitDual,gap,SSProfit
ObjectiveValue,33904.77005110584,53455.9406071284,33904.77005110584,22603.3,33904.77005110364
