,GeneratorProfitDual,TotalCostDispatch,RTGeneratorProfitDual,gap,SSProfit
ObjectiveValue,3679.5296369619446,95514.46957890876,3679.5296369619446,0.0,3329.0785615000023
