,GeneratorProfitDual,TotalCostDispatch,RTGeneratorProfitDual,gap,SSProfit
ObjectiveValue,6819.738768002219,36810.88361753586,6819.738768002219,24.7316,6819.738768000006
