,GeneratorProfitDual,TotalCostDispatch,RTGeneratorProfitDual,gap,SSProfit
ObjectiveValue,68111.85538405727,586369.4891451794,68111.85538405727,676.917,68174.71642189489
