,GeneratorProfitDual,TotalCostDispatch,RTGeneratorProfitDual,gap,SSProfit
ObjectiveValue,67971.61991375907,586367.1787303896,67971.61991375907,671.108,68213.50034698275
