,GeneratorProfitDual,TotalCostDispatch,RTGeneratorProfitDual,gap,SSProfit
ObjectiveValue,90614.69461339084,166728.24471830478,90614.69461339084,82332.4,90614.6946133817
