,GeneratorProfitDual,TotalCostDispatch,RTGeneratorProfitDual,gap,SSProfit
ObjectiveValue,4552.913053989458,710952.2482381711,4552.913053989458,43.0717,4951.600770777874
