,GeneratorProfitDual,TotalCostDispatch,RTGeneratorProfitDual,gap,SSProfit
ObjectiveValue,-1935265963.4559855,277601.44493445486,-1935265963.4559855,0.0,7117432.609719646
