,GeneratorProfitDual,TotalCostDispatch,RTGeneratorProfitDual,gap,SSProfit
ObjectiveValue,-1941778788.177655,277601.44493445486,-1941778788.177655,0.0,7117432.609719646
