,GeneratorProfitDual,TotalCostDispatch,RTGeneratorProfitDual,gap,SSProfit
ObjectiveValue,1486.0144824250801,562303.9954376869,1486.0144824250801,14.8231,1486.0144824198649
