,GeneratorProfitDual,TotalCostDispatch,RTGeneratorProfitDual,gap,SSProfit
ObjectiveValue,12246.49813290704,129505.27148699395,12246.49813290704,31930.8,12850.2289622374
