,GeneratorProfitDual,TotalCostDispatch,RTGeneratorProfitDual,gap,SSProfit
ObjectiveValue,12663.169884653553,129046.37905065647,12663.169884653553,15792.1,12850.228962237416
