,GeneratorProfitDual,TotalCostDispatch,RTGeneratorProfitDual,gap,SSProfit
ObjectiveValue,-17991361678.614246,19680.994899556394,-17991361678.614246,0.0,-68000392.02263547
