,GeneratorProfitDual,TotalCostDispatch,RTGeneratorProfitDual,gap,SSProfit
ObjectiveValue,-1967187115.3054101,38274.43540018939,-1967187115.3054101,0.0,18969678.61318818
