,GeneratorProfitDual,TotalCostDispatch,RTGeneratorProfitDual,gap,SSProfit
ObjectiveValue,-1991639817.1684234,38274.435400189395,-1991639817.1684234,0.0,19066497.642775618
