,GeneratorProfitDual,TotalCostDispatch,RTGeneratorProfitDual,gap,SSProfit
ObjectiveValue,66262.54545919814,206655.97684746957,66262.54545919814,7944.63,66427.70466984865
