,GeneratorProfitDual,TotalCostDispatch,RTGeneratorProfitDual,gap,SSProfit
ObjectiveValue,2565.6985511802477,171944.29527923567,2565.6985511802477,0.0,2565.6985511785606
