,GeneratorProfitDual,TotalCostDispatch,RTGeneratorProfitDual,gap,SSProfit
ObjectiveValue,18520.265179281938,167699.0785333733,18520.265179281938,1.4902,18520.265179279406
