,GeneratorProfitDual,TotalCostDispatch,RTGeneratorProfitDual,gap,SSProfit
ObjectiveValue,71051.92004765828,74769.17741317552,71051.92004765828,10763.4,71051.8837159
