,GeneratorProfitDual,TotalCostDispatch,RTGeneratorProfitDual,gap,SSProfit
ObjectiveValue,19380.642790982158,90484.94493685661,19380.642790982158,34946.5,19477.96607035546
