,GeneratorProfitDual,TotalCostDispatch,RTGeneratorProfitDual,gap,SSProfit
ObjectiveValue,-15791590912.980297,28937.372041386836,-15791590912.980297,0.0,-18197293.0445532
