,GeneratorProfitDual,TotalCostDispatch,RTGeneratorProfitDual,gap,SSProfit
ObjectiveValue,3964.381317000367,182332.0367361502,3964.381317000367,0.0,3964.381316999993
