,GeneratorProfitDual,TotalCostDispatch,RTGeneratorProfitDual,gap,SSProfit
ObjectiveValue,79.82094266158379,95569.80442628621,79.82094266158379,0.0,79.82094266015832
