,GeneratorProfitDual,TotalCostDispatch,RTGeneratorProfitDual,gap,SSProfit
ObjectiveValue,97052.41350101672,489831.60807842854,97052.41350101672,980.107,97429.86868985096
