,GeneratorProfitDual,TotalCostDispatch,RTGeneratorProfitDual,gap,SSProfit
ObjectiveValue,97112.00409068156,489902.27520508145,97112.00409068156,967.114,97525.75908254585
