,GeneratorProfitDual,TotalCostDispatch,RTGeneratorProfitDual,gap,SSProfit
ObjectiveValue,22478.085235466373,167699.0785333758,22478.085235466373,0.0,22484.646496279394
