,GeneratorProfitDual,TotalCostDispatch,RTGeneratorProfitDual,gap,SSProfit
ObjectiveValue,22484.646496280664,167699.07853337578,22484.646496280664,157.298,22484.646496279387
