,GeneratorProfitDual,TotalCostDispatch,RTGeneratorProfitDual,gap,SSProfit
ObjectiveValue,1532.2895173402544,107894.79135716306,1532.2895173402544,10547.2,1530.2180983651613
