,GeneratorProfitDual,TotalCostDispatch,RTGeneratorProfitDual,gap,SSProfit
ObjectiveValue,4396.665438169824,107942.41190026278,4396.665438169824,15697.0,4417.883283836223
