,GeneratorProfitDual,TotalCostDispatch,RTGeneratorProfitDual,gap,SSProfit
ObjectiveValue,8628.581863200212,147671.1903807567,8628.581863200212,79.8872,8628.581863195697
