,GeneratorProfitDual,TotalCostDispatch,RTGeneratorProfitDual,gap,SSProfit
ObjectiveValue,8628.581863197405,147671.19038075994,8628.581863197405,0.0,8628.581863195703
