,GeneratorProfitDual,TotalCostDispatch,RTGeneratorProfitDual,gap,SSProfit
ObjectiveValue,34532.042488385494,102919.47585899847,34532.042488385494,7696.05,34532.042488384555
