,GeneratorProfitDual,TotalCostDispatch,RTGeneratorProfitDual,gap,SSProfit
ObjectiveValue,34551.11219002735,102900.40615735685,34551.11219002735,29132.1,34551.11219002238
