,GeneratorProfitDual,TotalCostDispatch,RTGeneratorProfitDual,gap,SSProfit
ObjectiveValue,35259.36687474654,102988.10644678825,35259.36687474654,6876.35,35259.366874745254
