,GeneratorProfitDual,TotalCostDispatch,RTGeneratorProfitDual,gap,SSProfit
ObjectiveValue,-15781881997.251202,177239.92182161935,-15781881997.251202,0.0,-9572783.598268688
