,GeneratorProfitDual,TotalCostDispatch,RTGeneratorProfitDual,gap,SSProfit
ObjectiveValue,14416.634318264978,77827.76491809898,14416.634318264978,7822.05,14416.634318262435
