,GeneratorProfitDual,TotalCostDispatch,RTGeneratorProfitDual,gap,SSProfit
ObjectiveValue,14416.634318265676,77827.76491809898,14416.634318265676,3647.06,14416.634318262435
