,GeneratorProfitDual,TotalCostDispatch,RTGeneratorProfitDual,gap,SSProfit
ObjectiveValue,1389.3606487117845,29791.253285245766,1389.3606487117845,717.626,1389.3606487110283
