,GeneratorProfitDual,TotalCostDispatch,RTGeneratorProfitDual,gap,SSProfit
ObjectiveValue,1389.3606487133525,29791.253285244118,1389.3606487133525,6206.59,1389.3606487110283
