,GeneratorProfitDual,TotalCostDispatch,RTGeneratorProfitDual,gap,SSProfit
ObjectiveValue,-14865905755.322197,475639.41225925076,-14865905755.322197,0.0,-6967074.093560769
