,GeneratorProfitDual,TotalCostDispatch,RTGeneratorProfitDual,gap,SSProfit
ObjectiveValue,1530.2180983654227,107891.35318844503,1530.2180983654227,12769.9,1530.21809836519
