,GeneratorProfitDual,TotalCostDispatch,RTGeneratorProfitDual,gap,SSProfit
ObjectiveValue,8489.195902834703,14017.891272985098,8489.195902834703,188.318,8489.195902834588
