,GeneratorProfitDual,TotalCostDispatch,RTGeneratorProfitDual,gap,SSProfit
ObjectiveValue,8489.195902835621,14017.89127298431,8489.195902835621,119.114,8489.19590283459
