,GeneratorProfitDual,TotalCostDispatch,RTGeneratorProfitDual,gap,SSProfit
ObjectiveValue,8489.195902834854,14017.891272985045,8489.195902834854,0.0,8489.195902834572
