,GeneratorProfitDual,TotalCostDispatch,RTGeneratorProfitDual,gap,SSProfit
ObjectiveValue,79574.44230501121,101084.61466805595,79574.44230501121,1039.9,81567.96336277711
