,GeneratorProfitDual,TotalCostDispatch,RTGeneratorProfitDual,gap,SSProfit
ObjectiveValue,36346.3720036326,11409.918917978994,36346.3720036326,2637.8,36346.37200363059
