,GeneratorProfitDual,TotalCostDispatch,RTGeneratorProfitDual,gap,SSProfit
ObjectiveValue,36346.37200363116,11409.91891798044,36346.37200363116,675.01,36346.37200363058
