,GeneratorProfitDual,TotalCostDispatch,RTGeneratorProfitDual,gap,SSProfit
ObjectiveValue,-1918452468.2350562,65675.10140126914,-1918452468.2350562,0.0,14340276.398149906
