,GeneratorProfitDual,TotalCostDispatch,RTGeneratorProfitDual,gap,SSProfit
ObjectiveValue,-16464749509.921587,282340.43568594375,-16464749509.921587,0.0,-50018947.563216105
