,GeneratorProfitDual,TotalCostDispatch,RTGeneratorProfitDual,gap,SSProfit
ObjectiveValue,55993.10416796488,80810.90490285782,55993.10416796488,641.5,55993.10416797286
