,GeneratorProfitDual,TotalCostDispatch,RTGeneratorProfitDual,gap,SSProfit
ObjectiveValue,7860.560578702654,253876.8472687897,7860.560578702654,2.43372,7913.448448744967
