,GeneratorProfitDual,TotalCostDispatch,RTGeneratorProfitDual,gap,SSProfit
ObjectiveValue,563.4517197662302,31274.08171499148,563.4517197662302,239.415,1454.1162151637657
