,GeneratorProfitDual,TotalCostDispatch,RTGeneratorProfitDual,gap,SSProfit
ObjectiveValue,86086.70424156393,397480.77563936857,86086.70424156393,858.919,86279.2540264001
