,GeneratorProfitDual,TotalCostDispatch,RTGeneratorProfitDual,gap,SSProfit
ObjectiveValue,86210.1312718006,397529.9744478269,86210.1312718006,-118.609,86282.73529105807
