,GeneratorProfitDual,TotalCostDispatch,RTGeneratorProfitDual,gap,SSProfit
ObjectiveValue,41430.13575330732,168989.66783990784,41430.13575330732,457.036,41430.13575330625
