,GeneratorProfitDual,TotalCostDispatch,RTGeneratorProfitDual,gap,SSProfit
ObjectiveValue,42570.269545606934,358364.2155646343,42570.269545606934,116.792,42574.334196136435
