,GeneratorProfitDual,TotalCostDispatch,RTGeneratorProfitDual,gap,SSProfit
ObjectiveValue,55900.40839220035,210697.35710610592,55900.40839220035,28316.6,56351.55713662223
