,GeneratorProfitDual,TotalCostDispatch,RTGeneratorProfitDual,gap,SSProfit
ObjectiveValue,56013.132115674394,210656.13666294585,56013.132115674394,12687.7,56348.6463545807
