,GeneratorProfitDual,TotalCostDispatch,RTGeneratorProfitDual,gap,SSProfit
ObjectiveValue,23786.2879020001,119409.66586938665,23786.2879020001,0.0,23786.28790200004
