,GeneratorProfitDual,TotalCostDispatch,RTGeneratorProfitDual,gap,SSProfit
ObjectiveValue,59378.46365350239,250506.79371061714,59378.46365350239,600.17,59431.089615304794
