,GeneratorProfitDual,TotalCostDispatch,RTGeneratorProfitDual,gap,SSProfit
ObjectiveValue,-15205186257.476091,443023.38890749426,-15205186257.476091,0.0,-9304840.326189104
