,GeneratorProfitDual,TotalCostDispatch,RTGeneratorProfitDual,gap,SSProfit
ObjectiveValue,83051.21447423729,257133.76672349675,83051.21447423729,821.409,83051.21447423522
