,GeneratorProfitDual,TotalCostDispatch,RTGeneratorProfitDual,gap,SSProfit
ObjectiveValue,84067.45367557755,257301.2487592333,84067.45367557755,813.175,84100.35468505313
