,GeneratorProfitDual,TotalCostDispatch,RTGeneratorProfitDual,gap,SSProfit
ObjectiveValue,84263.45861865782,257111.3330681581,84263.45861865782,837.617,84280.21973706529
