,GeneratorProfitDual,TotalCostDispatch,RTGeneratorProfitDual,gap,SSProfit
ObjectiveValue,50894.65552620208,254424.7146550569,50894.65552620208,933.627,51554.00651094357
