,GeneratorProfitDual,TotalCostDispatch,RTGeneratorProfitDual,gap,SSProfit
ObjectiveValue,-14774724600.417477,107149.14089202188,-14774724600.417477,0.0,1691627.8601624374
