,GeneratorProfitDual,TotalCostDispatch,RTGeneratorProfitDual,gap,SSProfit
ObjectiveValue,2979.3949662548525,228905.02212742943,2979.3949662548525,0.0,2979.394966251878
