,GeneratorProfitDual,TotalCostDispatch,RTGeneratorProfitDual,gap,SSProfit
ObjectiveValue,2737.8261973811104,363677.3266814688,2737.8261973811104,26.7248,2768.179819413065
