,GeneratorProfitDual,TotalCostDispatch,RTGeneratorProfitDual,gap,SSProfit
ObjectiveValue,22819.369518363274,57116.24765628841,22819.369518363274,234.104,23043.04499049244
