,GeneratorProfitDual,TotalCostDispatch,RTGeneratorProfitDual,gap,SSProfit
ObjectiveValue,22701.94519624037,57233.67197841139,22701.94519624037,224.353,22701.945196239456
