,GeneratorProfitDual,TotalCostDispatch,RTGeneratorProfitDual,gap,SSProfit
ObjectiveValue,3043.3745353064724,46799.18753555848,3043.3745353064724,0.0,3043.3745353057
