,GeneratorProfitDual,TotalCostDispatch,RTGeneratorProfitDual,gap,SSProfit
ObjectiveValue,45088.74289823069,241970.55567121768,45088.74289823069,1283.44,45358.681309360596
