,GeneratorProfitDual,TotalCostDispatch,RTGeneratorProfitDual,gap,SSProfit
ObjectiveValue,45350.34880747273,242032.76747791705,45350.34880747273,8361.99,45474.00943142425
