,GeneratorProfitDual,TotalCostDispatch,RTGeneratorProfitDual,gap,SSProfit
ObjectiveValue,46268.51947186494,107654.62699892635,46268.51947186494,13308.6,46268.51947186424
