,GeneratorProfitDual,TotalCostDispatch,RTGeneratorProfitDual,gap,SSProfit
ObjectiveValue,999.8865802874609,468096.4311848557,999.8865802874609,262.858,992.721840720694
