,GeneratorProfitDual,TotalCostDispatch,RTGeneratorProfitDual,gap,SSProfit
ObjectiveValue,69936.81204118603,117376.45963137553,69936.81204118603,331.925,69994.92888525789
