,GeneratorProfitDual,TotalCostDispatch,RTGeneratorProfitDual,gap,SSProfit
ObjectiveValue,9015.462981684981,515558.2362244304,9015.462981684981,24.762,9153.535699250899
