,GeneratorProfitDual,TotalCostDispatch,RTGeneratorProfitDual,gap,SSProfit
ObjectiveValue,9015.462981688963,515558.2362244303,9015.462981688963,32.3863,9153.535699250906
