,GeneratorProfitDual,TotalCostDispatch,RTGeneratorProfitDual,gap,SSProfit
ObjectiveValue,-18990060034.68466,324808.72860387765,-18990060034.68466,551.382,-39883989.355360374
