,GeneratorProfitDual,TotalCostDispatch,RTGeneratorProfitDual,gap,SSProfit
ObjectiveValue,35204.2090452756,324921.1375985587,35204.2090452756,418.143,35483.64801085939
