,GeneratorProfitDual,TotalCostDispatch,RTGeneratorProfitDual,gap,SSProfit
ObjectiveValue,44469.097478079704,428714.63719469204,44469.097478079704,546.357,44676.42118196497
