,GeneratorProfitDual,TotalCostDispatch,RTGeneratorProfitDual,gap,SSProfit
ObjectiveValue,63446.095450419685,332826.043514814,63446.095450419685,307.927,63451.41121899088
