,GeneratorProfitDual,TotalCostDispatch,RTGeneratorProfitDual,gap,SSProfit
ObjectiveValue,42238.90734519232,305337.36879076256,42238.90734519232,2260.78,42238.90734518893
