,GeneratorProfitDual,TotalCostDispatch,RTGeneratorProfitDual,gap,SSProfit
ObjectiveValue,39127.73628182507,305337.3687907655,39127.73628182507,132.684,39127.7362818244
