,GeneratorProfitDual,TotalCostDispatch,RTGeneratorProfitDual,gap,SSProfit
ObjectiveValue,7323.187049183163,776617.5365084725,7323.187049183163,3.55814,7323.187049178649
