,GeneratorProfitDual,TotalCostDispatch,RTGeneratorProfitDual,gap,SSProfit
ObjectiveValue,7326.72375885194,776615.9102022329,7326.72375885194,3.55814,7326.723758849297
