,GeneratorProfitDual,TotalCostDispatch,RTGeneratorProfitDual,gap,SSProfit
ObjectiveValue,1868.385293598209,15971.77273939318,1868.385293598209,0.0,1868.385293597361
