,GeneratorProfitDual,TotalCostDispatch,RTGeneratorProfitDual,gap,SSProfit
ObjectiveValue,1868.3852935976643,15971.772739393698,1868.3852935976643,55.416,1868.3852935973496
