,GeneratorProfitDual,TotalCostDispatch,RTGeneratorProfitDual,gap,SSProfit
ObjectiveValue,2917.228007750753,542260.4585241497,2917.228007750753,26.7274,2929.5118837294194
