,GeneratorProfitDual,TotalCostDispatch,RTGeneratorProfitDual,gap,SSProfit
ObjectiveValue,493.8803918568203,431044.85614341986,493.8803918568203,0.667158,715.2484799999959
