,GeneratorProfitDual,TotalCostDispatch,RTGeneratorProfitDual,gap,SSProfit
ObjectiveValue,1868.385293597636,14516.086717066464,1868.385293597636,0.0,1868.3852935973496
