,GeneratorProfitDual,TotalCostDispatch,RTGeneratorProfitDual,gap,SSProfit
ObjectiveValue,1868.3852935985583,14516.086717065516,1868.3852935985583,9.95796,1868.3852935973632
