,GeneratorProfitDual,TotalCostDispatch,RTGeneratorProfitDual,gap,SSProfit
ObjectiveValue,48918.14684311787,124832.94115062345,48918.14684311787,8517.17,49048.98440285213
