,GeneratorProfitDual,TotalCostDispatch,RTGeneratorProfitDual,gap,SSProfit
ObjectiveValue,21501.805150691805,174509.9938304111,21501.805150691805,0.0,21501.80515068776
