,GeneratorProfitDual,TotalCostDispatch,RTGeneratorProfitDual,gap,SSProfit
ObjectiveValue,27800.178548606702,45661.779549686464,27800.178548606702,269.594,27800.178548606014
