,GeneratorProfitDual,TotalCostDispatch,RTGeneratorProfitDual,gap,SSProfit
ObjectiveValue,6321.98181351667,39386.407473600404,6321.98181351667,9629.98,6321.981813513685
