,GeneratorProfitDual,TotalCostDispatch,RTGeneratorProfitDual,gap,SSProfit
ObjectiveValue,51377.971123762414,250462.08880330707,51377.971123762414,515.05,51323.55953003579
