,GeneratorProfitDual,TotalCostDispatch,RTGeneratorProfitDual,gap,SSProfit
ObjectiveValue,13780.555596190356,21753.734347396028,13780.555596190356,21742.3,7718.437210182042
