,GeneratorProfitDual,TotalCostDispatch,RTGeneratorProfitDual,gap,SSProfit
ObjectiveValue,8019.965794820919,369423.4877089594,8019.965794820919,10.5644,8019.9657948189215
