,GeneratorProfitDual,TotalCostDispatch,RTGeneratorProfitDual,gap,SSProfit
ObjectiveValue,3128.769704790456,30069.811746031955,3128.769704790456,15.3125,3128.769704789906
