,GeneratorProfitDual,TotalCostDispatch,RTGeneratorProfitDual,gap,SSProfit
ObjectiveValue,-17648642813.571457,30069.811746032334,-17648642813.571457,3244.77,-32868740.513777573
