,GeneratorProfitDual,TotalCostDispatch,RTGeneratorProfitDual,gap,SSProfit
ObjectiveValue,45441.62874419563,304152.9970815294,45441.62874419563,492.411,48330.79975167977
