,GeneratorProfitDual,TotalCostDispatch,RTGeneratorProfitDual,gap,SSProfit
ObjectiveValue,4673.4633483032085,49807.848739705216,4673.4633483032085,0.0,4673.463348302028
