,GeneratorProfitDual,TotalCostDispatch,RTGeneratorProfitDual,gap,SSProfit
ObjectiveValue,26297.76641864844,250623.92206587078,26297.76641864844,322.346,26377.71946754219
