,GeneratorProfitDual,TotalCostDispatch,RTGeneratorProfitDual,gap,SSProfit
ObjectiveValue,82827.71811240226,621966.6724859611,82827.71811240226,2680.32,83350.28095334274
