,GeneratorProfitDual,TotalCostDispatch,RTGeneratorProfitDual,gap,SSProfit
ObjectiveValue,82933.00860142558,621887.6312384399,82933.00860142558,925.769,83218.21306362047
