,GeneratorProfitDual,TotalCostDispatch,RTGeneratorProfitDual,gap,SSProfit
ObjectiveValue,-17114386578.61585,118003.50892289227,-17114386578.61585,0.0,-102065720.50570123
