,GeneratorProfitDual,TotalCostDispatch,RTGeneratorProfitDual,gap,SSProfit
ObjectiveValue,37207.27276735352,230956.53624485352,37207.27276735352,133.256,37219.509146032986
