,GeneratorProfitDual,TotalCostDispatch,RTGeneratorProfitDual,gap,SSProfit
ObjectiveValue,2533.842913855621,19917.48861501684,2533.842913855621,0.0,2533.8429138553956
