,GeneratorProfitDual,TotalCostDispatch,RTGeneratorProfitDual,gap,SSProfit
ObjectiveValue,67637.85350115957,127895.68346063391,67637.85350115957,676.119,67637.85350115826
