,GeneratorProfitDual,TotalCostDispatch,RTGeneratorProfitDual,gap,SSProfit
ObjectiveValue,-1984398374.482211,127338.4285033872,-1984398374.482211,0.0,11857532.331993485
