,GeneratorProfitDual,TotalCostDispatch,RTGeneratorProfitDual,gap,SSProfit
ObjectiveValue,3716.323937276663,195040.4969187532,3716.323937276663,2.12944,3964.3813169999885
