,GeneratorProfitDual,TotalCostDispatch,RTGeneratorProfitDual,gap,SSProfit
ObjectiveValue,-1775273544.4536414,69810.58309802141,-1775273544.4536414,0.0,22066067.746993132
