,GeneratorProfitDual,TotalCostDispatch,RTGeneratorProfitDual,gap,SSProfit
ObjectiveValue,2565.6985511791054,44185.01222257782,2565.6985511791054,0.0,2565.6985511785606
