,GeneratorProfitDual,TotalCostDispatch,RTGeneratorProfitDual,gap,SSProfit
ObjectiveValue,2565.698551178914,44185.01222257796,2565.698551178914,0.0,2565.698551178561
