,GeneratorProfitDual,TotalCostDispatch,RTGeneratorProfitDual,gap,SSProfit
ObjectiveValue,2565.6985511802436,44185.01222257666,2565.6985511802436,0.0,2565.6985511785842
