,GeneratorProfitDual,TotalCostDispatch,RTGeneratorProfitDual,gap,SSProfit
ObjectiveValue,19318.746146595302,112517.89284878054,19318.746146595302,19317.3,19294.498039745195
