,GeneratorProfitDual,TotalCostDispatch,RTGeneratorProfitDual,gap,SSProfit
ObjectiveValue,19294.498039748367,112517.89284878047,19294.498039748367,298.833,19294.498039745005
