,GeneratorProfitDual,TotalCostDispatch,RTGeneratorProfitDual,gap,SSProfit
ObjectiveValue,2538.0630648368115,24213.502853132333,2538.0630648368115,24.4844,2538.063064836583
