,GeneratorProfitDual,TotalCostDispatch,RTGeneratorProfitDual,gap,SSProfit
ObjectiveValue,9668.25642146392,28425.801670976187,9668.25642146392,157.782,9668.256421463526
