,GeneratorProfitDual,TotalCostDispatch,RTGeneratorProfitDual,gap,SSProfit
ObjectiveValue,723.8948214589661,532127.5127099041,723.8948214589661,0.0,1012.6416688481703
