,GeneratorProfitDual,TotalCostDispatch,RTGeneratorProfitDual,gap,SSProfit
ObjectiveValue,2217.0419223892927,12091.638982771017,2217.0419223892927,124.535,2217.0419223879608
