,GeneratorProfitDual,TotalCostDispatch,RTGeneratorProfitDual,gap,SSProfit
ObjectiveValue,2217.0419223883223,12091.638982772023,2217.0419223883223,116.766,2217.0419223879544
