,GeneratorProfitDual,TotalCostDispatch,RTGeneratorProfitDual,gap,SSProfit
ObjectiveValue,2217.04192238938,12091.638982770937,2217.04192238938,97.3062,2217.0419223879726
