,GeneratorProfitDual,TotalCostDispatch,RTGeneratorProfitDual,gap,SSProfit
ObjectiveValue,3717.4633533539154,82425.84891302558,3717.4633533539154,0.0,3717.4633533511087
