,GeneratorProfitDual,TotalCostDispatch,RTGeneratorProfitDual,gap,SSProfit
ObjectiveValue,-1997986481.041463,92845.52786337388,-1997986481.041463,0.0,13533221.996055575
