,GeneratorProfitDual,TotalCostDispatch,RTGeneratorProfitDual,gap,SSProfit
ObjectiveValue,51784.61004039751,440901.9256763348,51784.61004039751,523.12,52017.19677200225
