,GeneratorProfitDual,TotalCostDispatch,RTGeneratorProfitDual,gap,SSProfit
ObjectiveValue,-1997457972.8449733,91534.71356137627,-1997457972.8449733,0.0,13089201.448831419
