,GeneratorProfitDual,TotalCostDispatch,RTGeneratorProfitDual,gap,SSProfit
ObjectiveValue,8628.581863197727,147671.1903807599,8628.581863197727,36.2687,8628.581863195695
