,GeneratorProfitDual,TotalCostDispatch,RTGeneratorProfitDual,gap,SSProfit
ObjectiveValue,7070.379452066849,200926.49323227815,7070.379452066849,331.678,7072.919085883655
