,GeneratorProfitDual,TotalCostDispatch,RTGeneratorProfitDual,gap,SSProfit
ObjectiveValue,7954.893844879718,332829.1221930542,7954.893844879718,0.0,7954.893844878128
