,GeneratorProfitDual,TotalCostDispatch,RTGeneratorProfitDual,gap,SSProfit
ObjectiveValue,75608.12226724792,63664.8300269377,75608.12226724792,8083.36,75608.77515658998
