,GeneratorProfitDual,TotalCostDispatch,RTGeneratorProfitDual,gap,SSProfit
ObjectiveValue,27611.887013579144,59897.6429102947,27611.887013579144,12251.0,27884.01838624338
