,GeneratorProfitDual,TotalCostDispatch,RTGeneratorProfitDual,gap,SSProfit
ObjectiveValue,6993.2293912273035,169188.24189537915,6993.2293912273035,0.0,6993.229391226185
