,GeneratorProfitDual,TotalCostDispatch,RTGeneratorProfitDual,gap,SSProfit
ObjectiveValue,3646.587189276991,386404.3111103957,3646.587189276991,15.9404,3720.1207651228115
