,GeneratorProfitDual,TotalCostDispatch,RTGeneratorProfitDual,gap,SSProfit
ObjectiveValue,77623.50048987012,376092.019422803,77623.50048987012,942.047,77628.98851633622
