,GeneratorProfitDual,TotalCostDispatch,RTGeneratorProfitDual,gap,SSProfit
ObjectiveValue,93649.55618319809,377214.30260614265,93649.55618319809,2564.51,93653.14741435311
