,GeneratorProfitDual,TotalCostDispatch,RTGeneratorProfitDual,gap,SSProfit
ObjectiveValue,82836.41816771185,89773.03214269095,82836.41816771185,10796.2,83676.21426225701
