,GeneratorProfitDual,TotalCostDispatch,RTGeneratorProfitDual,gap,SSProfit
ObjectiveValue,-19422233680.981644,377321.1805093389,-19422233680.981644,0.0,-33241424.234855257
