,GeneratorProfitDual,TotalCostDispatch,RTGeneratorProfitDual,gap,SSProfit
ObjectiveValue,-17986089570.639263,284749.15996312205,-17986089570.639263,0.0,-27002788.402546037
