,GeneratorProfitDual,TotalCostDispatch,RTGeneratorProfitDual,gap,SSProfit
ObjectiveValue,2735.4140009480457,231077.53657309682,2735.4140009480457,123.323,2735.4140009450466
