,GeneratorProfitDual,TotalCostDispatch,RTGeneratorProfitDual,gap,SSProfit
ObjectiveValue,19666.40196132711,558634.941903511,19666.40196132711,111.868,19725.083568295966
