,GeneratorProfitDual,TotalCostDispatch,RTGeneratorProfitDual,gap,SSProfit
ObjectiveValue,19646.880348178,558654.0903610341,19646.880348178,57.1692,19765.517210074824
