,GeneratorProfitDual,TotalCostDispatch,RTGeneratorProfitDual,gap,SSProfit
ObjectiveValue,80910.73084284407,360886.3403607147,80910.73084284407,32.8838,80913.6069343349
