,GeneratorProfitDual,TotalCostDispatch,RTGeneratorProfitDual,gap,SSProfit
ObjectiveValue,59786.51687984491,462924.2904669678,59786.51687984491,579.653,59785.4854422624
