,GeneratorProfitDual,TotalCostDispatch,RTGeneratorProfitDual,gap,SSProfit
ObjectiveValue,59793.69858487667,462924.2904669725,59793.69858487667,494.355,59792.66714729875
