,GeneratorProfitDual,TotalCostDispatch,RTGeneratorProfitDual,gap,SSProfit
ObjectiveValue,57565.59197451777,127686.13646430615,57565.59197451777,702.59,58152.0201915405
