,GeneratorProfitDual,TotalCostDispatch,RTGeneratorProfitDual,gap,SSProfit
ObjectiveValue,73901.17700035556,132992.510110918,73901.17700035556,738.8,80512.10737961561
