,GeneratorProfitDual,TotalCostDispatch,RTGeneratorProfitDual,gap,SSProfit
ObjectiveValue,2784.902219848639,325696.7090163905,2784.902219848639,20.3185,2784.902219845013
