,GeneratorProfitDual,TotalCostDispatch,RTGeneratorProfitDual,gap,SSProfit
ObjectiveValue,7981.179252137099,436922.6856694131,7981.179252137099,52.8051,8053.78327139443
