,GeneratorProfitDual,TotalCostDispatch,RTGeneratorProfitDual,gap,SSProfit
ObjectiveValue,3964.3813170012313,135267.19113738637,3964.3813170012313,0.0,3964.3813170000267
