,GeneratorProfitDual,TotalCostDispatch,RTGeneratorProfitDual,gap,SSProfit
ObjectiveValue,18520.265179281276,167699.07853337578,18520.265179281276,3225.63,18520.26517927939
