,GeneratorProfitDual,TotalCostDispatch,RTGeneratorProfitDual,gap,SSProfit
ObjectiveValue,18520.26517928335,167699.07853337328,18520.26517928335,117.196,18520.265179279402
