,GeneratorProfitDual,TotalCostDispatch,RTGeneratorProfitDual,gap,SSProfit
ObjectiveValue,7893.923740800426,76063.19723571895,7893.923740800426,0.0,7893.923740798349
