,GeneratorProfitDual,TotalCostDispatch,RTGeneratorProfitDual,gap,SSProfit
ObjectiveValue,3964.381317001218,186796.74188126205,3964.381317001218,0.0,3964.3813170000003
