,GeneratorProfitDual,TotalCostDispatch,RTGeneratorProfitDual,gap,SSProfit
ObjectiveValue,21870.20122438856,79411.2285096892,21870.20122438856,4801.56,21866.304335872042
