,GeneratorProfitDual,TotalCostDispatch,RTGeneratorProfitDual,gap,SSProfit
ObjectiveValue,-1917446705.5553873,16691.11382082991,-1917446705.5553873,0.0,18137730.746422842
