,GeneratorProfitDual,TotalCostDispatch,RTGeneratorProfitDual,gap,SSProfit
ObjectiveValue,-14897699456.709211,56333.63790119913,-14897699456.709211,0.0,-52919689.231737286
