,GeneratorProfitDual,TotalCostDispatch,RTGeneratorProfitDual,gap,SSProfit
ObjectiveValue,-18714.777958797295,188905.91918773664,-18714.777958797295,439.097,23013.73439026098
