,GeneratorProfitDual,TotalCostDispatch,RTGeneratorProfitDual,gap,SSProfit
ObjectiveValue,50177.45264613538,363833.9158062728,50177.45264613538,5750.27,50156.64352761814
