,GeneratorProfitDual,TotalCostDispatch,RTGeneratorProfitDual,gap,SSProfit
ObjectiveValue,310.9674348858041,443121.2419604198,310.9674348858041,15.1985,311.0270714417313
