,GeneratorProfitDual,TotalCostDispatch,RTGeneratorProfitDual,gap,SSProfit
ObjectiveValue,3482.6137045457735,60786.52605155913,3482.6137045457735,0.0,3482.613704543503
