,GeneratorProfitDual,TotalCostDispatch,RTGeneratorProfitDual,gap,SSProfit
ObjectiveValue,3482.613704543932,60786.52605156097,3482.613704543932,23.0537,3482.6137045434957
