,GeneratorProfitDual,TotalCostDispatch,RTGeneratorProfitDual,gap,SSProfit
ObjectiveValue,41002.895962855095,211882.08946637347,41002.895962855095,408.865,41380.7250680822
