,GeneratorProfitDual,TotalCostDispatch,RTGeneratorProfitDual,gap,SSProfit
ObjectiveValue,87049.97310456379,260646.59888570316,87049.97310456379,664.076,87122.74142559536
