,GeneratorProfitDual,TotalCostDispatch,RTGeneratorProfitDual,gap,SSProfit
ObjectiveValue,7717.739513912988,114963.06303446672,7717.739513912988,0.0,7876.673885999999
