,GeneratorProfitDual,TotalCostDispatch,RTGeneratorProfitDual,gap,SSProfit
ObjectiveValue,5726.299534602385,91375.19531123886,5726.299534602385,0.0,5726.299534601001
