,GeneratorProfitDual,TotalCostDispatch,RTGeneratorProfitDual,gap,SSProfit
ObjectiveValue,75428.5176078621,286646.06712081644,75428.5176078621,942.107,75434.03098152445
