,GeneratorProfitDual,TotalCostDispatch,RTGeneratorProfitDual,gap,SSProfit
ObjectiveValue,67396.85211687014,323088.4597930915,67396.85211687014,671.884,67384.69203670816
