,GeneratorProfitDual,TotalCostDispatch,RTGeneratorProfitDual,gap,SSProfit
ObjectiveValue,41098.77995840758,227392.07787379375,41098.77995840758,409.683,41098.779958405794
