,GeneratorProfitDual,TotalCostDispatch,RTGeneratorProfitDual,gap,SSProfit
ObjectiveValue,41060.89389267375,227370.0069277242,41060.89389267375,410.188,41060.89389267296
