,GeneratorProfitDual,TotalCostDispatch,RTGeneratorProfitDual,gap,SSProfit
ObjectiveValue,25645.16865891894,226461.07114226933,25645.16865891894,410.608,25645.168658917788
