,GeneratorProfitDual,TotalCostDispatch,RTGeneratorProfitDual,gap,SSProfit
ObjectiveValue,-74.84109880683604,303310.3818309952,-74.84109880683604,0.163062,3.3934098182728576
