,GeneratorProfitDual,TotalCostDispatch,RTGeneratorProfitDual,gap,SSProfit
ObjectiveValue,3712.8170647788584,219255.44016372334,3712.8170647788584,0.40241,3964.3813169999976
