,GeneratorProfitDual,TotalCostDispatch,RTGeneratorProfitDual,gap,SSProfit
ObjectiveValue,4459.37089068437,123017.77305600284,4459.37089068437,125512.0,4459.3708906827405
