,GeneratorProfitDual,TotalCostDispatch,RTGeneratorProfitDual,gap,SSProfit
ObjectiveValue,38788.65680931456,71431.92820086877,38788.65680931456,4120.35,39647.81121049373
