,GeneratorProfitDual,TotalCostDispatch,RTGeneratorProfitDual,gap,SSProfit
ObjectiveValue,3615.985427081182,32414.907050632057,3615.985427081182,0.0,3615.9854270807346
