,GeneratorProfitDual,TotalCostDispatch,RTGeneratorProfitDual,gap,SSProfit
ObjectiveValue,28920.604825770613,25082.330227402264,28920.604825770613,28567.1,28920.604825770344
