,GeneratorProfitDual,TotalCostDispatch,RTGeneratorProfitDual,gap,SSProfit
ObjectiveValue,28922.5436461042,25003.40403941337,28922.5436461042,12566.5,29071.6606275239
