,GeneratorProfitDual,TotalCostDispatch,RTGeneratorProfitDual,gap,SSProfit
ObjectiveValue,759.955520897412,454048.0885452199,759.955520897412,0.0,1645.5731617306049
