,GeneratorProfitDual,TotalCostDispatch,RTGeneratorProfitDual,gap,SSProfit
ObjectiveValue,83731.95514439953,32474.563753390325,83731.95514439953,837.085,83731.95514439912
