,GeneratorProfitDual,TotalCostDispatch,RTGeneratorProfitDual,gap,SSProfit
ObjectiveValue,11788.368176843474,40445.28217922944,11788.368176843474,0.0,11788.368176843092
