,GeneratorProfitDual,TotalCostDispatch,RTGeneratorProfitDual,gap,SSProfit
ObjectiveValue,11760.13709264584,40445.28217922869,11760.13709264584,15.0351,11760.137092644723
