,GeneratorProfitDual,TotalCostDispatch,RTGeneratorProfitDual,gap,SSProfit
ObjectiveValue,11788.368176844455,40445.28217922944,11788.368176844455,2334.88,11788.368176855447
