,GeneratorProfitDual,TotalCostDispatch,RTGeneratorProfitDual,gap,SSProfit
ObjectiveValue,-15460378492.624174,434459.51847294724,-15460378492.624174,0.0,-3562707.796171147
