,GeneratorProfitDual,TotalCostDispatch,RTGeneratorProfitDual,gap,SSProfit
ObjectiveValue,61469.588356278844,258972.66035205065,61469.588356278844,1224.6,61724.05319669476
