,GeneratorProfitDual,TotalCostDispatch,RTGeneratorProfitDual,gap,SSProfit
ObjectiveValue,61222.12026095386,258959.8931667704,61222.12026095386,0.0,61480.49969048101
