,GeneratorProfitDual,TotalCostDispatch,RTGeneratorProfitDual,gap,SSProfit
ObjectiveValue,24984.801435627756,311335.5677292705,24984.801435627756,221.729,24984.801435623856
