,GeneratorProfitDual,TotalCostDispatch,RTGeneratorProfitDual,gap,SSProfit
ObjectiveValue,2360.669062527406,22454.010880637536,2360.669062527406,0.0,2360.6690625269584
