,GeneratorProfitDual,TotalCostDispatch,RTGeneratorProfitDual,gap,SSProfit
ObjectiveValue,1433.487093410459,439789.29434848565,1433.487093410459,6.6076,1764.8722284411854
