,GeneratorProfitDual,TotalCostDispatch,RTGeneratorProfitDual,gap,SSProfit
ObjectiveValue,-17064587164.084175,531978.8859675431,-17064587164.084175,0.0,-48274983.08045084
