,GeneratorProfitDual,TotalCostDispatch,RTGeneratorProfitDual,gap,SSProfit
ObjectiveValue,-16960545263.719852,221063.16130620305,-16960545263.719852,0.0,-50485660.890870936
