,GeneratorProfitDual,TotalCostDispatch,RTGeneratorProfitDual,gap,SSProfit
ObjectiveValue,23118.842483541222,77873.3533887362,23118.842483541222,388.93,23118.84248354029
