,GeneratorProfitDual,TotalCostDispatch,RTGeneratorProfitDual,gap,SSProfit
ObjectiveValue,23118.8424838055,77873.35338873621,23118.8424838055,273.968,23118.84248380594
