,GeneratorProfitDual,TotalCostDispatch,RTGeneratorProfitDual,gap,SSProfit
ObjectiveValue,6242.858497855252,280046.49970875337,6242.858497855252,24.5025,6242.858497852613
