,GeneratorProfitDual,TotalCostDispatch,RTGeneratorProfitDual,gap,SSProfit
ObjectiveValue,45491.203504654484,448676.1940642063,45491.203504654484,40.2743,45449.610250644524
