,GeneratorProfitDual,TotalCostDispatch,RTGeneratorProfitDual,gap,SSProfit
ObjectiveValue,11972.786790946477,81293.18342279473,11972.786790946477,12636.9,11980.057136814057
