,GeneratorProfitDual,TotalCostDispatch,RTGeneratorProfitDual,gap,SSProfit
ObjectiveValue,77117.09064806152,93982.56231526945,77117.09064806152,2580.06,77167.14570601044
