,GeneratorProfitDual,TotalCostDispatch,RTGeneratorProfitDual,gap,SSProfit
ObjectiveValue,76873.13368782843,94010.24494381408,76873.11903382617,0.0,76873.13368782777
