,GeneratorProfitDual,TotalCostDispatch,RTGeneratorProfitDual,gap,SSProfit
ObjectiveValue,1534.515194043435,38274.43540018906,1534.515194043435,7403.96,1534.5151940430828
