,GeneratorProfitDual,TotalCostDispatch,RTGeneratorProfitDual,gap,SSProfit
ObjectiveValue,70669.26499352859,114729.218000778,70669.26499352859,933.526,71153.77652745068
