,GeneratorProfitDual,TotalCostDispatch,RTGeneratorProfitDual,gap,SSProfit
ObjectiveValue,92234.18057830377,115711.21669161205,92234.18057830377,1139.33,92255.41955687854
