,GeneratorProfitDual,TotalCostDispatch,RTGeneratorProfitDual,gap,SSProfit
ObjectiveValue,58543.31030081094,354345.857541277,58543.31030081094,1130.81,58658.94974864072
