,GeneratorProfitDual,TotalCostDispatch,RTGeneratorProfitDual,gap,SSProfit
ObjectiveValue,2757.4596970137864,22135.054780011593,2757.4596970137864,0.0,2757.4596970133935
