,GeneratorProfitDual,TotalCostDispatch,RTGeneratorProfitDual,gap,SSProfit
ObjectiveValue,2916.5636293724765,50785.89885719545,2916.5636293724765,132.986,2916.563629372057
