,GeneratorProfitDual,TotalCostDispatch,RTGeneratorProfitDual,gap,SSProfit
ObjectiveValue,2914.3551799711922,50785.89885719392,2914.3551799711922,131.216,2914.3551799691786
