,GeneratorProfitDual,TotalCostDispatch,RTGeneratorProfitDual,gap,SSProfit
ObjectiveValue,2916.563629372453,50785.89885719542,2916.563629372453,132.896,2916.563629372058
