,GeneratorProfitDual,TotalCostDispatch,RTGeneratorProfitDual,gap,SSProfit
ObjectiveValue,11244.554844892506,76277.58705220596,11244.554844892506,787.436,11244.554844889979
