,GeneratorProfitDual,TotalCostDispatch,RTGeneratorProfitDual,gap,SSProfit
ObjectiveValue,8027.206455143909,224507.24229125088,8027.206455143909,23.9254,8027.20645514288
