,GeneratorProfitDual,TotalCostDispatch,RTGeneratorProfitDual,gap,SSProfit
ObjectiveValue,-1952633785.7677796,138918.14322954172,-1952633785.7677796,0.0,5226665.028049555
