,GeneratorProfitDual,TotalCostDispatch,RTGeneratorProfitDual,gap,SSProfit
ObjectiveValue,50386.67151325961,198710.16411542668,50386.67151325961,0.0,51166.95897526278
