,GeneratorProfitDual,TotalCostDispatch,RTGeneratorProfitDual,gap,SSProfit
ObjectiveValue,19236.187019909918,128976.46925126632,19236.187019909918,1355.06,19318.45480442157
