,GeneratorProfitDual,TotalCostDispatch,RTGeneratorProfitDual,gap,SSProfit
ObjectiveValue,-367862440318.02246,128976.46925126748,-367862440318.02246,0.0,-5783068964.200611
