,GeneratorProfitDual,TotalCostDispatch,RTGeneratorProfitDual,gap,SSProfit
ObjectiveValue,19275.838729867744,608528.77927837,19275.838729867744,221.667,19443.412295104226
