,GeneratorProfitDual,TotalCostDispatch,RTGeneratorProfitDual,gap,SSProfit
ObjectiveValue,-16736011842.562891,317000.666118376,-16736011842.562891,0.0,-21837059.599818982
