,GeneratorProfitDual,TotalCostDispatch,RTGeneratorProfitDual,gap,SSProfit
ObjectiveValue,41247.61772321088,33288.41739334009,41247.61772321088,4647.24,41247.61772320958
