,GeneratorProfitDual,TotalCostDispatch,RTGeneratorProfitDual,gap,SSProfit
ObjectiveValue,21294.751796458142,31493.014041582184,21294.751796458142,532.446,23308.349264911405
