,GeneratorProfitDual,TotalCostDispatch,RTGeneratorProfitDual,gap,SSProfit
ObjectiveValue,-1922222827.5036037,121754.40988158157,-1922222827.5036037,0.0,21500610.834735952
