,GeneratorProfitDual,TotalCostDispatch,RTGeneratorProfitDual,gap,SSProfit
ObjectiveValue,9690.276755206043,53949.16544583612,9690.276755206043,1063.64,9690.276755205443
