,GeneratorProfitDual,TotalCostDispatch,RTGeneratorProfitDual,gap,SSProfit
ObjectiveValue,1085.0842936089894,492.1186766182235,1085.0842936089894,72.4561,1085.0842936086735
