,GeneratorProfitDual,TotalCostDispatch,RTGeneratorProfitDual,gap,SSProfit
ObjectiveValue,1085.0842936088998,492.1186766183204,1085.0842936088998,3599.0,1085.0842936087795
