,GeneratorProfitDual,TotalCostDispatch,RTGeneratorProfitDual,gap,SSProfit
ObjectiveValue,112908.77919560128,407090.0036599006,112908.77919560128,1153.75,112914.85532763557
