,GeneratorProfitDual,TotalCostDispatch,RTGeneratorProfitDual,gap,SSProfit
ObjectiveValue,-1980388793.5487528,273523.90973062377,-1980388793.5487528,0.0,3542052.2071415484
