,GeneratorProfitDual,TotalCostDispatch,RTGeneratorProfitDual,gap,SSProfit
ObjectiveValue,42988.187644437974,61315.57500127011,42988.187644437974,4080.59,43241.39320795137
