,GeneratorProfitDual,TotalCostDispatch,RTGeneratorProfitDual,gap,SSProfit
ObjectiveValue,114440.65478537873,67053.10963079146,114440.65478537873,11263.1,114440.6547853788
