,GeneratorProfitDual,TotalCostDispatch,RTGeneratorProfitDual,gap,SSProfit
ObjectiveValue,20148.598758003285,45565.427608776314,20148.598758003285,33.6375,20148.598758001375
