,GeneratorProfitDual,TotalCostDispatch,RTGeneratorProfitDual,gap,SSProfit
ObjectiveValue,20148.598758001575,45565.42760877791,20148.598758001575,315.283,20148.598758001175
