,GeneratorProfitDual,TotalCostDispatch,RTGeneratorProfitDual,gap,SSProfit
ObjectiveValue,34095.31903604025,76014.95864829297,34095.31903604025,9844.5,34382.923876171495
