,GeneratorProfitDual,TotalCostDispatch,RTGeneratorProfitDual,gap,SSProfit
ObjectiveValue,45712.248060886915,76546.8842739594,45712.248060886915,1986.93,48969.597712265844
