,GeneratorProfitDual,TotalCostDispatch,RTGeneratorProfitDual,gap,SSProfit
ObjectiveValue,20161.501227774228,24953.97602133342,20161.501227774228,30914.8,20161.501227773806
