,GeneratorProfitDual,TotalCostDispatch,RTGeneratorProfitDual,gap,SSProfit
ObjectiveValue,20161.501227775145,24953.97602133235,20161.501227775145,19523.2,20161.50122777375
