,GeneratorProfitDual,TotalCostDispatch,RTGeneratorProfitDual,gap,SSProfit
ObjectiveValue,-16283001160.598825,363824.0560610398,-16283001160.598825,0.0,-21785978.958708107
