,GeneratorProfitDual,TotalCostDispatch,RTGeneratorProfitDual,gap,SSProfit
ObjectiveValue,37791.18063705205,226994.28959542862,37791.18063705205,5268.95,37966.888210058714
