,GeneratorProfitDual,TotalCostDispatch,RTGeneratorProfitDual,gap,SSProfit
ObjectiveValue,35454.53103305038,311971.73900201847,35454.53103305038,7961.21,35565.11328239614
