,GeneratorProfitDual,TotalCostDispatch,RTGeneratorProfitDual,gap,SSProfit
ObjectiveValue,8147.27447837205,496522.9404510204,8147.27447837205,0.583236,8308.721900779918
