,GeneratorProfitDual,TotalCostDispatch,RTGeneratorProfitDual,gap,SSProfit
ObjectiveValue,8120.705556403335,496522.7977284833,8120.705556403335,53.5792,8309.09141343307
