,GeneratorProfitDual,TotalCostDispatch,RTGeneratorProfitDual,gap,SSProfit
ObjectiveValue,52633.203467819825,170131.94277639454,52633.203467819825,9374.88,53397.628443029666
