,GeneratorProfitDual,TotalCostDispatch,RTGeneratorProfitDual,gap,SSProfit
ObjectiveValue,23838.58869541244,435156.8687464206,23838.58869541244,30.6074,23838.588695408314
