,GeneratorProfitDual,TotalCostDispatch,RTGeneratorProfitDual,gap,SSProfit
ObjectiveValue,-1922374359.404075,175028.41999208304,-1922374359.404075,0.0,4805586.652585876
