,GeneratorProfitDual,TotalCostDispatch,RTGeneratorProfitDual,gap,SSProfit
ObjectiveValue,-19001183303.619114,13126.39945967518,-19001183303.619114,0.0,-87771207.41629207
