,GeneratorProfitDual,TotalCostDispatch,RTGeneratorProfitDual,gap,SSProfit
ObjectiveValue,69574.03645629346,410666.0332485878,69574.03645629346,768.42,69555.80910761011
