,GeneratorProfitDual,TotalCostDispatch,RTGeneratorProfitDual,gap,SSProfit
ObjectiveValue,-1916159911.294903,376090.49867309205,-1916159911.294903,0.0,9078166.274183525
