,GeneratorProfitDual,TotalCostDispatch,RTGeneratorProfitDual,gap,SSProfit
ObjectiveValue,4211.414546828281,573671.9895860129,4211.414546828281,16.1384,4211.41454682463
