,GeneratorProfitDual,TotalCostDispatch,RTGeneratorProfitDual,gap,SSProfit
ObjectiveValue,14732.279951256445,336650.2532828977,14732.279951256445,138.165,14734.808545667667
