,GeneratorProfitDual,TotalCostDispatch,RTGeneratorProfitDual,gap,SSProfit
ObjectiveValue,26442.024331954482,108103.5075184253,26442.024331954482,16466.4,26442.02433194997
