,GeneratorProfitDual,TotalCostDispatch,RTGeneratorProfitDual,gap,SSProfit
ObjectiveValue,26442.024331955065,108103.50751842526,26442.024331955065,8737.26,26442.02433194997
