,GeneratorProfitDual,TotalCostDispatch,RTGeneratorProfitDual,gap,SSProfit
ObjectiveValue,105147.47017349594,65259.604581605556,105147.47017349594,2117.46,105147.47017349345
