,GeneratorProfitDual,TotalCostDispatch,RTGeneratorProfitDual,gap,SSProfit
ObjectiveValue,-14302141511.620373,216412.65762131748,-14302141511.620373,0.0,-11203816.751801332
