,GeneratorProfitDual,TotalCostDispatch,RTGeneratorProfitDual,gap,SSProfit
ObjectiveValue,107439.28725620883,143629.0918821011,107439.28725620883,1074.39,107439.28725620816
