,GeneratorProfitDual,TotalCostDispatch,RTGeneratorProfitDual,gap,SSProfit
ObjectiveValue,74516.61783746762,143629.0918821006,74516.61783746762,1074.34,74516.61783746771
