,GeneratorProfitDual,TotalCostDispatch,RTGeneratorProfitDual,gap,SSProfit
ObjectiveValue,74516.61783746764,143629.09188210117,74516.61783746764,1073.27,74516.61783746755
