,GeneratorProfitDual,TotalCostDispatch,RTGeneratorProfitDual,gap,SSProfit
ObjectiveValue,-1940382679.827732,258138.5651017845,-1940382679.827732,0.0,1899758.5859753706
