,GeneratorProfitDual,TotalCostDispatch,RTGeneratorProfitDual,gap,SSProfit
ObjectiveValue,36805.45502294541,249396.17000331695,36805.45502294541,270.138,36922.082052233476
