,GeneratorProfitDual,TotalCostDispatch,RTGeneratorProfitDual,gap,SSProfit
ObjectiveValue,-1961884911.7055535,247361.21342967104,-1961884911.7055535,0.0,9500897.292482981
