,GeneratorProfitDual,TotalCostDispatch,RTGeneratorProfitDual,gap,SSProfit
ObjectiveValue,855.8131478843228,317000.66611836903,855.8131478843228,0.0,834.3406114117593
