,GeneratorProfitDual,TotalCostDispatch,RTGeneratorProfitDual,gap,SSProfit
ObjectiveValue,48573.75811733408,135267.19113738666,48573.75811733408,490.848,48573.75811733424
