,GeneratorProfitDual,TotalCostDispatch,RTGeneratorProfitDual,gap,SSProfit
ObjectiveValue,49836.52069568242,135267.1911373866,49836.52069568242,463.828,49836.52069568204
