,GeneratorProfitDual,TotalCostDispatch,RTGeneratorProfitDual,gap,SSProfit
ObjectiveValue,9668.256421463655,25292.530171496062,9668.256421463655,144.194,9668.256421463522
