,GeneratorProfitDual,TotalCostDispatch,RTGeneratorProfitDual,gap,SSProfit
ObjectiveValue,41502.332303759766,359312.2558588663,41502.332303759766,504.187,41617.30267525224
