,GeneratorProfitDual,TotalCostDispatch,RTGeneratorProfitDual,gap,SSProfit
ObjectiveValue,3089.9091808746416,28361.333727675275,3089.9091808746416,0.0,3089.90918087442
