,GeneratorProfitDual,TotalCostDispatch,RTGeneratorProfitDual,gap,SSProfit
ObjectiveValue,49674.321859079006,88958.51367103144,49674.321859079006,746.708,49674.32185907862
