,GeneratorProfitDual,TotalCostDispatch,RTGeneratorProfitDual,gap,SSProfit
ObjectiveValue,2476.6413596175485,83238.97055789956,2476.6413596175485,21.6506,2286.1929521752936
