,GeneratorProfitDual,TotalCostDispatch,RTGeneratorProfitDual,gap,SSProfit
ObjectiveValue,-12017.157890780069,208518.36644249564,-12017.157890780069,0.0,3964.3813169999958
