,GeneratorProfitDual,TotalCostDispatch,RTGeneratorProfitDual,gap,SSProfit
ObjectiveValue,9922.050654824188,224774.76774515564,9922.050654824188,31.2313,9920.672927627122
