,GeneratorProfitDual,TotalCostDispatch,RTGeneratorProfitDual,gap,SSProfit
ObjectiveValue,-1951676786.5919235,31283.34203787342,-1951676786.5919235,0.0,14402769.994650433
