,GeneratorProfitDual,TotalCostDispatch,RTGeneratorProfitDual,gap,SSProfit
ObjectiveValue,7492.707479906838,131188.97701759136,7492.707479906838,26.3371,7545.434798617689
