,GeneratorProfitDual,TotalCostDispatch,RTGeneratorProfitDual,gap,SSProfit
ObjectiveValue,63453.59194459666,258816.81008791283,63453.59194459666,0.0,63701.42547084036
