,GeneratorProfitDual,TotalCostDispatch,RTGeneratorProfitDual,gap,SSProfit
ObjectiveValue,35892.79325718636,336939.59204272897,35892.79325718636,0.0,35892.793257185374
