,GeneratorProfitDual,TotalCostDispatch,RTGeneratorProfitDual,gap,SSProfit
ObjectiveValue,2709.781061999982,24415.801210301906,2709.781061999982,0.0,2709.7810620000046
