,GeneratorProfitDual,TotalCostDispatch,RTGeneratorProfitDual,gap,SSProfit
ObjectiveValue,8375.619292535923,46570.656620793576,8375.619292535923,1958.47,8375.619292533123
