,GeneratorProfitDual,TotalCostDispatch,RTGeneratorProfitDual,gap,SSProfit
ObjectiveValue,4928.233320837129,306301.25518768956,4928.233320837129,41.7241,4928.233320824781
