,GeneratorProfitDual,TotalCostDispatch,RTGeneratorProfitDual,gap,SSProfit
ObjectiveValue,8375.619292535806,46570.656620793714,8375.619292535806,7411.11,8375.619292533123
