,GeneratorProfitDual,TotalCostDispatch,RTGeneratorProfitDual,gap,SSProfit
ObjectiveValue,8375.619292536036,46570.65662079358,8375.619292536036,137.094,8375.619292533123
