,GeneratorProfitDual,TotalCostDispatch,RTGeneratorProfitDual,gap,SSProfit
ObjectiveValue,45714.936988226815,203024.82179458693,45714.936988226815,0.0,45899.73335411731
