,GeneratorProfitDual,TotalCostDispatch,RTGeneratorProfitDual,gap,SSProfit
ObjectiveValue,17069.005377689453,515558.2362244305,17069.005377689453,18.5613,17207.078095250898
