,GeneratorProfitDual,TotalCostDispatch,RTGeneratorProfitDual,gap,SSProfit
ObjectiveValue,17069.00537768941,515558.2362244304,17069.00537768941,22.2718,17207.078095250883
