,GeneratorProfitDual,TotalCostDispatch,RTGeneratorProfitDual,gap,SSProfit
ObjectiveValue,7740.953236778061,226576.1414951546,7740.953236778061,38.9209,7808.397163010347
