,GeneratorProfitDual,TotalCostDispatch,RTGeneratorProfitDual,gap,SSProfit
ObjectiveValue,7824.383207596751,261391.2462532854,7824.383207596751,38.9827,7931.376648719488
