,GeneratorProfitDual,TotalCostDispatch,RTGeneratorProfitDual,gap,SSProfit
ObjectiveValue,3580.5158469286625,23412.49297935314,3580.5158469286625,5982.3,3580.5158531099146
