,GeneratorProfitDual,TotalCostDispatch,RTGeneratorProfitDual,gap,SSProfit
ObjectiveValue,3580.522516688767,23412.492979352835,3580.522516688767,4940.34,3580.5225628374783
