,GeneratorProfitDual,TotalCostDispatch,RTGeneratorProfitDual,gap,SSProfit
ObjectiveValue,-1938263917.8125358,255008.1878287469,-1938263917.8125358,0.0,6200720.23424186
