,GeneratorProfitDual,TotalCostDispatch,RTGeneratorProfitDual,gap,SSProfit
ObjectiveValue,-1935574931.6166615,255008.18782874692,-1935574931.6166615,0.0,6152071.585593211
