,GeneratorProfitDual,TotalCostDispatch,RTGeneratorProfitDual,gap,SSProfit
ObjectiveValue,36961.86541274382,367903.07643262786,36961.86541274382,9.88305,36932.71126274049
