,GeneratorProfitDual,TotalCostDispatch,RTGeneratorProfitDual,gap,SSProfit
ObjectiveValue,7979.29080615345,252532.22060540057,7979.29080615345,4.22565,7979.2908061510125
