,GeneratorProfitDual,TotalCostDispatch,RTGeneratorProfitDual,gap,SSProfit
ObjectiveValue,-17983676434.993214,140697.25367079882,-17983676434.993214,0.0,-60417250.293670356
