,GeneratorProfitDual,TotalCostDispatch,RTGeneratorProfitDual,gap,SSProfit
ObjectiveValue,-19994718209.822918,174861.5912060621,-19994718209.822918,1200.5,-68812395.92084417
