,GeneratorProfitDual,TotalCostDispatch,RTGeneratorProfitDual,gap,SSProfit
ObjectiveValue,-19416773182.46078,174861.59120606212,-19416773182.46078,0.0,-59149178.26752636
