,GeneratorProfitDual,TotalCostDispatch,RTGeneratorProfitDual,gap,SSProfit
ObjectiveValue,21501.80515069174,174509.99383041108,21501.80515069174,625.405,21501.805150687753
