,GeneratorProfitDual,TotalCostDispatch,RTGeneratorProfitDual,gap,SSProfit
ObjectiveValue,3978.856708742499,487446.43521755736,3978.856708742499,9.95391,6861.509695292459
