,GeneratorProfitDual,TotalCostDispatch,RTGeneratorProfitDual,gap,SSProfit
ObjectiveValue,1055.832305500522,60847.56943221368,1055.832305500522,0.0,1055.8323054999933
