,GeneratorProfitDual,TotalCostDispatch,RTGeneratorProfitDual,gap,SSProfit
ObjectiveValue,83864.36353261338,322308.7401759558,83864.36353261338,9087.98,83822.770278607
