,GeneratorProfitDual,TotalCostDispatch,RTGeneratorProfitDual,gap,SSProfit
ObjectiveValue,83864.3635326134,322308.7401759558,83864.3635326134,5114.56,83822.77027860697
