,GeneratorProfitDual,TotalCostDispatch,RTGeneratorProfitDual,gap,SSProfit
ObjectiveValue,31108.391816958017,54284.41893137801,31108.391816958017,5608.17,31108.39181695711
