,GeneratorProfitDual,TotalCostDispatch,RTGeneratorProfitDual,gap,SSProfit
ObjectiveValue,15334.874277187433,24820.271471126525,15334.874277187433,8830.7,15334.874277185176
