,GeneratorProfitDual,TotalCostDispatch,RTGeneratorProfitDual,gap,SSProfit
ObjectiveValue,6871.7063425259985,136841.26456200986,6871.7063425259985,24649.7,7076.496500910433
