,GeneratorProfitDual,TotalCostDispatch,RTGeneratorProfitDual,gap,SSProfit
ObjectiveValue,32068.791050909316,80279.57305015078,32068.791050909316,2396.37,32054.395061281022
