,GeneratorProfitDual,TotalCostDispatch,RTGeneratorProfitDual,gap,SSProfit
ObjectiveValue,32119.90377592836,80279.5730501508,32119.90377592836,15007.8,32119.903775927356
