,GeneratorProfitDual,TotalCostDispatch,RTGeneratorProfitDual,gap,SSProfit
ObjectiveValue,23331.93535327836,169660.50381225022,23331.93535327836,10109.4,23699.3555069436
