,GeneratorProfitDual,TotalCostDispatch,RTGeneratorProfitDual,gap,SSProfit
ObjectiveValue,55688.454594345465,235933.15190794194,55688.454594345465,550.674,55751.024308512424
