,GeneratorProfitDual,TotalCostDispatch,RTGeneratorProfitDual,gap,SSProfit
ObjectiveValue,33893.34476215061,126375.11242690324,33893.34476215061,519.529,33893.34476215016
