,GeneratorProfitDual,TotalCostDispatch,RTGeneratorProfitDual,gap,SSProfit
ObjectiveValue,34556.74914395915,126376.80248254938,34556.74914395915,11088.0,34590.123048780784
