,GeneratorProfitDual,TotalCostDispatch,RTGeneratorProfitDual,gap,SSProfit
ObjectiveValue,-1719859483.5026658,136323.69838168446,-1719859483.5026658,0.0,10325299.093118211
