,GeneratorProfitDual,TotalCostDispatch,RTGeneratorProfitDual,gap,SSProfit
ObjectiveValue,-1927687499.6092877,136323.69838168443,-1927687499.6092877,0.0,5749769.386946423
