,GeneratorProfitDual,TotalCostDispatch,RTGeneratorProfitDual,gap,SSProfit
ObjectiveValue,-1715228021.4051366,136323.69838168446,-1715228021.4051366,0.0,10308805.949699093
