,GeneratorProfitDual,TotalCostDispatch,RTGeneratorProfitDual,gap,SSProfit
ObjectiveValue,38144.61377466496,70882.0392801924,38144.61377466496,3854.37,38664.1432624832
