,GeneratorProfitDual,TotalCostDispatch,RTGeneratorProfitDual,gap,SSProfit
ObjectiveValue,71842.198241554,75219.12014405646,71842.198241554,3172.6,71856.56017174298
