,GeneratorProfitDual,TotalCostDispatch,RTGeneratorProfitDual,gap,SSProfit
ObjectiveValue,1534.5151940434343,38274.43540018909,1534.5151940434343,1541.84,1534.515194043083
