,GeneratorProfitDual,TotalCostDispatch,RTGeneratorProfitDual,gap,SSProfit
ObjectiveValue,27399.11140796858,38995.226020208254,27399.11140796858,26721.5,27399.11140796813
