,GeneratorProfitDual,TotalCostDispatch,RTGeneratorProfitDual,gap,SSProfit
ObjectiveValue,2237.6419845762484,12078.340444395286,2237.6419845762484,0.0,2237.6419845760256
