,GeneratorProfitDual,TotalCostDispatch,RTGeneratorProfitDual,gap,SSProfit
ObjectiveValue,2217.0419223884924,12078.340444394997,2217.0419223884924,0.0,2217.0419223879617
