,GeneratorProfitDual,TotalCostDispatch,RTGeneratorProfitDual,gap,SSProfit
ObjectiveValue,27874.502789805036,57874.568731416104,27874.502789805036,398.712,27874.502789803795
