,GeneratorProfitDual,TotalCostDispatch,RTGeneratorProfitDual,gap,SSProfit
ObjectiveValue,83864.36353261338,322308.7401759558,83864.36353261338,13666.8,83822.770278607
