,GeneratorProfitDual,TotalCostDispatch,RTGeneratorProfitDual,gap,SSProfit
ObjectiveValue,1868.3852935975015,31522.468845860258,1868.3852935975015,0.0,1868.3852935973496
