,GeneratorProfitDual,TotalCostDispatch,RTGeneratorProfitDual,gap,SSProfit
ObjectiveValue,38810.75772039893,104107.28926432443,38810.75772039893,3207.77,38810.757720390786
