,GeneratorProfitDual,TotalCostDispatch,RTGeneratorProfitDual,gap,SSProfit
ObjectiveValue,38810.75772039204,104107.28926433065,38810.75772039204,3468.69,38810.75772039068
