,GeneratorProfitDual,TotalCostDispatch,RTGeneratorProfitDual,gap,SSProfit
ObjectiveValue,7025.067850772392,65624.13180549716,7025.067850772392,0.0,7025.067850771488
