,GeneratorProfitDual,TotalCostDispatch,RTGeneratorProfitDual,gap,SSProfit
ObjectiveValue,7025.067850774369,65624.13180549485,7025.067850774369,53272.3,7025.0678507715165
