,GeneratorProfitDual,TotalCostDispatch,RTGeneratorProfitDual,gap,SSProfit
ObjectiveValue,16149.562199088456,51325.62184106787,16149.562199088456,11845.8,16149.562199085914
