,GeneratorProfitDual,TotalCostDispatch,RTGeneratorProfitDual,gap,SSProfit
ObjectiveValue,16149.562199088552,51325.62184106786,16149.562199088552,206.931,16149.562199085909
