,GeneratorProfitDual,TotalCostDispatch,RTGeneratorProfitDual,gap,SSProfit
ObjectiveValue,51591.56596220361,124564.11261330025,51591.56596220361,232.264,51591.56596220343
