,GeneratorProfitDual,TotalCostDispatch,RTGeneratorProfitDual,gap,SSProfit
ObjectiveValue,-1737533973.2984788,218334.96342261232,-1737533973.2984788,0.0,10754001.585930686
