,GeneratorProfitDual,TotalCostDispatch,RTGeneratorProfitDual,gap,SSProfit
ObjectiveValue,7375.887272692652,421278.91121132707,7375.887272692652,1.52847,7532.462422351083
