,GeneratorProfitDual,TotalCostDispatch,RTGeneratorProfitDual,gap,SSProfit
ObjectiveValue,58753.18965860625,280497.91170331446,58753.18965860625,789.026,58972.37519749438
