,GeneratorProfitDual,TotalCostDispatch,RTGeneratorProfitDual,gap,SSProfit
ObjectiveValue,25055.262952455327,224691.64256182054,25055.262952455327,216.33,25069.7402509723
