,GeneratorProfitDual,TotalCostDispatch,RTGeneratorProfitDual,gap,SSProfit
ObjectiveValue,7697.680344387526,36669.74913100416,7697.680344387526,74.2672,7697.6803443871995
