,GeneratorProfitDual,TotalCostDispatch,RTGeneratorProfitDual,gap,SSProfit
ObjectiveValue,45296.1298949493,169188.2418953791,45296.1298949493,0.0,45296.129894948695
