,GeneratorProfitDual,TotalCostDispatch,RTGeneratorProfitDual,gap,SSProfit
ObjectiveValue,59951.613405091324,357752.18950098206,59951.613405091324,585.31,60059.510257243484
