,GeneratorProfitDual,TotalCostDispatch,RTGeneratorProfitDual,gap,SSProfit
ObjectiveValue,-14878434330.001982,330310.61656695756,-14878434330.001982,0.0,-4564854.088635701
