,GeneratorProfitDual,TotalCostDispatch,RTGeneratorProfitDual,gap,SSProfit
ObjectiveValue,26810.211316606612,157333.3799439441,26810.211316606612,3912.65,26810.681685165524
