,GeneratorProfitDual,TotalCostDispatch,RTGeneratorProfitDual,gap,SSProfit
ObjectiveValue,26810.211316606423,157333.3799439442,26810.211316606423,502.758,26810.681685165524
