,GeneratorProfitDual,TotalCostDispatch,RTGeneratorProfitDual,gap,SSProfit
ObjectiveValue,60678.76550233118,149703.69374749687,60678.76550233118,6984.83,60733.967230318565
