,GeneratorProfitDual,TotalCostDispatch,RTGeneratorProfitDual,gap,SSProfit
ObjectiveValue,60514.5121248971,149703.703960907,60514.5121248971,3588.73,60544.25941177077
