,GeneratorProfitDual,TotalCostDispatch,RTGeneratorProfitDual,gap,SSProfit
ObjectiveValue,43287.91636133599,140553.03289338527,43287.91636133599,0.0,43287.91636133421
