,GeneratorProfitDual,TotalCostDispatch,RTGeneratorProfitDual,gap,SSProfit
ObjectiveValue,43287.91636133432,140553.03289338658,43287.91636133432,385.951,43287.9163613341
