,GeneratorProfitDual,TotalCostDispatch,RTGeneratorProfitDual,gap,SSProfit
ObjectiveValue,29733.85385720078,58475.445807915676,29733.85385720078,1230.19,29733.853857200367
