,GeneratorProfitDual,TotalCostDispatch,RTGeneratorProfitDual,gap,SSProfit
ObjectiveValue,29733.853857200917,58475.44580791564,29733.853857200917,283.83,29733.85385720039
