,GeneratorProfitDual,TotalCostDispatch,RTGeneratorProfitDual,gap,SSProfit
ObjectiveValue,25876.903286574005,63042.2874176637,25876.903286574005,361.15,25876.90328657328
