,GeneratorProfitDual,TotalCostDispatch,RTGeneratorProfitDual,gap,SSProfit
ObjectiveValue,25876.903286574354,63042.28741766333,25876.903286574354,322.546,25876.903286573328
