,GeneratorProfitDual,TotalCostDispatch,RTGeneratorProfitDual,gap,SSProfit
ObjectiveValue,18655.36561641229,30248.75865515594,18655.36561641229,0.0,25952.604420925567
