,GeneratorProfitDual,TotalCostDispatch,RTGeneratorProfitDual,gap,SSProfit
ObjectiveValue,12845.626909423714,384457.2175180664,12845.626909423714,3.27258,12980.999070067362
