,GeneratorProfitDual,TotalCostDispatch,RTGeneratorProfitDual,gap,SSProfit
ObjectiveValue,46090.00514551515,123039.90854359182,46090.00514551515,568.892,46293.04781154816
