,GeneratorProfitDual,TotalCostDispatch,RTGeneratorProfitDual,gap,SSProfit
ObjectiveValue,61147.591816505934,435458.5974870214,61147.591816505934,359.273,61147.5918165023
