,GeneratorProfitDual,TotalCostDispatch,RTGeneratorProfitDual,gap,SSProfit
ObjectiveValue,72032.46882042824,320470.0248093805,72032.46882042824,8325.02,72248.8379555072
