,GeneratorProfitDual,TotalCostDispatch,RTGeneratorProfitDual,gap,SSProfit
ObjectiveValue,8120.982812373376,50653.4445709375,8120.982812373376,211.36,8120.982812368331
