,GeneratorProfitDual,TotalCostDispatch,RTGeneratorProfitDual,gap,SSProfit
ObjectiveValue,25071.384814567813,104673.09867106243,25071.384814567813,217.323,25071.384814567155
