,GeneratorProfitDual,TotalCostDispatch,RTGeneratorProfitDual,gap,SSProfit
ObjectiveValue,-1920024348.173151,180880.75728235013,-1920024348.173151,0.0,10462521.7106053
