,GeneratorProfitDual,TotalCostDispatch,RTGeneratorProfitDual,gap,SSProfit
ObjectiveValue,3547.837628515309,24997.966531595623,3547.837628515309,27.353,3547.837628515009
