,GeneratorProfitDual,TotalCostDispatch,RTGeneratorProfitDual,gap,SSProfit
ObjectiveValue,6821.474884216119,70105.39860072869,6821.474884216119,65.7385,7038.119196768072
