,GeneratorProfitDual,TotalCostDispatch,RTGeneratorProfitDual,gap,SSProfit
ObjectiveValue,62450.424517172614,107149.80616272378,62450.424517172614,3282.2,62537.63475618557
