,GeneratorProfitDual,TotalCostDispatch,RTGeneratorProfitDual,gap,SSProfit
ObjectiveValue,75183.12726961629,375349.37297729676,75183.12726961629,5511.76,75193.24383893453
