,GeneratorProfitDual,TotalCostDispatch,RTGeneratorProfitDual,gap,SSProfit
ObjectiveValue,23466.288347264664,251059.08226762246,23466.288347264664,201.716,23640.32681099481
