,GeneratorProfitDual,TotalCostDispatch,RTGeneratorProfitDual,gap,SSProfit
ObjectiveValue,3963.020790002007,192303.00125409127,3963.020790002007,0.0,3963.0207900000223
