,GeneratorProfitDual,TotalCostDispatch,RTGeneratorProfitDual,gap,SSProfit
ObjectiveValue,-16287517043.39383,318290.87414675165,-16287517043.39383,0.0,-2050318.1048260173
