,GeneratorProfitDual,TotalCostDispatch,RTGeneratorProfitDual,gap,SSProfit
ObjectiveValue,63453.591944596956,258816.8100879128,63453.591944596956,11479.0,63701.42547084065
