,GeneratorProfitDual,TotalCostDispatch,RTGeneratorProfitDual,gap,SSProfit
ObjectiveValue,63479.84594778436,258816.8100879129,63479.84594778436,3064.6,63701.16062158396
