,GeneratorProfitDual,TotalCostDispatch,RTGeneratorProfitDual,gap,SSProfit
ObjectiveValue,40763.62888677164,226559.98073070505,40763.62888677164,1627.18,40828.378969541554
