,GeneratorProfitDual,TotalCostDispatch,RTGeneratorProfitDual,gap,SSProfit
ObjectiveValue,40873.27971445768,226678.30342574546,40873.27971445768,791.765,40938.02979722748
