,GeneratorProfitDual,TotalCostDispatch,RTGeneratorProfitDual,gap,SSProfit
ObjectiveValue,7198.008636209177,310771.5279849431,7198.008636209177,11.1191,7198.118081618486
