,GeneratorProfitDual,TotalCostDispatch,RTGeneratorProfitDual,gap,SSProfit
ObjectiveValue,54563.93652528277,43954.22848744313,54563.93652528277,3392.01,54563.936525281555
