,GeneratorProfitDual,TotalCostDispatch,RTGeneratorProfitDual,gap,SSProfit
ObjectiveValue,54563.93652528272,43954.22848744312,54563.93652528272,41331.3,54563.93652528155
