,GeneratorProfitDual,TotalCostDispatch,RTGeneratorProfitDual,gap,SSProfit
ObjectiveValue,54563.93652528244,43954.2284874432,54563.93652528244,19599.6,54563.936525281555
