,GeneratorProfitDual,TotalCostDispatch,RTGeneratorProfitDual,gap,SSProfit
ObjectiveValue,1204.5465810030832,227677.11220359628,1204.5465810030832,0.0,1204.5465810000017
