,GeneratorProfitDual,TotalCostDispatch,RTGeneratorProfitDual,gap,SSProfit
ObjectiveValue,-1958472127.1771755,29819.070140452255,-1958472127.1771755,0.0,11132760.653488625
