,GeneratorProfitDual,TotalCostDispatch,RTGeneratorProfitDual,gap,SSProfit
ObjectiveValue,64618.01785073859,259085.51327638116,64618.01785073859,203.993,64885.92865747368
