,GeneratorProfitDual,TotalCostDispatch,RTGeneratorProfitDual,gap,SSProfit
ObjectiveValue,15004.945550735341,76277.58705220798,15004.945550735341,10928.8,15004.945550733453
