,GeneratorProfitDual,TotalCostDispatch,RTGeneratorProfitDual,gap,SSProfit
ObjectiveValue,15004.945550734292,76277.58705220793,15004.945550734292,3262.85,15004.945550733448
