,GeneratorProfitDual,TotalCostDispatch,RTGeneratorProfitDual,gap,SSProfit
ObjectiveValue,3980.885907206934,331007.5227147842,3980.885907206934,0.433009,3979.966659525564
