,GeneratorProfitDual,TotalCostDispatch,RTGeneratorProfitDual,gap,SSProfit
ObjectiveValue,3577.149565624792,487426.6898040744,3577.149565624792,12.7092,3581.2598321134446
