,GeneratorProfitDual,TotalCostDispatch,RTGeneratorProfitDual,gap,SSProfit
ObjectiveValue,5225.89063943438,20518.076408061857,5225.89063943438,0.0,5225.890639434154
