,GeneratorProfitDual,TotalCostDispatch,RTGeneratorProfitDual,gap,SSProfit
ObjectiveValue,7772.334418156793,392072.9263840012,7772.334418156793,72.9144,8043.214417749054
