,GeneratorProfitDual,TotalCostDispatch,RTGeneratorProfitDual,gap,SSProfit
ObjectiveValue,25094.345959938582,148430.40417111758,25094.345959938582,10024.7,25094.34595993759
