,GeneratorProfitDual,TotalCostDispatch,RTGeneratorProfitDual,gap,SSProfit
ObjectiveValue,6457.026740103657,63343.410025779536,6457.026740103657,148.239,6457.026740103006
