,GeneratorProfitDual,TotalCostDispatch,RTGeneratorProfitDual,gap,SSProfit
ObjectiveValue,7477.917376567698,178160.3327279304,7477.917376567698,2.98656,7604.334624559043
