,GeneratorProfitDual,TotalCostDispatch,RTGeneratorProfitDual,gap,SSProfit
ObjectiveValue,17499.3578321351,713260.565665699,17499.3578321351,281.818,17668.661552437225
