,GeneratorProfitDual,TotalCostDispatch,RTGeneratorProfitDual,gap,SSProfit
ObjectiveValue,17493.64112748361,713260.5656656991,17493.64112748361,89.8209,17668.282203569517
