,GeneratorProfitDual,TotalCostDispatch,RTGeneratorProfitDual,gap,SSProfit
ObjectiveValue,95824.93131504352,489819.701876577,95824.93131504352,11327.0,95974.58863031819
