,GeneratorProfitDual,TotalCostDispatch,RTGeneratorProfitDual,gap,SSProfit
ObjectiveValue,95815.7048310312,489828.9283605937,95815.7048310312,2061.51,95974.58863031805
