,GeneratorProfitDual,TotalCostDispatch,RTGeneratorProfitDual,gap,SSProfit
ObjectiveValue,4893.136900535407,27443.260085659807,4893.136900535407,0.0,5438.319418556892
