,GeneratorProfitDual,TotalCostDispatch,RTGeneratorProfitDual,gap,SSProfit
ObjectiveValue,31125.753825766555,82667.89405980216,31125.753825766555,0.0,31140.97853339018
