,GeneratorProfitDual,TotalCostDispatch,RTGeneratorProfitDual,gap,SSProfit
ObjectiveValue,37125.92053681524,82652.95695575656,37125.92053681524,5492.84,37574.37295708577
