,GeneratorProfitDual,TotalCostDispatch,RTGeneratorProfitDual,gap,SSProfit
ObjectiveValue,331.90700477157793,442781.31039032206,331.90700477157793,0.916379,332.88476964599954
