,GeneratorProfitDual,TotalCostDispatch,RTGeneratorProfitDual,gap,SSProfit
ObjectiveValue,7928.762634004648,168989.667839905,7928.762634004648,0.0,7928.7626340000525
