,GeneratorProfitDual,TotalCostDispatch,RTGeneratorProfitDual,gap,SSProfit
ObjectiveValue,7673.216093687894,63661.33660309013,7673.216093687894,9581.57,7673.216093685023
