,GeneratorProfitDual,TotalCostDispatch,RTGeneratorProfitDual,gap,SSProfit
ObjectiveValue,7673.216093686001,63661.336603092226,7673.216093686001,469.359,7673.216093684911
