,GeneratorProfitDual,TotalCostDispatch,RTGeneratorProfitDual,gap,SSProfit
ObjectiveValue,50762.0702543537,177239.92182161746,50762.0702543537,658.662,50762.07025435096
