,GeneratorProfitDual,TotalCostDispatch,RTGeneratorProfitDual,gap,SSProfit
ObjectiveValue,7926.041580002375,192724.1315398969,7926.041580002375,1.05053,7926.041580000016
