,GeneratorProfitDual,TotalCostDispatch,RTGeneratorProfitDual,gap,SSProfit
ObjectiveValue,39522.607616949834,311930.43361543474,39522.607616949834,489.993,39591.884479732806
