,GeneratorProfitDual,TotalCostDispatch,RTGeneratorProfitDual,gap,SSProfit
ObjectiveValue,18130.43056114617,32381.45259347393,18130.43056114617,0.0,18130.430561145684
