,GeneratorProfitDual,TotalCostDispatch,RTGeneratorProfitDual,gap,SSProfit
ObjectiveValue,-17113374588.462831,319464.6175599083,-17113374588.462831,0.0,-35125410.04270048
