,GeneratorProfitDual,TotalCostDispatch,RTGeneratorProfitDual,gap,SSProfit
ObjectiveValue,3717.463353353962,82425.84891302543,3717.463353353962,35.5661,3717.4633533511137
