,GeneratorProfitDual,TotalCostDispatch,RTGeneratorProfitDual,gap,SSProfit
ObjectiveValue,3717.4633533518436,82425.84891302751,3717.4633533518436,11742.1,3717.463353351104
