,GeneratorProfitDual,TotalCostDispatch,RTGeneratorProfitDual,gap,SSProfit
ObjectiveValue,7604.4909455643165,266920.8796693223,7604.4909455643165,27.0597,7876.6738859999905
