,GeneratorProfitDual,TotalCostDispatch,RTGeneratorProfitDual,gap,SSProfit
ObjectiveValue,3758.6217742051745,170409.67564356688,3758.6217742051745,0.0,3854.718720832223
