,GeneratorProfitDual,TotalCostDispatch,RTGeneratorProfitDual,gap,SSProfit
ObjectiveValue,3978.243994403635,318873.37053916365,3978.243994403635,10.4743,3978.243994403867
