,GeneratorProfitDual,TotalCostDispatch,RTGeneratorProfitDual,gap,SSProfit
ObjectiveValue,3212.6983042473857,52748.10027615555,3212.6983042473857,0.0,3212.698304246914
