,GeneratorProfitDual,TotalCostDispatch,RTGeneratorProfitDual,gap,SSProfit
ObjectiveValue,3873.37364337301,321746.61999671377,3873.37364337301,33.173,4001.5042679999897
