,GeneratorProfitDual,TotalCostDispatch,RTGeneratorProfitDual,gap,SSProfit
ObjectiveValue,43252.45381106401,259290.21477848996,43252.45381106401,465.957,43252.45381106174
