,GeneratorProfitDual,TotalCostDispatch,RTGeneratorProfitDual,gap,SSProfit
ObjectiveValue,22752.896368513346,90493.88133994183,22752.896368513346,267.807,22796.30289235605
