,GeneratorProfitDual,TotalCostDispatch,RTGeneratorProfitDual,gap,SSProfit
ObjectiveValue,628.1030706901216,204531.01832411357,628.1030706901216,2291.48,628.103070689102
