,GeneratorProfitDual,TotalCostDispatch,RTGeneratorProfitDual,gap,SSProfit
ObjectiveValue,3749.1315129455115,302498.973394276,3749.1315129455115,3606.76,3924.376881254644
