,GeneratorProfitDual,TotalCostDispatch,RTGeneratorProfitDual,gap,SSProfit
ObjectiveValue,-18971745444.784573,451337.151350033,-18971745444.784573,0.0,772263.6786731789
