,GeneratorProfitDual,TotalCostDispatch,RTGeneratorProfitDual,gap,SSProfit
ObjectiveValue,2987.821903774896,84795.05551737192,2987.821903774896,303.026,3676.1615125485005
