,GeneratorProfitDual,TotalCostDispatch,RTGeneratorProfitDual,gap,SSProfit
ObjectiveValue,-20159461516.233944,55056.591517326386,-20159461516.233944,0.0,-129236285.86768125
