,GeneratorProfitDual,TotalCostDispatch,RTGeneratorProfitDual,gap,SSProfit
ObjectiveValue,15502.826061051852,55294.97430557061,15502.826061051852,51713.1,15794.488770901462
