,GeneratorProfitDual,TotalCostDispatch,RTGeneratorProfitDual,gap,SSProfit
ObjectiveValue,114401.28866375324,227677.11220359628,114401.28866375324,1165.35,114401.28866375044
