,GeneratorProfitDual,TotalCostDispatch,RTGeneratorProfitDual,gap,SSProfit
ObjectiveValue,35846.26427257766,249394.31724948576,35846.26427257766,0.0,36202.18041603836
