,GeneratorProfitDual,TotalCostDispatch,RTGeneratorProfitDual,gap,SSProfit
ObjectiveValue,3964.38131700132,168989.66783990784,3964.38131700132,0.0,3964.3813169999917
