,GeneratorProfitDual,TotalCostDispatch,RTGeneratorProfitDual,gap,SSProfit
ObjectiveValue,13572.127609133891,28327.81977488072,13572.127609133891,14097.7,13572.12760913228
