,GeneratorProfitDual,TotalCostDispatch,RTGeneratorProfitDual,gap,SSProfit
ObjectiveValue,41941.07480455433,279182.35247734707,41941.07480455433,4048.33,42221.00830060361
