,GeneratorProfitDual,TotalCostDispatch,RTGeneratorProfitDual,gap,SSProfit
ObjectiveValue,75292.64595429967,337430.23404711497,75292.64595429967,790.062,75458.22249715791
