,GeneratorProfitDual,TotalCostDispatch,RTGeneratorProfitDual,gap,SSProfit
ObjectiveValue,-16727286656.090952,412876.94255336147,-16727286656.090952,0.0,-46239183.76721736
