,GeneratorProfitDual,TotalCostDispatch,RTGeneratorProfitDual,gap,SSProfit
ObjectiveValue,36940.71605761803,248256.35292885895,36940.71605761803,754.565,37302.88859172422
