,GeneratorProfitDual,TotalCostDispatch,RTGeneratorProfitDual,gap,SSProfit
ObjectiveValue,37189.93382462212,248147.88596412542,37189.93382462212,2424.34,37274.97810101624
