,GeneratorProfitDual,TotalCostDispatch,RTGeneratorProfitDual,gap,SSProfit
ObjectiveValue,3767.079185206692,177808.03017755813,3767.079185206692,34.2127,3770.7839969280967
