,GeneratorProfitDual,TotalCostDispatch,RTGeneratorProfitDual,gap,SSProfit
ObjectiveValue,8053.542396002648,351108.87427554163,8053.542396002648,0.0,8053.54239600003
