,GeneratorProfitDual,TotalCostDispatch,RTGeneratorProfitDual,gap,SSProfit
ObjectiveValue,-15953511673.775316,358362.2928668752,-15953511673.775316,0.0,-7561704.752883015
