,GeneratorProfitDual,TotalCostDispatch,RTGeneratorProfitDual,gap,SSProfit
ObjectiveValue,76502.98214777323,273923.63904029026,76502.98214777323,942.473,76515.96567634998
