,GeneratorProfitDual,TotalCostDispatch,RTGeneratorProfitDual,gap,SSProfit
ObjectiveValue,6801.012563436854,483211.19837380055,6801.012563436854,0.176351,6959.749403010996
