,GeneratorProfitDual,TotalCostDispatch,RTGeneratorProfitDual,gap,SSProfit
ObjectiveValue,24126.652070528893,260576.50975055914,24126.652070528893,2.34168,24126.65207052791
