,GeneratorProfitDual,TotalCostDispatch,RTGeneratorProfitDual,gap,SSProfit
ObjectiveValue,49560.4763316048,178137.82135228423,49560.4763316048,0.0,49705.14779466188
