,GeneratorProfitDual,TotalCostDispatch,RTGeneratorProfitDual,gap,SSProfit
ObjectiveValue,49560.47633160498,178137.82135228417,49560.47633160498,51726.0,49705.14779466137
