,GeneratorProfitDual,TotalCostDispatch,RTGeneratorProfitDual,gap,SSProfit
ObjectiveValue,23004.194377585347,221082.90629225786,23004.194377585347,9062.98,23036.777055624516
