,GeneratorProfitDual,TotalCostDispatch,RTGeneratorProfitDual,gap,SSProfit
ObjectiveValue,24346.77830991083,322513.4025814299,24346.77830991083,247.172,24366.832983985576
