,GeneratorProfitDual,TotalCostDispatch,RTGeneratorProfitDual,gap,SSProfit
ObjectiveValue,8829.914991511747,23668.323492452277,8829.914991511747,189.083,8829.914991510032
