,GeneratorProfitDual,TotalCostDispatch,RTGeneratorProfitDual,gap,SSProfit
ObjectiveValue,8829.91499151071,23668.323492453335,8829.91499151071,189.524,8829.914991510028
