,GeneratorProfitDual,TotalCostDispatch,RTGeneratorProfitDual,gap,SSProfit
ObjectiveValue,-1975432526.342348,23194.143492006373,-1975432526.342348,0.0,15849515.254702004
