,GeneratorProfitDual,TotalCostDispatch,RTGeneratorProfitDual,gap,SSProfit
ObjectiveValue,6586.501843397524,74356.62038296902,6586.501843397524,152.885,6651.363823649432
