,GeneratorProfitDual,TotalCostDispatch,RTGeneratorProfitDual,gap,SSProfit
ObjectiveValue,6117.667818154595,74708.79030294444,6117.667818154595,156.915,6651.363823649426
