,GeneratorProfitDual,TotalCostDispatch,RTGeneratorProfitDual,gap,SSProfit
ObjectiveValue,34272.46160662087,230626.72168970518,34272.46160662087,304.175,34443.13585877452
