,GeneratorProfitDual,TotalCostDispatch,RTGeneratorProfitDual,gap,SSProfit
ObjectiveValue,-1968565764.8110237,33962.321030853374,-1968565764.8110237,0.0,7611149.046793941
