,GeneratorProfitDual,TotalCostDispatch,RTGeneratorProfitDual,gap,SSProfit
ObjectiveValue,-1738098908.051976,119409.6658693872,-1738098908.051976,0.0,16286144.783940049
