,GeneratorProfitDual,TotalCostDispatch,RTGeneratorProfitDual,gap,SSProfit
ObjectiveValue,7873.236028633382,338726.90165117546,7873.236028633382,6.60438,7928.762633999986
