,GeneratorProfitDual,TotalCostDispatch,RTGeneratorProfitDual,gap,SSProfit
ObjectiveValue,5689.802149595201,93732.2873145121,5689.802149595201,64.1151,5689.80214959452
