,GeneratorProfitDual,TotalCostDispatch,RTGeneratorProfitDual,gap,SSProfit
ObjectiveValue,65252.84452238735,67428.02233643083,65252.84452238735,6148.56,65252.84452238619
