,GeneratorProfitDual,TotalCostDispatch,RTGeneratorProfitDual,gap,SSProfit
ObjectiveValue,68304.04002086648,66728.67639162157,68304.04002086648,1036.99,71334.77240842671
