,GeneratorProfitDual,TotalCostDispatch,RTGeneratorProfitDual,gap,SSProfit
ObjectiveValue,84832.92359292686,376093.7076578138,84832.92359292686,1774.95,84872.46640410204
