,GeneratorProfitDual,TotalCostDispatch,RTGeneratorProfitDual,gap,SSProfit
ObjectiveValue,4942.685887616825,102677.36361767641,4942.685887616825,6001.88,4942.685887616125
