,GeneratorProfitDual,TotalCostDispatch,RTGeneratorProfitDual,gap,SSProfit
ObjectiveValue,5728.252689517794,102717.39176183841,5728.252689517794,98169.2,5728.252689509858
