,GeneratorProfitDual,TotalCostDispatch,RTGeneratorProfitDual,gap,SSProfit
ObjectiveValue,56530.00366170478,280708.1796667627,56530.00366170478,561.974,56530.063297488916
