,GeneratorProfitDual,TotalCostDispatch,RTGeneratorProfitDual,gap,SSProfit
ObjectiveValue,45450.61965702261,280746.09816639987,45450.61965702261,0.0,45450.61965702229
