,GeneratorProfitDual,TotalCostDispatch,RTGeneratorProfitDual,gap,SSProfit
ObjectiveValue,7532.0229166897225,44362.8098082371,7532.0229166897225,88.8858,7532.022916689455
