,GeneratorProfitDual,TotalCostDispatch,RTGeneratorProfitDual,gap,SSProfit
ObjectiveValue,7532.022916689841,44362.809808237034,7532.022916689841,87.3092,7532.022916689459
