,GeneratorProfitDual,TotalCostDispatch,RTGeneratorProfitDual,gap,SSProfit
ObjectiveValue,19327.243388263974,21763.01573153818,19327.243388263974,185.741,19327.243388262083
