,GeneratorProfitDual,TotalCostDispatch,RTGeneratorProfitDual,gap,SSProfit
ObjectiveValue,51290.14935910748,221160.88890781297,51290.14935910748,623.461,51369.5583235547
