,GeneratorProfitDual,TotalCostDispatch,RTGeneratorProfitDual,gap,SSProfit
ObjectiveValue,51190.53451359221,221169.9528837926,51190.53451359221,458.3,51291.865515174766
