,GeneratorProfitDual,TotalCostDispatch,RTGeneratorProfitDual,gap,SSProfit
ObjectiveValue,51283.38300394536,221160.88890781297,51283.38300394536,558.112,51360.71725507843
