,GeneratorProfitDual,TotalCostDispatch,RTGeneratorProfitDual,gap,SSProfit
ObjectiveValue,82832.6589543892,204552.1762969983,82832.6589543892,34893.8,82832.65895438724
