,GeneratorProfitDual,TotalCostDispatch,RTGeneratorProfitDual,gap,SSProfit
ObjectiveValue,82832.6589543938,204552.1762969944,82832.6589543938,3318.07,82832.65895438821
