,GeneratorProfitDual,TotalCostDispatch,RTGeneratorProfitDual,gap,SSProfit
ObjectiveValue,24421.27421971178,55325.939696107154,24421.27421971178,43668.7,24421.27421970864
