,GeneratorProfitDual,TotalCostDispatch,RTGeneratorProfitDual,gap,SSProfit
ObjectiveValue,5614.812578837437,230499.57630832517,5614.812578837437,0.0,6615.197138820087
