,GeneratorProfitDual,TotalCostDispatch,RTGeneratorProfitDual,gap,SSProfit
ObjectiveValue,35090.82332788834,282748.93752538285,35090.82332788834,2139.72,35090.82332788676
