,GeneratorProfitDual,TotalCostDispatch,RTGeneratorProfitDual,gap,SSProfit
ObjectiveValue,28866.887355327784,120382.04678286095,28866.887355327784,23479.2,28866.88735532691
