,GeneratorProfitDual,TotalCostDispatch,RTGeneratorProfitDual,gap,SSProfit
ObjectiveValue,28866.8873553276,120382.04678286103,28866.8873553276,432.983,28866.88735532675
