,GeneratorProfitDual,TotalCostDispatch,RTGeneratorProfitDual,gap,SSProfit
ObjectiveValue,17200.95986632292,357099.02940765186,17200.95986632292,2.603,17200.959866320216
