,GeneratorProfitDual,TotalCostDispatch,RTGeneratorProfitDual,gap,SSProfit
ObjectiveValue,17200.959866332585,357099.02940765204,17200.959866332585,176.483,17200.959866333964
