,GeneratorProfitDual,TotalCostDispatch,RTGeneratorProfitDual,gap,SSProfit
ObjectiveValue,28555.450718622633,126377.03725123007,28555.450718622633,4670.12,28555.45071862224
