,GeneratorProfitDual,TotalCostDispatch,RTGeneratorProfitDual,gap,SSProfit
ObjectiveValue,28555.450718622847,126377.03725123011,28555.450718622847,2260.35,28555.450718622375
