,GeneratorProfitDual,TotalCostDispatch,RTGeneratorProfitDual,gap,SSProfit
ObjectiveValue,-1941179443.5552397,59594.99677058104,-1941179443.5552397,0.0,15947071.98457985
