,GeneratorProfitDual,TotalCostDispatch,RTGeneratorProfitDual,gap,SSProfit
ObjectiveValue,-1943868429.7511134,59594.99677058104,-1943868429.7511134,0.0,17104710.095415115
