,GeneratorProfitDual,TotalCostDispatch,RTGeneratorProfitDual,gap,SSProfit
ObjectiveValue,4624.799374415145,302740.24656564865,4624.799374415145,32.6902,4864.584249933126
