,GeneratorProfitDual,TotalCostDispatch,RTGeneratorProfitDual,gap,SSProfit
ObjectiveValue,65496.94306568978,260576.74381281677,65496.94306568978,196.575,65496.9430656887
