,GeneratorProfitDual,TotalCostDispatch,RTGeneratorProfitDual,gap,SSProfit
ObjectiveValue,-478.33555537692473,512751.84497506387,-478.33555537692473,0.0,-74.28014745137726
