,GeneratorProfitDual,TotalCostDispatch,RTGeneratorProfitDual,gap,SSProfit
ObjectiveValue,58.72539164424097,420546.03602728376,58.72539164424097,0.16622,58.72539163852923
