,GeneratorProfitDual,TotalCostDispatch,RTGeneratorProfitDual,gap,SSProfit
ObjectiveValue,9746.655537505292,31424.680530884125,9746.655537505292,9657.69,9746.655537505027
