,GeneratorProfitDual,TotalCostDispatch,RTGeneratorProfitDual,gap,SSProfit
ObjectiveValue,4833.304909682218,40341.99026051608,4833.304909682218,31.6275,5468.952644348923
