,GeneratorProfitDual,TotalCostDispatch,RTGeneratorProfitDual,gap,SSProfit
ObjectiveValue,71188.89272411613,410666.03324858827,71188.89272411613,14559.3,71484.63143735693
