,GeneratorProfitDual,TotalCostDispatch,RTGeneratorProfitDual,gap,SSProfit
ObjectiveValue,70944.10425254484,410914.4616860739,70944.10425254484,972.252,70944.10425254116
