,GeneratorProfitDual,TotalCostDispatch,RTGeneratorProfitDual,gap,SSProfit
ObjectiveValue,64438.32616225709,172202.77939434955,64438.32616225709,644.245,64438.32616225591
