,GeneratorProfitDual,TotalCostDispatch,RTGeneratorProfitDual,gap,SSProfit
ObjectiveValue,52352.92986896743,170100.2107829813,52352.92986896743,5795.21,53210.844733335114
