,GeneratorProfitDual,TotalCostDispatch,RTGeneratorProfitDual,gap,SSProfit
ObjectiveValue,-1752398290.3490727,59640.56638314031,-1752398290.3490727,0.0,17999615.977777
