,GeneratorProfitDual,TotalCostDispatch,RTGeneratorProfitDual,gap,SSProfit
ObjectiveValue,-2001649484.9801672,59640.5663831403,-2001649484.9801672,0.0,10791662.056108303
