,GeneratorProfitDual,TotalCostDispatch,RTGeneratorProfitDual,gap,SSProfit
ObjectiveValue,-1768475475.049322,88195.23164915146,-1768475475.049322,0.0,15182137.295075944
