,GeneratorProfitDual,TotalCostDispatch,RTGeneratorProfitDual,gap,SSProfit
ObjectiveValue,2806.021534487949,308292.73011254315,2806.021534487949,0.0,2804.665023861371
