,GeneratorProfitDual,TotalCostDispatch,RTGeneratorProfitDual,gap,SSProfit
ObjectiveValue,7928.762634002247,204552.1762969983,7928.762634002247,0.0,7928.762633999988
