,GeneratorProfitDual,TotalCostDispatch,RTGeneratorProfitDual,gap,SSProfit
ObjectiveValue,6262.436134990946,152049.1836859076,6262.436134990946,0.0,6586.363101387154
