,GeneratorProfitDual,TotalCostDispatch,RTGeneratorProfitDual,gap,SSProfit
ObjectiveValue,42455.07744131507,228924.8855292783,42455.07744131507,399.227,42457.68039765342
