,GeneratorProfitDual,TotalCostDispatch,RTGeneratorProfitDual,gap,SSProfit
ObjectiveValue,-1935593114.6340706,367391.5120998328,-1935593114.6340706,0.0,9265395.815781265
