,GeneratorProfitDual,TotalCostDispatch,RTGeneratorProfitDual,gap,SSProfit
ObjectiveValue,65434.541802157604,258987.8449016224,65434.541802157604,311.21,65754.54135689221
