,GeneratorProfitDual,TotalCostDispatch,RTGeneratorProfitDual,gap,SSProfit
ObjectiveValue,58425.78688002699,266242.67362703837,58425.78688002699,3416.61,58427.464854202546
