,GeneratorProfitDual,TotalCostDispatch,RTGeneratorProfitDual,gap,SSProfit
ObjectiveValue,13426.550136690892,49465.00354728778,13426.550136690892,264.797,13426.550136688093
