,GeneratorProfitDual,TotalCostDispatch,RTGeneratorProfitDual,gap,SSProfit
ObjectiveValue,74608.37089038602,99321.02854787823,74608.37089038602,14369.8,74673.84652874808
