,GeneratorProfitDual,TotalCostDispatch,RTGeneratorProfitDual,gap,SSProfit
ObjectiveValue,74757.89366698964,99387.48396314503,74757.89366698964,3142.95,74882.9271946128
