,GeneratorProfitDual,TotalCostDispatch,RTGeneratorProfitDual,gap,SSProfit
ObjectiveValue,74056.28267830572,99337.40220664676,74056.28267830572,7041.86,74131.62969849723
