,GeneratorProfitDual,TotalCostDispatch,RTGeneratorProfitDual,gap,SSProfit
ObjectiveValue,73110.07861322832,101345.87911603028,73110.07861322832,22238.0,73110.07861322559
