,GeneratorProfitDual,TotalCostDispatch,RTGeneratorProfitDual,gap,SSProfit
ObjectiveValue,50948.370155874174,413246.9517628844,50948.370155874174,67.4513,51303.946037740505
