,GeneratorProfitDual,TotalCostDispatch,RTGeneratorProfitDual,gap,SSProfit
ObjectiveValue,-1877133274.7365437,223316.9658238632,-1877133274.7365437,0.0,10306131.587355537
