,GeneratorProfitDual,TotalCostDispatch,RTGeneratorProfitDual,gap,SSProfit
ObjectiveValue,58473.133098777835,246492.90487775955,58473.133098777835,0.0,58596.72993174428
