,GeneratorProfitDual,TotalCostDispatch,RTGeneratorProfitDual,gap,SSProfit
ObjectiveValue,-1885841976.9545162,231524.96399743305,-1885841976.9545162,0.0,10126320.190050289
