,GeneratorProfitDual,TotalCostDispatch,RTGeneratorProfitDual,gap,SSProfit
ObjectiveValue,20964.838781398754,68399.98746775433,20964.838781398754,18300.0,21842.481425790545
