,GeneratorProfitDual,TotalCostDispatch,RTGeneratorProfitDual,gap,SSProfit
ObjectiveValue,-2000487791.408704,365210.3171701136,-2000487791.408704,0.0,9890400.550096774
