,GeneratorProfitDual,TotalCostDispatch,RTGeneratorProfitDual,gap,SSProfit
ObjectiveValue,3409.8693840008827,172771.60190260553,3409.8693840008827,0.0,3409.8693839999974
