,GeneratorProfitDual,TotalCostDispatch,RTGeneratorProfitDual,gap,SSProfit
ObjectiveValue,58714.214234650026,263404.61327972414,58714.214234650026,543.346,58714.214234648825
