,GeneratorProfitDual,TotalCostDispatch,RTGeneratorProfitDual,gap,SSProfit
ObjectiveValue,58714.214234653555,263404.6132797206,58714.214234653555,576.343,58714.21423464881
