,GeneratorProfitDual,TotalCostDispatch,RTGeneratorProfitDual,gap,SSProfit
ObjectiveValue,2941.0121606080284,591389.841371781,2941.0121606080284,16.17,2941.062430224425
