,GeneratorProfitDual,TotalCostDispatch,RTGeneratorProfitDual,gap,SSProfit
ObjectiveValue,-1916906816.380306,61746.918550943876,-1916906816.380306,0.0,14443599.036734462
