,GeneratorProfitDual,TotalCostDispatch,RTGeneratorProfitDual,gap,SSProfit
ObjectiveValue,3328.794360358739,631404.3897027589,3328.794360358739,326.702,3328.794360359355
