,GeneratorProfitDual,TotalCostDispatch,RTGeneratorProfitDual,gap,SSProfit
ObjectiveValue,3261.3303660677448,79411.22850968814,3261.3303660677448,0.0,3261.3303660666757
