,GeneratorProfitDual,TotalCostDispatch,RTGeneratorProfitDual,gap,SSProfit
ObjectiveValue,-16350743698.817215,442781.3103903246,-16350743698.817215,0.0,-17065192.78814483
