,GeneratorProfitDual,TotalCostDispatch,RTGeneratorProfitDual,gap,SSProfit
ObjectiveValue,31864.17169592181,174856.08906530752,31864.17169592181,26.617,31867.670193921313
