,GeneratorProfitDual,TotalCostDispatch,RTGeneratorProfitDual,gap,SSProfit
ObjectiveValue,1136.655810094479,66948.89354983653,1136.655810094479,0.0,1136.6231279999988
