,GeneratorProfitDual,TotalCostDispatch,RTGeneratorProfitDual,gap,SSProfit
ObjectiveValue,6949.404304287338,83038.57476716963,6949.404304287338,55177.9,6949.4043042845005
