,GeneratorProfitDual,TotalCostDispatch,RTGeneratorProfitDual,gap,SSProfit
ObjectiveValue,65493.68689743857,276682.1649933733,65493.68689743857,654.933,65493.686897437845
