,GeneratorProfitDual,TotalCostDispatch,RTGeneratorProfitDual,gap,SSProfit
ObjectiveValue,49394.61798518038,276678.073145454,49394.61798518038,653.119,49404.99167427418
