,GeneratorProfitDual,TotalCostDispatch,RTGeneratorProfitDual,gap,SSProfit
ObjectiveValue,11292.579768630434,253915.0563567829,11292.579768630434,23.3723,11483.28830202617
