,GeneratorProfitDual,TotalCostDispatch,RTGeneratorProfitDual,gap,SSProfit
ObjectiveValue,63252.81893557179,122454.22374863774,63252.81893557179,856.944,63599.2599091773
