,GeneratorProfitDual,TotalCostDispatch,RTGeneratorProfitDual,gap,SSProfit
ObjectiveValue,84589.84568653429,123407.1328875754,84589.84568653429,1007.36,84589.84568653363
