,GeneratorProfitDual,TotalCostDispatch,RTGeneratorProfitDual,gap,SSProfit
ObjectiveValue,1558.2428893899487,30352.63996918509,1558.2428893899487,5218.14,6783.6682974097275
