,GeneratorProfitDual,TotalCostDispatch,RTGeneratorProfitDual,gap,SSProfit
ObjectiveValue,1784.360168879472,184694.24549202403,1784.360168879472,12.521,1863.2567314974626
