,GeneratorProfitDual,TotalCostDispatch,RTGeneratorProfitDual,gap,SSProfit
ObjectiveValue,2491.2483378061797,81308.11904120911,2491.2483378061797,0.0,2552.9559167997986
