,GeneratorProfitDual,TotalCostDispatch,RTGeneratorProfitDual,gap,SSProfit
ObjectiveValue,2670.174617868629,206655.97684746957,2670.174617868629,24.596,2835.333828518632
