,GeneratorProfitDual,TotalCostDispatch,RTGeneratorProfitDual,gap,SSProfit
ObjectiveValue,7747.557865120845,381204.7828897475,7747.557865120845,56.7341,7747.61750167738
