,GeneratorProfitDual,TotalCostDispatch,RTGeneratorProfitDual,gap,SSProfit
ObjectiveValue,91026.89251657954,126436.01253774164,91026.89251657954,52053.7,91026.89251657018
