,GeneratorProfitDual,TotalCostDispatch,RTGeneratorProfitDual,gap,SSProfit
ObjectiveValue,91026.89251657837,126436.01253774227,91026.89251657837,0.0,91026.89251657015
