,GeneratorProfitDual,TotalCostDispatch,RTGeneratorProfitDual,gap,SSProfit
ObjectiveValue,3247.885414381971,48856.13099994704,3247.885414381971,2.09048,3247.8854143877575
