,GeneratorProfitDual,TotalCostDispatch,RTGeneratorProfitDual,gap,SSProfit
ObjectiveValue,-16073247997.221199,37400.94191120982,-16073247997.221199,0.0,-62320870.96143491
