,GeneratorProfitDual,TotalCostDispatch,RTGeneratorProfitDual,gap,SSProfit
ObjectiveValue,7928.762634001494,189481.5431875234,7928.762634001494,0.0,7928.7626340000215
