,GeneratorProfitDual,TotalCostDispatch,RTGeneratorProfitDual,gap,SSProfit
ObjectiveValue,6711.926166103008,133592.45359328305,6711.926166103008,21160.5,7076.496500910411
