,GeneratorProfitDual,TotalCostDispatch,RTGeneratorProfitDual,gap,SSProfit
ObjectiveValue,-1918155799.004458,376379.7718672672,-1918155799.004458,0.0,9178166.274183525
