,GeneratorProfitDual,TotalCostDispatch,RTGeneratorProfitDual,gap,SSProfit
ObjectiveValue,-438.70973969940883,369462.2326910353,-438.70973969940883,0.0,3741.819647377185
