,GeneratorProfitDual,TotalCostDispatch,RTGeneratorProfitDual,gap,SSProfit
ObjectiveValue,31156.93998417813,198671.20878017697,31156.93998417813,1079.15,31246.86479047628
