,GeneratorProfitDual,TotalCostDispatch,RTGeneratorProfitDual,gap,SSProfit
ObjectiveValue,4034.4609751621874,323088.4597930915,4034.4609751621874,0.0,4022.3008950000267
