,GeneratorProfitDual,TotalCostDispatch,RTGeneratorProfitDual,gap,SSProfit
ObjectiveValue,-43155.35159340293,135346.27485595184,-43155.35159340293,32.5507,-37646.72285004425
