,GeneratorProfitDual,TotalCostDispatch,RTGeneratorProfitDual,gap,SSProfit
ObjectiveValue,3401.8270376212768,134570.6504835497,3401.8270376212768,23.9041,3482.6137045434753
