,GeneratorProfitDual,TotalCostDispatch,RTGeneratorProfitDual,gap,SSProfit
ObjectiveValue,2888.9252450314198,358463.73443157575,2888.9252450314198,27.2357,2888.9252450278
