,GeneratorProfitDual,TotalCostDispatch,RTGeneratorProfitDual,gap,SSProfit
ObjectiveValue,63244.79690372147,442781.3103903219,63244.79690372147,193.649,63244.89145750752
