,GeneratorProfitDual,TotalCostDispatch,RTGeneratorProfitDual,gap,SSProfit
ObjectiveValue,-1910959585.792835,188211.8800721292,-1910959585.792835,0.0,7565554.673880234
