,GeneratorProfitDual,TotalCostDispatch,RTGeneratorProfitDual,gap,SSProfit
ObjectiveValue,-33407.03452467498,315945.0973589764,-33407.03452467498,11694.1,4026.771198000002
