,GeneratorProfitDual,TotalCostDispatch,RTGeneratorProfitDual,gap,SSProfit
ObjectiveValue,82832.65895439206,204552.17629699432,82832.65895439206,21390.5,82832.65895438821
