,GeneratorProfitDual,TotalCostDispatch,RTGeneratorProfitDual,gap,SSProfit
ObjectiveValue,22224.44866765395,713264.5715596848,22224.44866765395,221.545,22424.48570515699
