,GeneratorProfitDual,TotalCostDispatch,RTGeneratorProfitDual,gap,SSProfit
ObjectiveValue,22112.51917390272,713260.883314888,22112.51917390272,203.846,22378.755374414024
