,GeneratorProfitDual,TotalCostDispatch,RTGeneratorProfitDual,gap,SSProfit
ObjectiveValue,112010.99733159479,247685.30478680463,112010.99733159479,1119.61,112010.99733159185
