,GeneratorProfitDual,TotalCostDispatch,RTGeneratorProfitDual,gap,SSProfit
ObjectiveValue,59687.53290511074,354390.75742261804,59687.53290511074,320.243,59902.79073915157
