,GeneratorProfitDual,TotalCostDispatch,RTGeneratorProfitDual,gap,SSProfit
ObjectiveValue,1868.3852935973475,11553.102415187472,1868.3852935973475,0.0,1868.3852935973496
