,GeneratorProfitDual,TotalCostDispatch,RTGeneratorProfitDual,gap,SSProfit
ObjectiveValue,1868.3852935975137,11553.102415187323,1868.3852935975137,15.7477,1868.3852935973496
