,GeneratorProfitDual,TotalCostDispatch,RTGeneratorProfitDual,gap,SSProfit
ObjectiveValue,1868.3852935983589,11553.102415186508,1868.3852935983589,0.0,1868.385293597361
