,GeneratorProfitDual,TotalCostDispatch,RTGeneratorProfitDual,gap,SSProfit
ObjectiveValue,3227.101407523393,73892.5702365349,3227.101407523393,0.0,3227.1014075224884
