,GeneratorProfitDual,TotalCostDispatch,RTGeneratorProfitDual,gap,SSProfit
ObjectiveValue,3404.6363239033435,214417.50455598906,3404.6363239033435,485.323,3735.4361587308154
