,GeneratorProfitDual,TotalCostDispatch,RTGeneratorProfitDual,gap,SSProfit
ObjectiveValue,111949.44405869948,221677.02570507585,111949.44405869948,5226.68,111957.21190779675
