,GeneratorProfitDual,TotalCostDispatch,RTGeneratorProfitDual,gap,SSProfit
ObjectiveValue,27196.261051578353,80154.38946717032,27196.261051578353,55292.5,27196.261051576475
