,GeneratorProfitDual,TotalCostDispatch,RTGeneratorProfitDual,gap,SSProfit
ObjectiveValue,27196.261051578414,80154.38946717032,27196.261051578414,55610.2,27196.261051576475
