,GeneratorProfitDual,TotalCostDispatch,RTGeneratorProfitDual,gap,SSProfit
ObjectiveValue,45869.0372718529,427188.1011385463,45869.0372718529,401.696,45869.03727185047
