,GeneratorProfitDual,TotalCostDispatch,RTGeneratorProfitDual,gap,SSProfit
ObjectiveValue,35427.10374427951,258348.68424038118,35427.10374427951,4020.79,35765.429206991226
