,GeneratorProfitDual,TotalCostDispatch,RTGeneratorProfitDual,gap,SSProfit
ObjectiveValue,11485.158991600003,50679.94084812281,11485.158991600003,222.088,11485.158991599901
