,GeneratorProfitDual,TotalCostDispatch,RTGeneratorProfitDual,gap,SSProfit
ObjectiveValue,11511.655268784762,50653.444570938,11511.655268784762,0.0,11511.65526878463
