,GeneratorProfitDual,TotalCostDispatch,RTGeneratorProfitDual,gap,SSProfit
ObjectiveValue,3089.2363829888245,82652.95695575648,3089.2363829888245,0.0,3089.2363829879514
