,GeneratorProfitDual,TotalCostDispatch,RTGeneratorProfitDual,gap,SSProfit
ObjectiveValue,-15393412224.755232,494793.90624942863,-15393412224.755232,0.0,-1173913.6381758016
