,GeneratorProfitDual,TotalCostDispatch,RTGeneratorProfitDual,gap,SSProfit
ObjectiveValue,52219.93741215768,272202.44929162244,52219.93741215768,284.482,52539.93696689231
