,GeneratorProfitDual,TotalCostDispatch,RTGeneratorProfitDual,gap,SSProfit
ObjectiveValue,51515.32526472832,272887.2267225487,51515.32526472832,735.811,52607.08862502559
