,GeneratorProfitDual,TotalCostDispatch,RTGeneratorProfitDual,gap,SSProfit
ObjectiveValue,1887.6294547833484,234111.8563956558,1887.6294547833484,0.0,2052.849304706916
