,GeneratorProfitDual,TotalCostDispatch,RTGeneratorProfitDual,gap,SSProfit
ObjectiveValue,87120.57282991748,247387.40219427555,87120.57282991748,684.556,87186.46256478225
