,GeneratorProfitDual,TotalCostDispatch,RTGeneratorProfitDual,gap,SSProfit
ObjectiveValue,87976.56150617341,247579.20636970463,87976.56150617341,878.596,87976.56150617111
