,GeneratorProfitDual,TotalCostDispatch,RTGeneratorProfitDual,gap,SSProfit
ObjectiveValue,-1954125580.8527436,36669.749131004544,-1954125580.8527436,0.0,11295513.810195262
