,GeneratorProfitDual,TotalCostDispatch,RTGeneratorProfitDual,gap,SSProfit
ObjectiveValue,108713.94486033454,180018.3901160422,108713.94486033454,23963.6,108713.94486033222
