,GeneratorProfitDual,TotalCostDispatch,RTGeneratorProfitDual,gap,SSProfit
ObjectiveValue,50436.534506696305,181523.1543548416,50436.534506696305,2750.99,50436.53450669438
