,GeneratorProfitDual,TotalCostDispatch,RTGeneratorProfitDual,gap,SSProfit
ObjectiveValue,-1928762507.387848,186369.44614282122,-1928762507.387848,0.0,7543338.673092565
