,GeneratorProfitDual,TotalCostDispatch,RTGeneratorProfitDual,gap,SSProfit
ObjectiveValue,3821.6409884806117,188439.03932439804,3821.6409884806117,3.94269,3821.640988479317
