,GeneratorProfitDual,TotalCostDispatch,RTGeneratorProfitDual,gap,SSProfit
ObjectiveValue,80081.50956239783,99434.21400949384,80081.50956239783,1216.76,84194.43696099943
