,GeneratorProfitDual,TotalCostDispatch,RTGeneratorProfitDual,gap,SSProfit
ObjectiveValue,112314.30026459428,106363.37277055446,112314.30026459428,14149.0,112314.30026457937
