,GeneratorProfitDual,TotalCostDispatch,RTGeneratorProfitDual,gap,SSProfit
ObjectiveValue,17591.40705792342,275638.9439411811,17591.40705792342,183.843,17914.408502471837
