,GeneratorProfitDual,TotalCostDispatch,RTGeneratorProfitDual,gap,SSProfit
ObjectiveValue,17623.315834265482,275607.0351648394,17623.315834265482,6927.39,17914.40850247175
