,GeneratorProfitDual,TotalCostDispatch,RTGeneratorProfitDual,gap,SSProfit
ObjectiveValue,1303.720813935364,382294.61936116166,1303.720813935364,12.4762,1287.3944899257972
