,GeneratorProfitDual,TotalCostDispatch,RTGeneratorProfitDual,gap,SSProfit
ObjectiveValue,59415.51825231226,302721.2851031913,59415.51825231226,1640.73,59415.518252310336
