,GeneratorProfitDual,TotalCostDispatch,RTGeneratorProfitDual,gap,SSProfit
ObjectiveValue,59457.11150631047,302679.69184919185,59457.11150631047,653.48,59457.111506310284
