,GeneratorProfitDual,TotalCostDispatch,RTGeneratorProfitDual,gap,SSProfit
ObjectiveValue,59436.31487931051,302700.48847619176,59436.31487931051,648.944,59436.31487931031
