,GeneratorProfitDual,TotalCostDispatch,RTGeneratorProfitDual,gap,SSProfit
ObjectiveValue,7802.40889766641,88921.4020531379,7802.40889766641,11.2463,7802.408897665814
