,GeneratorProfitDual,TotalCostDispatch,RTGeneratorProfitDual,gap,SSProfit
ObjectiveValue,37489.16643939918,330612.3328540433,37489.16643939918,374.535,37503.559389035
