,GeneratorProfitDual,TotalCostDispatch,RTGeneratorProfitDual,gap,SSProfit
ObjectiveValue,25362.3126370375,120382.04678286103,25362.3126370375,473.804,25362.312637036426
