,GeneratorProfitDual,TotalCostDispatch,RTGeneratorProfitDual,gap,SSProfit
ObjectiveValue,3861.561528888087,139958.8894103905,3861.561528888087,0.0,3861.5615288872773
