,GeneratorProfitDual,TotalCostDispatch,RTGeneratorProfitDual,gap,SSProfit
ObjectiveValue,25.300008807608037,435458.59748702135,25.300008807608037,0.0991924,25.300008803310106
