,GeneratorProfitDual,TotalCostDispatch,RTGeneratorProfitDual,gap,SSProfit
ObjectiveValue,1506.1817134956045,356664.43093632365,1506.1817134956045,0.0,1911.458224262369
