,GeneratorProfitDual,TotalCostDispatch,RTGeneratorProfitDual,gap,SSProfit
ObjectiveValue,62771.482534283656,234109.46465421224,62771.482534283656,841.712,62900.392332768686
