,GeneratorProfitDual,TotalCostDispatch,RTGeneratorProfitDual,gap,SSProfit
ObjectiveValue,3621.9854088331576,562340.770197772,3621.9854088331576,89401.3,3710.7737704875144
