,GeneratorProfitDual,TotalCostDispatch,RTGeneratorProfitDual,gap,SSProfit
ObjectiveValue,7821.072444619442,202963.69531460304,7821.072444619442,35.0862,7928.762634000002
