,GeneratorProfitDual,TotalCostDispatch,RTGeneratorProfitDual,gap,SSProfit
ObjectiveValue,287.8212967281946,286099.9156872635,287.8212967281946,0.0,582.320073096618
