,GeneratorProfitDual,TotalCostDispatch,RTGeneratorProfitDual,gap,SSProfit
ObjectiveValue,25475.067392274457,30219.718784516615,25475.067392274457,226.0,25475.067392274585
