,GeneratorProfitDual,TotalCostDispatch,RTGeneratorProfitDual,gap,SSProfit
ObjectiveValue,-1996825411.5413666,95437.13989649684,-1996825411.5413666,0.0,13526995.087584985
