,GeneratorProfitDual,TotalCostDispatch,RTGeneratorProfitDual,gap,SSProfit
ObjectiveValue,3698.9962591776125,179535.1167290027,3698.9962591776125,27.337,3799.3570551646144
