,GeneratorProfitDual,TotalCostDispatch,RTGeneratorProfitDual,gap,SSProfit
ObjectiveValue,8338.672779689114,142422.44509461705,8338.672779689114,21262.7,8393.094349624775
