,GeneratorProfitDual,TotalCostDispatch,RTGeneratorProfitDual,gap,SSProfit
ObjectiveValue,8305.549972233646,142455.56790207254,8305.549972233646,259.744,8356.950667819565
