,GeneratorProfitDual,TotalCostDispatch,RTGeneratorProfitDual,gap,SSProfit
ObjectiveValue,8172.738418683301,142588.37945562295,8172.738418683301,9631.45,8356.950667819696
