,GeneratorProfitDual,TotalCostDispatch,RTGeneratorProfitDual,gap,SSProfit
ObjectiveValue,6525.991597255113,228905.02212742943,6525.991597255113,0.0,6525.991597251847
