,GeneratorProfitDual,TotalCostDispatch,RTGeneratorProfitDual,gap,SSProfit
ObjectiveValue,54819.45176161948,327915.84285607905,54819.45176161948,562.13,55400.27600301769
