,GeneratorProfitDual,TotalCostDispatch,RTGeneratorProfitDual,gap,SSProfit
ObjectiveValue,54743.44964127665,327933.46374109056,54743.44964127665,1167.72,55363.97612481715
