,GeneratorProfitDual,TotalCostDispatch,RTGeneratorProfitDual,gap,SSProfit
ObjectiveValue,55573.08299585519,327916.1303982234,55573.08299585519,519.098,55678.40608325163
