,GeneratorProfitDual,TotalCostDispatch,RTGeneratorProfitDual,gap,SSProfit
ObjectiveValue,62675.36090352659,169391.7788771473,62675.36090352659,0.0,62950.79538988061
