,GeneratorProfitDual,TotalCostDispatch,RTGeneratorProfitDual,gap,SSProfit
ObjectiveValue,22011.745695442925,63042.287417662,22011.745695442925,280.315,22011.745695440597
