,GeneratorProfitDual,TotalCostDispatch,RTGeneratorProfitDual,gap,SSProfit
ObjectiveValue,12133.44886052063,150889.0977937286,12133.44886052063,13300.8,12511.797552219037
