,GeneratorProfitDual,TotalCostDispatch,RTGeneratorProfitDual,gap,SSProfit
ObjectiveValue,53910.42804994945,261389.8366253807,53910.42804994945,8240.0,54170.43048104406
