,GeneratorProfitDual,TotalCostDispatch,RTGeneratorProfitDual,gap,SSProfit
ObjectiveValue,54164.90101578697,261445.944963177,54164.90101578697,0.0,54244.544275599634
