,GeneratorProfitDual,TotalCostDispatch,RTGeneratorProfitDual,gap,SSProfit
ObjectiveValue,7941.68963126767,279243.97821327875,7941.68963126767,78.4812,8026.720578000014
