,GeneratorProfitDual,TotalCostDispatch,RTGeneratorProfitDual,gap,SSProfit
ObjectiveValue,54749.83291765361,263404.6132797206,54749.83291765361,0.0,54749.832917648826
