,GeneratorProfitDual,TotalCostDispatch,RTGeneratorProfitDual,gap,SSProfit
ObjectiveValue,54749.83291765151,263404.61327972077,54749.83291765151,3294.46,54749.832917648826
