,GeneratorProfitDual,TotalCostDispatch,RTGeneratorProfitDual,gap,SSProfit
ObjectiveValue,63320.0401881071,354383.7627179669,63320.0401881071,305.527,63618.37687844814
