,GeneratorProfitDual,TotalCostDispatch,RTGeneratorProfitDual,gap,SSProfit
ObjectiveValue,63308.98814271284,354431.064632936,63308.98814271284,224.081,63519.00490149434
