,GeneratorProfitDual,TotalCostDispatch,RTGeneratorProfitDual,gap,SSProfit
ObjectiveValue,63354.943586901914,354386.55540081725,63354.943586901914,369.215,63593.260499645316
