,GeneratorProfitDual,TotalCostDispatch,RTGeneratorProfitDual,gap,SSProfit
ObjectiveValue,-1951988033.5911388,111906.84753371331,-1951988033.5911388,0.0,6890497.81893583
