,GeneratorProfitDual,TotalCostDispatch,RTGeneratorProfitDual,gap,SSProfit
ObjectiveValue,8088.861504254679,312020.22344208776,8088.861504254679,0.0,8097.301987127339
