,GeneratorProfitDual,TotalCostDispatch,RTGeneratorProfitDual,gap,SSProfit
ObjectiveValue,24954.552037110163,604392.5647591603,24954.552037110163,0.0,24954.552037104193
