,GeneratorProfitDual,TotalCostDispatch,RTGeneratorProfitDual,gap,SSProfit
ObjectiveValue,14215.925589207645,538609.2222556835,14215.925589207645,15.6218,14234.613855210453
