,GeneratorProfitDual,TotalCostDispatch,RTGeneratorProfitDual,gap,SSProfit
ObjectiveValue,-1920419472.647864,179559.29684335014,-1920419472.647864,0.0,10462521.7106053
