,GeneratorProfitDual,TotalCostDispatch,RTGeneratorProfitDual,gap,SSProfit
ObjectiveValue,-1908433126.827241,74694.0047450532,-1908433126.827241,0.0,16926557.989577997
