,GeneratorProfitDual,TotalCostDispatch,RTGeneratorProfitDual,gap,SSProfit
ObjectiveValue,3871.7521149196464,284750.28620322136,3871.7521149196464,53.7624,3938.336942999995
