,GeneratorProfitDual,TotalCostDispatch,RTGeneratorProfitDual,gap,SSProfit
ObjectiveValue,54617.43389433906,107293.37770232913,54617.43389433906,11604.8,54617.433894338275
