,GeneratorProfitDual,TotalCostDispatch,RTGeneratorProfitDual,gap,SSProfit
ObjectiveValue,54573.19006253723,107293.23779599568,54573.19006253723,18789.1,54573.19006253641
