,GeneratorProfitDual,TotalCostDispatch,RTGeneratorProfitDual,gap,SSProfit
ObjectiveValue,54404.82565612463,107302.1568577594,54404.82565612463,5290.1,54426.547441483825
