,GeneratorProfitDual,TotalCostDispatch,RTGeneratorProfitDual,gap,SSProfit
ObjectiveValue,76581.26549100848,114963.06303446673,76581.26549100848,19116.8,76740.19986309591
