,GeneratorProfitDual,TotalCostDispatch,RTGeneratorProfitDual,gap,SSProfit
ObjectiveValue,33935.12494316853,334826.7759932037,33935.12494316853,343.569,33935.12494316725
