,GeneratorProfitDual,TotalCostDispatch,RTGeneratorProfitDual,gap,SSProfit
ObjectiveValue,25919.82093746331,303644.2010558578,25919.82093746331,230.174,26278.236392352585
