,GeneratorProfitDual,TotalCostDispatch,RTGeneratorProfitDual,gap,SSProfit
ObjectiveValue,25866.30944442656,303686.1051348474,25866.30944442656,320.854,25866.309443930346
