,GeneratorProfitDual,TotalCostDispatch,RTGeneratorProfitDual,gap,SSProfit
ObjectiveValue,21109.724551568048,104673.09867106243,21109.724551568048,208.099,21109.72455156716
