,GeneratorProfitDual,TotalCostDispatch,RTGeneratorProfitDual,gap,SSProfit
ObjectiveValue,21109.724551568685,104673.09867106244,21109.724551568685,0.0,21109.72455156716
