,GeneratorProfitDual,TotalCostDispatch,RTGeneratorProfitDual,gap,SSProfit
ObjectiveValue,75488.63958143136,244593.3653651127,75488.63958143136,852.275,75612.7887065547
