,GeneratorProfitDual,TotalCostDispatch,RTGeneratorProfitDual,gap,SSProfit
ObjectiveValue,102959.7113873838,244684.98068745236,102959.7113873838,685.333,102959.77102388485
