,GeneratorProfitDual,TotalCostDispatch,RTGeneratorProfitDual,gap,SSProfit
ObjectiveValue,104556.8632044196,188832.76049920538,104556.8632044196,0.0,104556.8632044076
