,GeneratorProfitDual,TotalCostDispatch,RTGeneratorProfitDual,gap,SSProfit
ObjectiveValue,3079.762356459868,27223.91378929321,3079.762356459868,19.7108,3079.7623564596893
