,GeneratorProfitDual,TotalCostDispatch,RTGeneratorProfitDual,gap,SSProfit
ObjectiveValue,87433.63663046596,133851.0575471276,87433.63663046596,0.0,87433.63663046519
