,GeneratorProfitDual,TotalCostDispatch,RTGeneratorProfitDual,gap,SSProfit
ObjectiveValue,87248.89912463517,133851.05754712765,87248.89912463517,2453.7,87248.89912463442
