,GeneratorProfitDual,TotalCostDispatch,RTGeneratorProfitDual,gap,SSProfit
ObjectiveValue,12752.905682864588,128976.4692512668,12752.905682864588,14388.1,12850.228962237403
