,GeneratorProfitDual,TotalCostDispatch,RTGeneratorProfitDual,gap,SSProfit
ObjectiveValue,19294.498039747432,112517.89284878045,19294.498039747432,0.0,19294.498039745005
