,GeneratorProfitDual,TotalCostDispatch,RTGeneratorProfitDual,gap,SSProfit
ObjectiveValue,11.262488237507796,512672.10354090686,11.262488237507796,0.0,11.262488233622662
