,GeneratorProfitDual,TotalCostDispatch,RTGeneratorProfitDual,gap,SSProfit
ObjectiveValue,-424.3467007857497,249482.56838793322,-424.3467007857497,0.0,-14.779421160531001
