,GeneratorProfitDual,TotalCostDispatch,RTGeneratorProfitDual,gap,SSProfit
ObjectiveValue,3278.516568381101,42125.65744580614,3278.516568381101,188.1,3278.5165683807204
