,GeneratorProfitDual,TotalCostDispatch,RTGeneratorProfitDual,gap,SSProfit
ObjectiveValue,3278.5165683811097,42125.657445806144,3278.5165683811097,2.43479,3278.5165683807204
