,GeneratorProfitDual,TotalCostDispatch,RTGeneratorProfitDual,gap,SSProfit
ObjectiveValue,3642.149246213972,586367.1787303872,3642.149246213972,0.0,3703.4671522626445
