,GeneratorProfitDual,TotalCostDispatch,RTGeneratorProfitDual,gap,SSProfit
ObjectiveValue,6301.291452134559,25082.330227402254,6301.291452134559,50.9722,6301.291452134121
