,GeneratorProfitDual,TotalCostDispatch,RTGeneratorProfitDual,gap,SSProfit
ObjectiveValue,3837.7122002334904,270438.5487153282,3837.7122002334904,37.968,4005.0027660097894
