,GeneratorProfitDual,TotalCostDispatch,RTGeneratorProfitDual,gap,SSProfit
ObjectiveValue,3193.4919177568263,35080.943482432485,3193.4919177568263,30.5111,3193.4919177563847
