,GeneratorProfitDual,TotalCostDispatch,RTGeneratorProfitDual,gap,SSProfit
ObjectiveValue,7928.725353570127,154957.89677405288,7928.725353570127,0.0,7928.7253535683985
