,GeneratorProfitDual,TotalCostDispatch,RTGeneratorProfitDual,gap,SSProfit
ObjectiveValue,3746.550386169207,465773.4034720871,3746.550386169207,37.3248,3806.1776263531824
