,GeneratorProfitDual,TotalCostDispatch,RTGeneratorProfitDual,gap,SSProfit
ObjectiveValue,833.6112594836338,613265.8429432668,833.6112594836338,0.0,833.6112594796332
