,GeneratorProfitDual,TotalCostDispatch,RTGeneratorProfitDual,gap,SSProfit
ObjectiveValue,32817.56202742047,226562.67457416508,32817.56202742047,648.347,33072.52803051303
