,GeneratorProfitDual,TotalCostDispatch,RTGeneratorProfitDual,gap,SSProfit
ObjectiveValue,2512.3010065592844,29152.39368005807,2512.3010065592844,0.0,2729.48242031278
