,GeneratorProfitDual,TotalCostDispatch,RTGeneratorProfitDual,gap,SSProfit
ObjectiveValue,-1917887498.2270112,263456.9417788119,-1917887498.2270112,0.0,10160966.050208557
