,GeneratorProfitDual,TotalCostDispatch,RTGeneratorProfitDual,gap,SSProfit
ObjectiveValue,16002.855283291183,279303.25108515035,16002.855283291183,329.122,41366.501171774085
