,GeneratorProfitDual,TotalCostDispatch,RTGeneratorProfitDual,gap,SSProfit
ObjectiveValue,-1917613872.4917397,263460.6468857986,-1917613872.4917397,0.0,10414168.399760537
