,GeneratorProfitDual,TotalCostDispatch,RTGeneratorProfitDual,gap,SSProfit
ObjectiveValue,73219.3771437953,263456.94177881064,73219.3771437953,6073.8,73219.37714379336
