,GeneratorProfitDual,TotalCostDispatch,RTGeneratorProfitDual,gap,SSProfit
ObjectiveValue,-1921289352.2385662,263460.6468857986,-1921289352.2385662,0.0,10203046.48411058
