,GeneratorProfitDual,TotalCostDispatch,RTGeneratorProfitDual,gap,SSProfit
ObjectiveValue,7600.327434939029,159143.63077238385,7600.327434939029,3218.27,7600.3274349371
