,GeneratorProfitDual,TotalCostDispatch,RTGeneratorProfitDual,gap,SSProfit
ObjectiveValue,7591.988650871724,159119.1586110891,7591.988650871724,47.1961,7591.988650870553
