,GeneratorProfitDual,TotalCostDispatch,RTGeneratorProfitDual,gap,SSProfit
ObjectiveValue,7591.988650872127,159119.1586110891,7591.988650872127,112.104,7591.988650870537
