,GeneratorProfitDual,TotalCostDispatch,RTGeneratorProfitDual,gap,SSProfit
ObjectiveValue,51291.81428666596,344874.1724953972,51291.81428666596,323.386,51275.48796266391
