,GeneratorProfitDual,TotalCostDispatch,RTGeneratorProfitDual,gap,SSProfit
ObjectiveValue,-1940517190.3573265,140010.3587288503,-1940517190.3573265,0.0,3389380.406027889
