,GeneratorProfitDual,TotalCostDispatch,RTGeneratorProfitDual,gap,SSProfit
ObjectiveValue,41298.03923040777,79263.9295403901,41298.03923040777,13955.0,41298.03923040689
