,GeneratorProfitDual,TotalCostDispatch,RTGeneratorProfitDual,gap,SSProfit
ObjectiveValue,3595.453352847267,234018.58729955103,3595.453352847267,0.337461,3684.2383181274363
