,GeneratorProfitDual,TotalCostDispatch,RTGeneratorProfitDual,gap,SSProfit
ObjectiveValue,26506.806502236446,81464.00159375965,26506.806502236446,29489.2,26506.80650223211
