,GeneratorProfitDual,TotalCostDispatch,RTGeneratorProfitDual,gap,SSProfit
ObjectiveValue,2722.1928776944433,63585.30656874122,2722.1928776944433,22.7009,2722.192877693809
