,GeneratorProfitDual,TotalCostDispatch,RTGeneratorProfitDual,gap,SSProfit
ObjectiveValue,64485.089284010064,232992.7710924227,64485.089284010064,13041.3,64499.25443752422
