,GeneratorProfitDual,TotalCostDispatch,RTGeneratorProfitDual,gap,SSProfit
ObjectiveValue,51280.17553162525,212588.61705690206,51280.17553162525,806.76,51749.08054231878
