,GeneratorProfitDual,TotalCostDispatch,RTGeneratorProfitDual,gap,SSProfit
ObjectiveValue,82158.89367100822,229722.72662507856,82158.89367100822,821.492,96053.44368198529
