,GeneratorProfitDual,TotalCostDispatch,RTGeneratorProfitDual,gap,SSProfit
ObjectiveValue,72127.6215349808,221306.87345812056,72127.6215349808,8154.42,83409.12831792948
