,GeneratorProfitDual,TotalCostDispatch,RTGeneratorProfitDual,gap,SSProfit
ObjectiveValue,6806.660207267751,386445.47122959135,6806.660207267751,18.0138,6919.6834103932
