,GeneratorProfitDual,TotalCostDispatch,RTGeneratorProfitDual,gap,SSProfit
ObjectiveValue,8337.561550720822,761877.3739009768,8337.561550720822,79.3505,8354.646813528934
