,GeneratorProfitDual,TotalCostDispatch,RTGeneratorProfitDual,gap,SSProfit
ObjectiveValue,8220.338637433004,761898.9692962728,8220.338637433004,54.8062,8348.734967385433
