,GeneratorProfitDual,TotalCostDispatch,RTGeneratorProfitDual,gap,SSProfit
ObjectiveValue,-1945221522.5865223,59640.56638314031,-1945221522.5865223,0.0,10282467.614729937
