,GeneratorProfitDual,TotalCostDispatch,RTGeneratorProfitDual,gap,SSProfit
ObjectiveValue,-1719260226.303592,59640.56638314029,-1719260226.303592,0.0,15292176.825040577
