,GeneratorProfitDual,TotalCostDispatch,RTGeneratorProfitDual,gap,SSProfit
ObjectiveValue,17.181512405423746,514183.8208930758,17.181512405423746,0.0,17.18151239999429
