,GeneratorProfitDual,TotalCostDispatch,RTGeneratorProfitDual,gap,SSProfit
ObjectiveValue,6439.483634153034,363870.732883436,6439.483634153034,225.512,6448.657097061731
