,GeneratorProfitDual,TotalCostDispatch,RTGeneratorProfitDual,gap,SSProfit
ObjectiveValue,3307.409082263458,105623.97659417748,3307.409082263458,1.06822,3307.4090822627186
