,GeneratorProfitDual,TotalCostDispatch,RTGeneratorProfitDual,gap,SSProfit
ObjectiveValue,8049.222072257429,293391.03417614574,8049.222072257429,0.274082,8049.222072255716
