,GeneratorProfitDual,TotalCostDispatch,RTGeneratorProfitDual,gap,SSProfit
ObjectiveValue,3356.5955669456207,210923.92967700626,3356.5955669456207,32.5167,3356.5955669425193
