,GeneratorProfitDual,TotalCostDispatch,RTGeneratorProfitDual,gap,SSProfit
ObjectiveValue,63426.69179964027,276939.4740342377,63426.69179964027,0.0,63426.69179963463
