,GeneratorProfitDual,TotalCostDispatch,RTGeneratorProfitDual,gap,SSProfit
ObjectiveValue,43943.58971933811,221382.65618265307,43943.58971933811,401.17,50969.62160597829
