,GeneratorProfitDual,TotalCostDispatch,RTGeneratorProfitDual,gap,SSProfit
ObjectiveValue,14948.222869703217,13537.669681949072,14948.222869703217,3482.24,14948.222869701076
