,GeneratorProfitDual,TotalCostDispatch,RTGeneratorProfitDual,gap,SSProfit
ObjectiveValue,8057.052392171017,423442.5299669222,8057.052392171017,0.0,8057.052392167591
