,GeneratorProfitDual,TotalCostDispatch,RTGeneratorProfitDual,gap,SSProfit
ObjectiveValue,15347.440523721169,217946.18600394687,15347.440523721169,2650.29,15347.440523715492
