,GeneratorProfitDual,TotalCostDispatch,RTGeneratorProfitDual,gap,SSProfit
ObjectiveValue,15347.440523716594,217946.1860039513,15347.440523716594,227.887,15347.440523715393
