,GeneratorProfitDual,TotalCostDispatch,RTGeneratorProfitDual,gap,SSProfit
ObjectiveValue,15347.440523716725,217946.18600395115,15347.440523716725,173.88,15347.440523715404
