,GeneratorProfitDual,TotalCostDispatch,RTGeneratorProfitDual,gap,SSProfit
ObjectiveValue,17945.601196469772,126284.7395029896,17945.601196469772,0.0,17945.601196469237
