,GeneratorProfitDual,TotalCostDispatch,RTGeneratorProfitDual,gap,SSProfit
ObjectiveValue,17945.60119647002,126284.7395029896,17945.60119647002,1327.83,17945.601196469295
