,GeneratorProfitDual,TotalCostDispatch,RTGeneratorProfitDual,gap,SSProfit
ObjectiveValue,2517.4094422214876,450744.3443190091,2517.4094422214876,0.0,2517.4690787777254
