,GeneratorProfitDual,TotalCostDispatch,RTGeneratorProfitDual,gap,SSProfit
ObjectiveValue,-15559561197.162905,243924.6083734766,-15559561197.162905,0.0,-18183707.914548732
