,GeneratorProfitDual,TotalCostDispatch,RTGeneratorProfitDual,gap,SSProfit
ObjectiveValue,6770.368381753791,47877.553058031095,6770.368381753791,33.674,6831.000233627065
