,GeneratorProfitDual,TotalCostDispatch,RTGeneratorProfitDual,gap,SSProfit
ObjectiveValue,23707.01446028919,56779.61303644916,23707.01446028919,0.0,23900.813151602903
