,GeneratorProfitDual,TotalCostDispatch,RTGeneratorProfitDual,gap,SSProfit
ObjectiveValue,29792.78867955272,56104.88186533955,29792.78867955272,5706.89,29872.34805713538
