,GeneratorProfitDual,TotalCostDispatch,RTGeneratorProfitDual,gap,SSProfit
ObjectiveValue,3893.850690735845,338686.357182894,3893.850690735845,0.0,3951.6530364891955
