,GeneratorProfitDual,TotalCostDispatch,RTGeneratorProfitDual,gap,SSProfit
ObjectiveValue,5619.9756227216085,20253.572636098834,5619.9756227216085,-3.63798e-12,5619.975622720532
