,GeneratorProfitDual,TotalCostDispatch,RTGeneratorProfitDual,gap,SSProfit
ObjectiveValue,5619.97562272153,20253.572636098954,5619.97562272153,0.0,5619.975622720533
