,GeneratorProfitDual,TotalCostDispatch,RTGeneratorProfitDual,gap,SSProfit
ObjectiveValue,45286.220193527945,178658.47742614878,45286.220193527945,0.0,45555.734855142226
