,GeneratorProfitDual,TotalCostDispatch,RTGeneratorProfitDual,gap,SSProfit
ObjectiveValue,-1700650808.3958066,251059.08226762383,-1700650808.3958066,0.0,5365781.385608602
