,GeneratorProfitDual,TotalCostDispatch,RTGeneratorProfitDual,gap,SSProfit
ObjectiveValue,2698.6262609694545,44362.80980823717,2698.6262609694545,0.0,2698.6262609689497
