,GeneratorProfitDual,TotalCostDispatch,RTGeneratorProfitDual,gap,SSProfit
ObjectiveValue,3800.1600657234108,274082.29937332135,3800.1600657234108,5.11391,4022.300894999993
