,GeneratorProfitDual,TotalCostDispatch,RTGeneratorProfitDual,gap,SSProfit
ObjectiveValue,3059.166690348536,70105.39860072875,3059.166690348536,,3276.4061585637965
