,GeneratorProfitDual,TotalCostDispatch,RTGeneratorProfitDual,gap,SSProfit
ObjectiveValue,-16506483741.609068,375349.3729772997,-16506483741.609068,0.0,-28119536.613318898
