,GeneratorProfitDual,TotalCostDispatch,RTGeneratorProfitDual,gap,SSProfit
ObjectiveValue,-15716736117.708447,258210.2034862802,-15716736117.708447,0.0,-16304120.410787277
