,GeneratorProfitDual,TotalCostDispatch,RTGeneratorProfitDual,gap,SSProfit
ObjectiveValue,109218.98403266285,512672.1035409068,109218.98403266285,538.475,109218.98403265739
