,GeneratorProfitDual,TotalCostDispatch,RTGeneratorProfitDual,gap,SSProfit
ObjectiveValue,109218.9840326627,512672.10354090686,109218.9840326627,723.297,109218.98403265742
