,GeneratorProfitDual,TotalCostDispatch,RTGeneratorProfitDual,gap,SSProfit
ObjectiveValue,62874.26432315325,316972.2502795004,62874.26432315325,361.276,59238.86332116625
