,GeneratorProfitDual,TotalCostDispatch,RTGeneratorProfitDual,gap,SSProfit
ObjectiveValue,2936.392186160898,35595.78863972596,2936.392186160898,10.4126,2936.3921861600124
