,GeneratorProfitDual,TotalCostDispatch,RTGeneratorProfitDual,gap,SSProfit
ObjectiveValue,1055.8323055004014,51025.76755824745,1055.8323055004014,0.348966,1055.8323055000003
