,GeneratorProfitDual,TotalCostDispatch,RTGeneratorProfitDual,gap,SSProfit
ObjectiveValue,7901.536447880057,444977.7197793438,7901.536447880057,48.8833,8053.542395999982
