,GeneratorProfitDual,TotalCostDispatch,RTGeneratorProfitDual,gap,SSProfit
ObjectiveValue,43942.21110235804,84682.35829585865,43942.21110235804,537.804,43994.83706416126
