,GeneratorProfitDual,TotalCostDispatch,RTGeneratorProfitDual,gap,SSProfit
ObjectiveValue,34411.537452213495,589823.9922927995,34411.537452213495,351.822,34854.882768718715
