,GeneratorProfitDual,TotalCostDispatch,RTGeneratorProfitDual,gap,SSProfit
ObjectiveValue,34850.25504595918,589923.3036846849,34850.25504595918,383.909,35109.70439003918
