,GeneratorProfitDual,TotalCostDispatch,RTGeneratorProfitDual,gap,SSProfit
ObjectiveValue,30229.57303846748,24969.022418223696,30229.57303846748,0.0,53431.9300762732
