,GeneratorProfitDual,TotalCostDispatch,RTGeneratorProfitDual,gap,SSProfit
ObjectiveValue,88932.01779339694,30631.942824061203,88932.01779339694,879.945,88932.01779339624
