,GeneratorProfitDual,TotalCostDispatch,RTGeneratorProfitDual,gap,SSProfit
ObjectiveValue,45078.4755112172,120338.1519008006,45078.4755112172,1561.64,45078.47551121672
