,GeneratorProfitDual,TotalCostDispatch,RTGeneratorProfitDual,gap,SSProfit
ObjectiveValue,44658.07073272807,120331.93891324083,44658.07073272807,3011.52,44658.070732727356
