,GeneratorProfitDual,TotalCostDispatch,RTGeneratorProfitDual,gap,SSProfit
ObjectiveValue,56502.52075133606,127338.42850338524,56502.52075133606,0.0,56502.520751334196
