,GeneratorProfitDual,TotalCostDispatch,RTGeneratorProfitDual,gap,SSProfit
ObjectiveValue,56502.52075133449,127338.4285033866,56502.52075133449,564.755,56502.520751333985
