,GeneratorProfitDual,TotalCostDispatch,RTGeneratorProfitDual,gap,SSProfit
ObjectiveValue,-19423233872.162468,499443.58154545946,-19423233872.162468,0.0,-33051883.031356312
