,GeneratorProfitDual,TotalCostDispatch,RTGeneratorProfitDual,gap,SSProfit
ObjectiveValue,70077.79542023431,495015.3554036884,70077.79542023431,1787.28,70116.33311458929
