,GeneratorProfitDual,TotalCostDispatch,RTGeneratorProfitDual,gap,SSProfit
ObjectiveValue,70078.69336805378,495014.4574558683,70078.69336805378,676.892,70116.33311458943
