,GeneratorProfitDual,TotalCostDispatch,RTGeneratorProfitDual,gap,SSProfit
ObjectiveValue,-1982873614.8156817,36669.749131004544,-1982873614.8156817,0.0,11507055.161556557
