,GeneratorProfitDual,TotalCostDispatch,RTGeneratorProfitDual,gap,SSProfit
ObjectiveValue,89031.03559236732,126784.06277260567,89031.03559236732,335.624,94780.47375304718
