,GeneratorProfitDual,TotalCostDispatch,RTGeneratorProfitDual,gap,SSProfit
ObjectiveValue,58887.052413517675,126364.67602530617,58887.052413517675,782.376,59464.096383477896
