,GeneratorProfitDual,TotalCostDispatch,RTGeneratorProfitDual,gap,SSProfit
ObjectiveValue,-17959002848.005795,302341.08615835704,-17959002848.005795,0.0,-3307201.6843050565
