,GeneratorProfitDual,TotalCostDispatch,RTGeneratorProfitDual,gap,SSProfit
ObjectiveValue,1534.5151940435298,38274.43540018906,1534.5151940435298,21044.9,1534.515194043083
