,GeneratorProfitDual,TotalCostDispatch,RTGeneratorProfitDual,gap,SSProfit
ObjectiveValue,1489.16189492617,502901.8096152379,1489.16189492617,16727.3,1515.3926336143932
