,GeneratorProfitDual,TotalCostDispatch,RTGeneratorProfitDual,gap,SSProfit
ObjectiveValue,7359.232815254764,79252.53120385324,7359.232815254764,111579.0,7359.232815252034
