,GeneratorProfitDual,TotalCostDispatch,RTGeneratorProfitDual,gap,SSProfit
ObjectiveValue,45117.26230896772,61997.52115243021,45117.26230896772,876.703,45117.2623089672
