,GeneratorProfitDual,TotalCostDispatch,RTGeneratorProfitDual,gap,SSProfit
ObjectiveValue,12187.48494542638,59321.95996836125,12187.48494542638,544.05,12303.237179328264
