,GeneratorProfitDual,TotalCostDispatch,RTGeneratorProfitDual,gap,SSProfit
ObjectiveValue,24549.499057279296,110396.4399102105,24549.499057279296,76216.0,16103.739663767685
