,GeneratorProfitDual,TotalCostDispatch,RTGeneratorProfitDual,gap,SSProfit
ObjectiveValue,93.6405646921819,546468.1605829244,93.6405646921819,0.698741,93.64056468890522
