,GeneratorProfitDual,TotalCostDispatch,RTGeneratorProfitDual,gap,SSProfit
ObjectiveValue,28922.543646104205,25003.404039413363,28922.543646104205,656.062,29071.660627523917
