,GeneratorProfitDual,TotalCostDispatch,RTGeneratorProfitDual,gap,SSProfit
ObjectiveValue,-16981999435.69225,258316.84193774578,-16981999435.69225,0.0,-25808599.61420903
