,GeneratorProfitDual,TotalCostDispatch,RTGeneratorProfitDual,gap,SSProfit
ObjectiveValue,30290.826119355283,580329.1063000332,30290.826119355283,175.706,30376.717242219493
