,GeneratorProfitDual,TotalCostDispatch,RTGeneratorProfitDual,gap,SSProfit
ObjectiveValue,30819.928660155696,98770.30498464494,30819.928660155696,350.795,30819.928660153077
