,GeneratorProfitDual,TotalCostDispatch,RTGeneratorProfitDual,gap,SSProfit
ObjectiveValue,46592.90862873687,107293.2377959933,46592.90862873687,18005.7,46592.90862873434
