,GeneratorProfitDual,TotalCostDispatch,RTGeneratorProfitDual,gap,SSProfit
ObjectiveValue,-16509280927.987474,133212.3267446402,-16509280927.987474,0.0,-40652722.62955724
