,GeneratorProfitDual,TotalCostDispatch,RTGeneratorProfitDual,gap,SSProfit
ObjectiveValue,42895.38140554922,87391.88693595688,42895.38140554922,20671.1,42895.38140554803
