,GeneratorProfitDual,TotalCostDispatch,RTGeneratorProfitDual,gap,SSProfit
ObjectiveValue,71911.82060467592,131149.8203391675,71911.82060467592,1081.06,71911.82060467484
