,GeneratorProfitDual,TotalCostDispatch,RTGeneratorProfitDual,gap,SSProfit
ObjectiveValue,-1933804591.9921374,226076.72593222692,-1933804591.9921374,0.0,13050962.612383485
