,GeneratorProfitDual,TotalCostDispatch,RTGeneratorProfitDual,gap,SSProfit
ObjectiveValue,-1931115605.7962637,226076.72593222692,-1931115605.7962637,0.0,12611690.16486507
