,GeneratorProfitDual,TotalCostDispatch,RTGeneratorProfitDual,gap,SSProfit
ObjectiveValue,8053.5423960016005,364976.01478619676,8053.5423960016005,0.0,8053.542395999989
