,GeneratorProfitDual,TotalCostDispatch,RTGeneratorProfitDual,gap,SSProfit
ObjectiveValue,533.267310724139,396807.998762897,533.267310724139,5.15142,516.940986722098
