,GeneratorProfitDual,TotalCostDispatch,RTGeneratorProfitDual,gap,SSProfit
ObjectiveValue,15705.198564458395,72920.73825640985,15705.198564458395,321.948,15758.37539503971
