,GeneratorProfitDual,TotalCostDispatch,RTGeneratorProfitDual,gap,SSProfit
ObjectiveValue,15308.803941869483,73094.50996281202,15308.803941869483,28738.5,15656.73288730091
