,GeneratorProfitDual,TotalCostDispatch,RTGeneratorProfitDual,gap,SSProfit
ObjectiveValue,31176.017739797022,127023.15489319044,31176.017739797022,0.0,31176.017739794705
