,GeneratorProfitDual,TotalCostDispatch,RTGeneratorProfitDual,gap,SSProfit
ObjectiveValue,1201.417076469394,562385.3033853392,1201.417076469394,11.6649,1554.2100746250028
