,GeneratorProfitDual,TotalCostDispatch,RTGeneratorProfitDual,gap,SSProfit
ObjectiveValue,-1907886185.921972,76014.62713687643,-1907886185.921972,0.0,16820802.92791501
