,GeneratorProfitDual,TotalCostDispatch,RTGeneratorProfitDual,gap,SSProfit
ObjectiveValue,66106.65482531069,207744.61800193455,66106.65482531069,498.373,66106.65482531032
