,GeneratorProfitDual,TotalCostDispatch,RTGeneratorProfitDual,gap,SSProfit
ObjectiveValue,62517.8705356007,263555.81634290604,62517.8705356007,825.383,62538.83179938335
