,GeneratorProfitDual,TotalCostDispatch,RTGeneratorProfitDual,gap,SSProfit
ObjectiveValue,65642.04122132133,171027.22200759297,65642.04122132133,683.138,65642.04122132028
