,GeneratorProfitDual,TotalCostDispatch,RTGeneratorProfitDual,gap,SSProfit
ObjectiveValue,-1967808955.970851,29819.070140452255,-1967808955.970851,0.0,11312229.693462366
