,GeneratorProfitDual,TotalCostDispatch,RTGeneratorProfitDual,gap,SSProfit
ObjectiveValue,-1917329036.5478604,29819.070140452255,-1917329036.5478604,0.0,12230800.670705806
