,GeneratorProfitDual,TotalCostDispatch,RTGeneratorProfitDual,gap,SSProfit
ObjectiveValue,67680.49507068533,153787.88154956308,67680.49507068533,7866.89,67680.49507067927
