,GeneratorProfitDual,TotalCostDispatch,RTGeneratorProfitDual,gap,SSProfit
ObjectiveValue,-16373518713.747921,307463.85726744606,-16373518713.747921,0.0,-9146217.060197629
