,GeneratorProfitDual,TotalCostDispatch,RTGeneratorProfitDual,gap,SSProfit
ObjectiveValue,10721.432032074466,72607.86971190729,10721.432032074466,551.266,10721.432032073662
