,GeneratorProfitDual,TotalCostDispatch,RTGeneratorProfitDual,gap,SSProfit
ObjectiveValue,10721.432032074687,72607.86971190714,10721.432032074687,166.702,10721.432032073602
