,GeneratorProfitDual,TotalCostDispatch,RTGeneratorProfitDual,gap,SSProfit
ObjectiveValue,-1810128734.211996,102102.38386077581,-1810128734.211996,0.0,1711859.30897234
