,GeneratorProfitDual,TotalCostDispatch,RTGeneratorProfitDual,gap,SSProfit
ObjectiveValue,34507.33726011177,175497.55006358228,34507.33726011177,342.979,34491.415163266895
