,GeneratorProfitDual,TotalCostDispatch,RTGeneratorProfitDual,gap,SSProfit
ObjectiveValue,34488.608774455264,175493.42702629295,34488.608774455264,356.697,34495.48606504862
