,GeneratorProfitDual,TotalCostDispatch,RTGeneratorProfitDual,gap,SSProfit
ObjectiveValue,-1979104091.4084969,133248.1882209581,-1979104091.4084969,0.0,12074122.040352978
