,GeneratorProfitDual,TotalCostDispatch,RTGeneratorProfitDual,gap,SSProfit
ObjectiveValue,4898.313667373323,13683.16024946973,4898.313667373323,0.0,4898.3136673727795
