,GeneratorProfitDual,TotalCostDispatch,RTGeneratorProfitDual,gap,SSProfit
ObjectiveValue,5517.944238656987,46220.305564633585,5517.944238656987,0.0,5517.944238656387
