,GeneratorProfitDual,TotalCostDispatch,RTGeneratorProfitDual,gap,SSProfit
ObjectiveValue,22226.41752161298,28327.81977488197,22226.41752161298,301.113,22226.41752161266
