,GeneratorProfitDual,TotalCostDispatch,RTGeneratorProfitDual,gap,SSProfit
ObjectiveValue,17921.85523293666,43609.7450529019,17921.85523293666,5405.08,17921.855232934122
