,GeneratorProfitDual,TotalCostDispatch,RTGeneratorProfitDual,gap,SSProfit
ObjectiveValue,17921.855232936603,43609.74505290194,17921.855232936603,10868.8,17921.85523293423
