,GeneratorProfitDual,TotalCostDispatch,RTGeneratorProfitDual,gap,SSProfit
ObjectiveValue,-1731620321.6054273,38274.43540018939,-1731620321.6054273,0.0,23302415.38961609
