,GeneratorProfitDual,TotalCostDispatch,RTGeneratorProfitDual,gap,SSProfit
ObjectiveValue,61717.84001337683,188439.03932439798,61717.84001337683,0.0,61717.84001337585
