,GeneratorProfitDual,TotalCostDispatch,RTGeneratorProfitDual,gap,SSProfit
ObjectiveValue,38923.268651625796,48879.186842891424,38923.268651625796,968.364,39633.18349272198
