,GeneratorProfitDual,TotalCostDispatch,RTGeneratorProfitDual,gap,SSProfit
ObjectiveValue,88517.81696570375,52692.22942578255,88517.81696570375,22982.5,88517.81696570315
