,GeneratorProfitDual,TotalCostDispatch,RTGeneratorProfitDual,gap,SSProfit
ObjectiveValue,-18804956602.407444,109341.90531895662,-18804956602.407444,0.0,-70737993.49326628
