,GeneratorProfitDual,TotalCostDispatch,RTGeneratorProfitDual,gap,SSProfit
ObjectiveValue,-1931817862.9527104,16691.113820829913,-1931817862.9527104,0.0,20501627.705733694
