,GeneratorProfitDual,TotalCostDispatch,RTGeneratorProfitDual,gap,SSProfit
ObjectiveValue,259.6570134624849,454040.55403092416,259.6570134624849,0.0,268.58918514329685
