,GeneratorProfitDual,TotalCostDispatch,RTGeneratorProfitDual,gap,SSProfit
ObjectiveValue,82072.92433316764,55229.40658530989,82072.92433316764,13480.4,96155.89190398427
