,GeneratorProfitDual,TotalCostDispatch,RTGeneratorProfitDual,gap,SSProfit
ObjectiveValue,50436.53450669704,177558.77303784166,50436.53450669704,552.888,50436.53450669429
