,GeneratorProfitDual,TotalCostDispatch,RTGeneratorProfitDual,gap,SSProfit
ObjectiveValue,-1912222851.483029,186369.44614282122,-1912222851.483029,0.0,7550302.384205949
