,GeneratorProfitDual,TotalCostDispatch,RTGeneratorProfitDual,gap,SSProfit
ObjectiveValue,35527.59228949094,93434.3505161307,35527.59228949094,0.0,35527.59228948551
