,GeneratorProfitDual,TotalCostDispatch,RTGeneratorProfitDual,gap,SSProfit
ObjectiveValue,-1920783811.3214004,16691.11382082991,-1920783811.3214004,0.0,18106416.9184758
