,GeneratorProfitDual,TotalCostDispatch,RTGeneratorProfitDual,gap,SSProfit
ObjectiveValue,7656.891990415251,219256.65066910864,7656.891990415251,34.9593,7928.762633999984
