,GeneratorProfitDual,TotalCostDispatch,RTGeneratorProfitDual,gap,SSProfit
ObjectiveValue,7587.610103633641,76307.97973630799,7587.610103633641,286.193,7587.61010363246
