,GeneratorProfitDual,TotalCostDispatch,RTGeneratorProfitDual,gap,SSProfit
ObjectiveValue,3052.8277951433756,46813.76849777792,3052.8277951433756,2933.84,3052.827795142292
