,GeneratorProfitDual,TotalCostDispatch,RTGeneratorProfitDual,gap,SSProfit
ObjectiveValue,3048.295089952727,46794.26698091198,3048.295089952727,95.6042,3048.2950899521484
