,GeneratorProfitDual,TotalCostDispatch,RTGeneratorProfitDual,gap,SSProfit
ObjectiveValue,3052.827795143492,46813.76849777783,3052.827795143492,127.826,3052.8277951422874
