,GeneratorProfitDual,TotalCostDispatch,RTGeneratorProfitDual,gap,SSProfit
ObjectiveValue,74010.07639179617,242289.89103372328,74010.07639179617,841.887,74010.07639179492
