,GeneratorProfitDual,TotalCostDispatch,RTGeneratorProfitDual,gap,SSProfit
ObjectiveValue,67949.74750529618,242307.33298984152,67949.74750529618,503.15,68041.97179998366
