,GeneratorProfitDual,TotalCostDispatch,RTGeneratorProfitDual,gap,SSProfit
ObjectiveValue,36145.319846656654,140010.35872884747,36145.319846656654,235.71,36145.319846654325
