,GeneratorProfitDual,TotalCostDispatch,RTGeneratorProfitDual,gap,SSProfit
ObjectiveValue,44584.42107017692,75854.0601563901,44584.42107017692,11077.8,44584.421070176104
