,GeneratorProfitDual,TotalCostDispatch,RTGeneratorProfitDual,gap,SSProfit
ObjectiveValue,9801.812065333641,99117.0040480528,9801.812065333641,3165.62,9830.588453358965
