,GeneratorProfitDual,TotalCostDispatch,RTGeneratorProfitDual,gap,SSProfit
ObjectiveValue,9792.789542683491,99143.29240351869,9792.789542683491,44146.8,9792.78954268197
