,GeneratorProfitDual,TotalCostDispatch,RTGeneratorProfitDual,gap,SSProfit
ObjectiveValue,-1932176538.569412,61050.65214818723,-1932176538.569412,0.0,7983033.949058245
