,GeneratorProfitDual,TotalCostDispatch,RTGeneratorProfitDual,gap,SSProfit
ObjectiveValue,11636.714996816547,59640.566383139754,11636.714996816547,22762.6,13423.19523858946
