,GeneratorProfitDual,TotalCostDispatch,RTGeneratorProfitDual,gap,SSProfit
ObjectiveValue,12937.917114652313,64512.19891626924,12937.917114652313,178.403,14071.353179363145
