,GeneratorProfitDual,TotalCostDispatch,RTGeneratorProfitDual,gap,SSProfit
ObjectiveValue,-1928309587.6785529,63657.30841357026,-1928309587.6785529,0.0,8344529.276464852
