,GeneratorProfitDual,TotalCostDispatch,RTGeneratorProfitDual,gap,SSProfit
ObjectiveValue,-1697547844.463265,61046.791013534064,-1697547844.463265,0.0,14848592.875685547
