,GeneratorProfitDual,TotalCostDispatch,RTGeneratorProfitDual,gap,SSProfit
ObjectiveValue,23366.930705659008,74048.42705754626,23366.930705659008,25702.0,24611.837536755316
