,GeneratorProfitDual,TotalCostDispatch,RTGeneratorProfitDual,gap,SSProfit
ObjectiveValue,21956.23362776256,21763.01573153961,21956.23362776256,308.608,21956.23362776207
