,GeneratorProfitDual,TotalCostDispatch,RTGeneratorProfitDual,gap,SSProfit
ObjectiveValue,7928.762634000809,125380.48978859055,7928.762634000809,0.0,7928.762634000016
