,GeneratorProfitDual,TotalCostDispatch,RTGeneratorProfitDual,gap,SSProfit
ObjectiveValue,51959.56965228101,274044.5456230403,51959.56965228101,330.829,51989.29521828405
