,GeneratorProfitDual,TotalCostDispatch,RTGeneratorProfitDual,gap,SSProfit
ObjectiveValue,1868.3852935974824,1029.1671831266176,1868.3852935974824,,1868.3852935973498
