,GeneratorProfitDual,TotalCostDispatch,RTGeneratorProfitDual,gap,SSProfit
ObjectiveValue,1868.3852935974824,1029.1671831266178,1868.3852935974824,0.0,1868.3852935973496
