,GeneratorProfitDual,TotalCostDispatch,RTGeneratorProfitDual,gap,SSProfit
ObjectiveValue,1868.3852935975121,1029.1671831266183,1868.3852935975121,0.0,1868.3852935973496
