,GeneratorProfitDual,TotalCostDispatch,RTGeneratorProfitDual,gap,SSProfit
ObjectiveValue,321.51685613870063,459466.58037876594,321.51685613870063,0.0,337.53674421737696
