,GeneratorProfitDual,TotalCostDispatch,RTGeneratorProfitDual,gap,SSProfit
ObjectiveValue,6496.59427574224,64150.35282488823,6496.59427574224,0.103996,6840.671615253568
