,GeneratorProfitDual,TotalCostDispatch,RTGeneratorProfitDual,gap,SSProfit
ObjectiveValue,90249.3939780171,161342.78913480422,90249.3939780171,884.034,90249.3939780165
