,GeneratorProfitDual,TotalCostDispatch,RTGeneratorProfitDual,gap,SSProfit
ObjectiveValue,66477.76757959797,161341.2497956841,66477.76757959797,466.341,66477.76757959684
