,GeneratorProfitDual,TotalCostDispatch,RTGeneratorProfitDual,gap,SSProfit
ObjectiveValue,90295.87407525853,161370.7528726306,90295.87407525853,110.239,90305.59120242148
