,GeneratorProfitDual,TotalCostDispatch,RTGeneratorProfitDual,gap,SSProfit
ObjectiveValue,66608.06803821669,161370.7511527949,66608.06803821669,0.0,66612.69211017576
