,GeneratorProfitDual,TotalCostDispatch,RTGeneratorProfitDual,gap,SSProfit
ObjectiveValue,89902.68742588602,161560.00916839504,89902.68742588602,896.583,89935.63161539206
