,GeneratorProfitDual,TotalCostDispatch,RTGeneratorProfitDual,gap,SSProfit
ObjectiveValue,99016.12435526293,74231.70092986272,99016.12435526293,2124.65,99282.30300083554
