,GeneratorProfitDual,TotalCostDispatch,RTGeneratorProfitDual,gap,SSProfit
ObjectiveValue,72642.51835720021,335047.44551736035,72642.51835720021,786.962,72629.03208477594
