,GeneratorProfitDual,TotalCostDispatch,RTGeneratorProfitDual,gap,SSProfit
ObjectiveValue,63032.201814508924,72684.72623126803,63032.201814508924,0.0,65223.26476111191
