,GeneratorProfitDual,TotalCostDispatch,RTGeneratorProfitDual,gap,SSProfit
ObjectiveValue,46472.153189694865,177558.77303784367,46472.153189694865,462.96,46472.153189694225
