,GeneratorProfitDual,TotalCostDispatch,RTGeneratorProfitDual,gap,SSProfit
ObjectiveValue,32823.95828872964,136132.2249527953,32823.95828872964,2625.64,32823.95828872603
