,GeneratorProfitDual,TotalCostDispatch,RTGeneratorProfitDual,gap,SSProfit
ObjectiveValue,32823.958288727066,136132.22495279793,32823.958288727066,887.96,32823.95828872602
