,GeneratorProfitDual,TotalCostDispatch,RTGeneratorProfitDual,gap,SSProfit
ObjectiveValue,7359.857487889624,113674.02095113452,7359.857487889624,51.6177,7359.857487888292
