,GeneratorProfitDual,TotalCostDispatch,RTGeneratorProfitDual,gap,SSProfit
ObjectiveValue,18397.414294606027,37709.453733827926,18397.414294606027,4458.64,18397.41429460452
