,GeneratorProfitDual,TotalCostDispatch,RTGeneratorProfitDual,gap,SSProfit
ObjectiveValue,2210.2371994825226,452028.7935750148,2210.2371994825226,17.5991,2424.393633957631
