,GeneratorProfitDual,TotalCostDispatch,RTGeneratorProfitDual,gap,SSProfit
ObjectiveValue,1085.0842936089293,492.1186766183204,1085.0842936089293,0.0,1085.0842936088552
