,GeneratorProfitDual,TotalCostDispatch,RTGeneratorProfitDual,gap,SSProfit
ObjectiveValue,2238.220276516577,468143.1284965271,2238.220276516577,3.29091,2271.099918113793
