,GeneratorProfitDual,TotalCostDispatch,RTGeneratorProfitDual,gap,SSProfit
ObjectiveValue,1765.4229004436884,356888.7754656903,1765.4229004436884,19.086,2282.5373263849465
