,GeneratorProfitDual,TotalCostDispatch,RTGeneratorProfitDual,gap,SSProfit
ObjectiveValue,22586.510049014974,655445.5651629786,22586.510049014974,119.053,22586.51004901145
