,GeneratorProfitDual,TotalCostDispatch,RTGeneratorProfitDual,gap,SSProfit
ObjectiveValue,22565.95246107111,655433.4047965929,22565.95246107111,0.0,22565.952461067343
