,GeneratorProfitDual,TotalCostDispatch,RTGeneratorProfitDual,gap,SSProfit
ObjectiveValue,18664.54757352717,66620.67268600914,18664.54757352717,57332.4,18664.54757352624
