,GeneratorProfitDual,TotalCostDispatch,RTGeneratorProfitDual,gap,SSProfit
ObjectiveValue,18664.547573529708,66620.67268600632,18664.547573529708,1621.31,18664.547573526208
