,GeneratorProfitDual,TotalCostDispatch,RTGeneratorProfitDual,gap,SSProfit
ObjectiveValue,1950.3742468408363,41616.68863158717,1950.3742468408363,0.0,1950.374246840536
