,GeneratorProfitDual,TotalCostDispatch,RTGeneratorProfitDual,gap,SSProfit
ObjectiveValue,1950.3742468408996,41616.688631587094,1950.3742468408996,14849.9,1950.3742468405478
