,GeneratorProfitDual,TotalCostDispatch,RTGeneratorProfitDual,gap,SSProfit
ObjectiveValue,27772.833512493027,137134.69897329234,27772.833512493027,139.328,27823.51108640805
