,GeneratorProfitDual,TotalCostDispatch,RTGeneratorProfitDual,gap,SSProfit
ObjectiveValue,-1962311695.0885026,31881.94342663797,-1962311695.0885026,0.0,24579352.676374823
