,GeneratorProfitDual,TotalCostDispatch,RTGeneratorProfitDual,gap,SSProfit
ObjectiveValue,21542.363728097764,112763.60002939416,21542.363728097764,13833.3,21680.004160939185
