,GeneratorProfitDual,TotalCostDispatch,RTGeneratorProfitDual,gap,SSProfit
ObjectiveValue,21548.957574480926,112757.00618301093,21548.957574480926,0.0,21680.004160939185
