,GeneratorProfitDual,TotalCostDispatch,RTGeneratorProfitDual,gap,SSProfit
ObjectiveValue,-1898013303.3974762,268624.53074945684,-1898013303.3974762,0.0,8824088.325057216
