,GeneratorProfitDual,TotalCostDispatch,RTGeneratorProfitDual,gap,SSProfit
ObjectiveValue,-1719582773.1894858,211532.18728633426,-1719582773.1894858,0.0,10705048.910305265
