,GeneratorProfitDual,TotalCostDispatch,RTGeneratorProfitDual,gap,SSProfit
ObjectiveValue,2914.3551799693937,23863.97347340103,2914.3551799693937,129.205,2914.3551799691654
