,GeneratorProfitDual,TotalCostDispatch,RTGeneratorProfitDual,gap,SSProfit
ObjectiveValue,2914.3551799694205,23863.973473401024,2914.3551799694205,48708.4,2914.355179969165
