,GeneratorProfitDual,TotalCostDispatch,RTGeneratorProfitDual,gap,SSProfit
ObjectiveValue,2914.3551799708184,23863.973473399696,2914.3551799708184,125.273,2914.3551799691813
