,GeneratorProfitDual,TotalCostDispatch,RTGeneratorProfitDual,gap,SSProfit
ObjectiveValue,1311.140954609998,49042.93075644896,1311.140954609998,0.0,1311.14095460722
