,GeneratorProfitDual,TotalCostDispatch,RTGeneratorProfitDual,gap,SSProfit
ObjectiveValue,54774.13610863475,364976.0147861938,54774.13610863475,277.424,54753.339481630406
