,GeneratorProfitDual,TotalCostDispatch,RTGeneratorProfitDual,gap,SSProfit
ObjectiveValue,91402.66429302619,286106.29886463843,91402.66429302619,17080.4,91511.4562096281
