,GeneratorProfitDual,TotalCostDispatch,RTGeneratorProfitDual,gap,SSProfit
ObjectiveValue,3942.584577159339,263140.3158789044,3942.584577159339,0.0,4022.300895000016
