,GeneratorProfitDual,TotalCostDispatch,RTGeneratorProfitDual,gap,SSProfit
ObjectiveValue,51064.79021718269,201766.55160295614,51064.79021718269,6953.09,51282.07404921028
