,GeneratorProfitDual,TotalCostDispatch,RTGeneratorProfitDual,gap,SSProfit
ObjectiveValue,19483.32321923651,312335.5527822373,19483.32321923651,194.444,19469.79535121338
