,GeneratorProfitDual,TotalCostDispatch,RTGeneratorProfitDual,gap,SSProfit
ObjectiveValue,43132.57082634533,151110.79258082493,43132.57082634533,0.0,43419.44190497216
