,GeneratorProfitDual,TotalCostDispatch,RTGeneratorProfitDual,gap,SSProfit
ObjectiveValue,-14867126857.609425,322182.89144446154,-14867126857.609425,0.0,-26495143.310974665
