,GeneratorProfitDual,TotalCostDispatch,RTGeneratorProfitDual,gap,SSProfit
ObjectiveValue,-16501314051.50528,105149.19190906853,-16501314051.50528,0.0,-29126233.556783367
