,GeneratorProfitDual,TotalCostDispatch,RTGeneratorProfitDual,gap,SSProfit
ObjectiveValue,15351.534719475561,501432.67949461273,15351.534719475561,4.92699,15398.901082647157
