,GeneratorProfitDual,TotalCostDispatch,RTGeneratorProfitDual,gap,SSProfit
ObjectiveValue,15332.65427997529,501451.55993411236,15332.65427997529,49.5196,15332.654279972265
