,GeneratorProfitDual,TotalCostDispatch,RTGeneratorProfitDual,gap,SSProfit
ObjectiveValue,10664.294744718893,200931.83285533974,10664.294744718893,30902.0,10664.294744716914
