,GeneratorProfitDual,TotalCostDispatch,RTGeneratorProfitDual,gap,SSProfit
ObjectiveValue,10664.294744718676,200931.8328553398,10664.294744718676,7344.87,10664.294744716952
