,GeneratorProfitDual,TotalCostDispatch,RTGeneratorProfitDual,gap,SSProfit
ObjectiveValue,74206.29026308084,113515.80389481694,74206.29026308084,934.583,74325.65337312403
