,GeneratorProfitDual,TotalCostDispatch,RTGeneratorProfitDual,gap,SSProfit
ObjectiveValue,8028.146638521551,136730.04011373405,8028.146638521551,218.07,8132.32880641043
