,GeneratorProfitDual,TotalCostDispatch,RTGeneratorProfitDual,gap,SSProfit
ObjectiveValue,60797.31872250015,562347.3483942824,60797.31872250015,1330.21,60840.62637914449
