,GeneratorProfitDual,TotalCostDispatch,RTGeneratorProfitDual,gap,SSProfit
ObjectiveValue,3587.61320589376,211882.0894663735,3587.61320589376,3052.83,3965.4423111204646
