,GeneratorProfitDual,TotalCostDispatch,RTGeneratorProfitDual,gap,SSProfit
ObjectiveValue,3966.2303424830843,224691.64256182054,3966.2303424830843,0.0865334,3980.707641000002
