,GeneratorProfitDual,TotalCostDispatch,RTGeneratorProfitDual,gap,SSProfit
ObjectiveValue,2217.0419223900167,30635.18052460172,2217.0419223900167,17.5719,2217.0419223879726
