,GeneratorProfitDual,TotalCostDispatch,RTGeneratorProfitDual,gap,SSProfit
ObjectiveValue,2217.0419224010075,30635.180524590636,2217.0419224010075,0.0,2217.0419224003826
