,GeneratorProfitDual,TotalCostDispatch,RTGeneratorProfitDual,gap,SSProfit
ObjectiveValue,2217.04192238859,30635.18052460306,2217.04192238859,0.0,2217.0419223879544
