,GeneratorProfitDual,TotalCostDispatch,RTGeneratorProfitDual,gap,SSProfit
ObjectiveValue,4345.500603366609,133346.80610575853,4345.500603366609,42.585,4397.993046576413
