,GeneratorProfitDual,TotalCostDispatch,RTGeneratorProfitDual,gap,SSProfit
ObjectiveValue,72030.04826732914,67415.90371305106,72030.04826732914,16171.6,72030.0482673233
