,GeneratorProfitDual,TotalCostDispatch,RTGeneratorProfitDual,gap,SSProfit
ObjectiveValue,72030.0482673302,67415.90371305052,72030.0482673302,8622.32,72030.0482673233
