,GeneratorProfitDual,TotalCostDispatch,RTGeneratorProfitDual,gap,SSProfit
ObjectiveValue,365.02921230848347,499510.2583554789,365.02921230848347,3.19793,365.02921230294857
