,GeneratorProfitDual,TotalCostDispatch,RTGeneratorProfitDual,gap,SSProfit
ObjectiveValue,38899.954551818504,209710.47289842909,38899.954551818504,178.881,39104.318734026245
