,GeneratorProfitDual,TotalCostDispatch,RTGeneratorProfitDual,gap,SSProfit
ObjectiveValue,46898.02496346974,211842.27343329613,46898.02496346974,195.981,51380.00630595981
