,GeneratorProfitDual,TotalCostDispatch,RTGeneratorProfitDual,gap,SSProfit
ObjectiveValue,41174.551686177096,75854.06015638965,41174.551686177096,44525.5,41174.55168617613
