,GeneratorProfitDual,TotalCostDispatch,RTGeneratorProfitDual,gap,SSProfit
ObjectiveValue,41174.55168617944,75854.06015638761,41174.55168617944,0.0,41174.55168617609
