,GeneratorProfitDual,TotalCostDispatch,RTGeneratorProfitDual,gap,SSProfit
ObjectiveValue,-1956711195.826977,29819.070140452255,-1956711195.826977,0.0,11107650.285053743
