,GeneratorProfitDual,TotalCostDispatch,RTGeneratorProfitDual,gap,SSProfit
ObjectiveValue,2513.597889114445,16964.2910262429,2513.597889114445,14.5216,2513.597889112968
