,GeneratorProfitDual,TotalCostDispatch,RTGeneratorProfitDual,gap,SSProfit
ObjectiveValue,2513.5978891132763,16964.29102624392,2513.5978891132763,0.0,2513.597889113016
