,GeneratorProfitDual,TotalCostDispatch,RTGeneratorProfitDual,gap,SSProfit
ObjectiveValue,54021.25824070328,81643.87269049896,54021.25824070328,746.205,54717.58593501046
