,GeneratorProfitDual,TotalCostDispatch,RTGeneratorProfitDual,gap,SSProfit
ObjectiveValue,1042.8536632957503,335990.4153362355,1042.8536632957503,0.0750569,1042.8536632898313
