,GeneratorProfitDual,TotalCostDispatch,RTGeneratorProfitDual,gap,SSProfit
ObjectiveValue,-17004032247.536127,21978.825812615287,-17004032247.536127,0.0,-65042982.72422535
