,GeneratorProfitDual,TotalCostDispatch,RTGeneratorProfitDual,gap,SSProfit
ObjectiveValue,715.1091645832291,551078.7794717757,715.1091645832291,0.0,917.024252499999
