,GeneratorProfitDual,TotalCostDispatch,RTGeneratorProfitDual,gap,SSProfit
ObjectiveValue,16888.819873468252,74776.18956889042,16888.819873468252,378.837,16845.538044114204
