,GeneratorProfitDual,TotalCostDispatch,RTGeneratorProfitDual,gap,SSProfit
ObjectiveValue,-45428.8478908562,76966.03117480536,-45428.8478908562,316.179,-27567.933703500734
