,GeneratorProfitDual,TotalCostDispatch,RTGeneratorProfitDual,gap,SSProfit
ObjectiveValue,-1747400886.5232384,226479.3287110887,-1747400886.5232384,0.0,10754001.585930686
