,GeneratorProfitDual,TotalCostDispatch,RTGeneratorProfitDual,gap,SSProfit
ObjectiveValue,7720.69828313953,330631.39352342306,7720.69828313953,18.5527,8025.484004688801
