,GeneratorProfitDual,TotalCostDispatch,RTGeneratorProfitDual,gap,SSProfit
ObjectiveValue,348.42723036205405,11866.234491818826,348.42723036205405,0.0,348.42723036194786
