,GeneratorProfitDual,TotalCostDispatch,RTGeneratorProfitDual,gap,SSProfit
ObjectiveValue,63649.15225584567,73731.0424845273,63649.15225584567,996.26,64353.45957577845
