,GeneratorProfitDual,TotalCostDispatch,RTGeneratorProfitDual,gap,SSProfit
ObjectiveValue,64310.26935346653,73745.9505386192,64310.26935346653,641.805,64310.26935346602
