,GeneratorProfitDual,TotalCostDispatch,RTGeneratorProfitDual,gap,SSProfit
ObjectiveValue,99746.05573721585,74007.50419879981,99746.05573721585,990.531,99746.05573721552
