,GeneratorProfitDual,TotalCostDispatch,RTGeneratorProfitDual,gap,SSProfit
ObjectiveValue,99707.36819989666,74622.80737414391,99707.36819989666,650.967,99707.36819989613
