,GeneratorProfitDual,TotalCostDispatch,RTGeneratorProfitDual,gap,SSProfit
ObjectiveValue,27094.99451856066,125278.17438588127,27094.99451856066,1247.14,28026.137004800123
