,GeneratorProfitDual,TotalCostDispatch,RTGeneratorProfitDual,gap,SSProfit
ObjectiveValue,1316.7654247728874,39160.637504103746,1316.7654247728874,11.4996,1316.7654247712014
