,GeneratorProfitDual,TotalCostDispatch,RTGeneratorProfitDual,gap,SSProfit
ObjectiveValue,5852.302245752428,77910.54063783326,5852.302245752428,4.01495,5852.302245751422
