,GeneratorProfitDual,TotalCostDispatch,RTGeneratorProfitDual,gap,SSProfit
ObjectiveValue,7928.762634003232,200528.67003418336,7928.762634003232,0.0,7928.762634000043
