,GeneratorProfitDual,TotalCostDispatch,RTGeneratorProfitDual,gap,SSProfit
ObjectiveValue,-1921046198.9885528,177204.51278562986,-1921046198.9885528,0.0,4739622.117738756
