,GeneratorProfitDual,TotalCostDispatch,RTGeneratorProfitDual,gap,SSProfit
ObjectiveValue,43036.752683513725,121012.36522493375,43036.752683513725,10541.5,43036.75268351288
