,GeneratorProfitDual,TotalCostDispatch,RTGeneratorProfitDual,gap,SSProfit
ObjectiveValue,43195.07677661415,121025.84754244937,43195.07677661415,11553.5,43232.23212128727
