,GeneratorProfitDual,TotalCostDispatch,RTGeneratorProfitDual,gap,SSProfit
ObjectiveValue,-17237369870.23407,121012.36522493481,-17237369870.23407,0.0,-75814915.88615046
