,GeneratorProfitDual,TotalCostDispatch,RTGeneratorProfitDual,gap,SSProfit
ObjectiveValue,1805.3621825976675,41616.68863158716,1805.3621825976675,56.6916,1805.3621825973328
