,GeneratorProfitDual,TotalCostDispatch,RTGeneratorProfitDual,gap,SSProfit
ObjectiveValue,-1710553809.3742702,279444.96885823645,-1710553809.3742702,0.0,3859801.158060246
