,GeneratorProfitDual,TotalCostDispatch,RTGeneratorProfitDual,gap,SSProfit
ObjectiveValue,79899.72132424891,117352.62354836197,79899.72132424891,703.41,81764.66038273445
