,GeneratorProfitDual,TotalCostDispatch,RTGeneratorProfitDual,gap,SSProfit
ObjectiveValue,44085.0603271352,282065.0846718657,44085.0603271352,582.43,44085.00069057425
