,GeneratorProfitDual,TotalCostDispatch,RTGeneratorProfitDual,gap,SSProfit
ObjectiveValue,55302.9475218735,282050.43665719987,55302.9475218735,678.347,55303.00715837434
