,GeneratorProfitDual,TotalCostDispatch,RTGeneratorProfitDual,gap,SSProfit
ObjectiveValue,4909.386706179656,594079.3280969862,4909.386706179656,300.198,5387.709034991746
