,GeneratorProfitDual,TotalCostDispatch,RTGeneratorProfitDual,gap,SSProfit
ObjectiveValue,5086.333671644143,594055.9193817484,5086.333671644143,19.2046,5385.173087219916
