,GeneratorProfitDual,TotalCostDispatch,RTGeneratorProfitDual,gap,SSProfit
ObjectiveValue,3351.3977155611783,58492.4301113277,3351.3977155611783,6.47425,3351.397715559074
