,GeneratorProfitDual,TotalCostDispatch,RTGeneratorProfitDual,gap,SSProfit
ObjectiveValue,76583.7429117103,271314.265666917,76583.7429117103,53.1845,76583.7429117095
