,GeneratorProfitDual,TotalCostDispatch,RTGeneratorProfitDual,gap,SSProfit
ObjectiveValue,4668.697840553928,710997.0447159149,4668.697840553928,0.0,4953.990184253911
