,GeneratorProfitDual,TotalCostDispatch,RTGeneratorProfitDual,gap,SSProfit
ObjectiveValue,4555.986020713759,710949.1752714526,4555.986020713759,0.310935,4951.60077077793
