,GeneratorProfitDual,TotalCostDispatch,RTGeneratorProfitDual,gap,SSProfit
ObjectiveValue,9950.717274672288,48685.15354383359,9950.717274672288,118976.0,9950.717274671004
