,GeneratorProfitDual,TotalCostDispatch,RTGeneratorProfitDual,gap,SSProfit
ObjectiveValue,39048.31596285459,71018.21883482295,39048.31596285459,659.807,39575.60840366225
