,GeneratorProfitDual,TotalCostDispatch,RTGeneratorProfitDual,gap,SSProfit
ObjectiveValue,-1939604403.695715,125252.23310274893,-1939604403.695715,0.0,6498209.783569938
