,GeneratorProfitDual,TotalCostDispatch,RTGeneratorProfitDual,gap,SSProfit
ObjectiveValue,8829.9149915117,23668.323492452284,8829.9149915117,7705.8,8829.914991510032
