,GeneratorProfitDual,TotalCostDispatch,RTGeneratorProfitDual,gap,SSProfit
ObjectiveValue,51435.33952605991,250459.83673954802,51435.33952605991,4943.11,51468.88979322278
