,GeneratorProfitDual,TotalCostDispatch,RTGeneratorProfitDual,gap,SSProfit
ObjectiveValue,51405.39359606136,250477.73597564196,51405.39359606136,3507.06,51556.26063440485
