,GeneratorProfitDual,TotalCostDispatch,RTGeneratorProfitDual,gap,SSProfit
ObjectiveValue,4364.388602699314,127025.10256427487,4364.388602699314,1.08924,4364.388602698417
