,GeneratorProfitDual,TotalCostDispatch,RTGeneratorProfitDual,gap,SSProfit
ObjectiveValue,4026.7711980003032,270422.8167569998,4026.7711980003032,0.0,4026.7711979999913
