,GeneratorProfitDual,TotalCostDispatch,RTGeneratorProfitDual,gap,SSProfit
ObjectiveValue,44220.448507402296,113584.77980530325,44220.448507402296,532.602,44386.16290793622
