,GeneratorProfitDual,TotalCostDispatch,RTGeneratorProfitDual,gap,SSProfit
ObjectiveValue,3966.75784366109,171663.45985037694,3966.75784366109,0.0,3963.0207899999987
