,GeneratorProfitDual,TotalCostDispatch,RTGeneratorProfitDual,gap,SSProfit
ObjectiveValue,64812.677613013475,189887.32369039374,64812.677613013475,3048.91,69731.58822294553
