,GeneratorProfitDual,TotalCostDispatch,RTGeneratorProfitDual,gap,SSProfit
ObjectiveValue,30808.23743200169,187114.9210008554,30808.23743200169,3099.39,31751.995007599988
