,GeneratorProfitDual,TotalCostDispatch,RTGeneratorProfitDual,gap,SSProfit
ObjectiveValue,-1973503482.7988086,31283.34203787342,-1973503482.7988086,0.0,7743052.667001542
