,GeneratorProfitDual,TotalCostDispatch,RTGeneratorProfitDual,gap,SSProfit
ObjectiveValue,56921.32731362587,376757.22334856045,56921.32731362587,222.918,57044.3462750005
