,GeneratorProfitDual,TotalCostDispatch,RTGeneratorProfitDual,gap,SSProfit
ObjectiveValue,-19503613134.38977,376757.2233485626,-19503613134.38977,0.0,-15459842.826845339
