,GeneratorProfitDual,TotalCostDispatch,RTGeneratorProfitDual,gap,SSProfit
ObjectiveValue,-1928141540.7076442,99610.70600445839,-1928141540.7076442,0.0,11996754.514352182
