,GeneratorProfitDual,TotalCostDispatch,RTGeneratorProfitDual,gap,SSProfit
ObjectiveValue,-40859.455497720955,118443.84428407533,-40859.455497720955,87853.2,11185.06842849206
