,GeneratorProfitDual,TotalCostDispatch,RTGeneratorProfitDual,gap,SSProfit
ObjectiveValue,68472.60189274809,98215.25936500648,68472.60189274809,2005.5,68533.0404455431
