,GeneratorProfitDual,TotalCostDispatch,RTGeneratorProfitDual,gap,SSProfit
ObjectiveValue,-1924259619.3452945,99610.7060044584,-1924259619.3452945,0.0,12628148.137612274
