,GeneratorProfitDual,TotalCostDispatch,RTGeneratorProfitDual,gap,SSProfit
ObjectiveValue,-1925605011.5420892,98169.35475381615,-1925605011.5420892,0.0,14117180.973404922
