,GeneratorProfitDual,TotalCostDispatch,RTGeneratorProfitDual,gap,SSProfit
ObjectiveValue,36877.80018081768,314844.9317237824,36877.80018081768,10476.2,36944.180825731826
