,GeneratorProfitDual,TotalCostDispatch,RTGeneratorProfitDual,gap,SSProfit
ObjectiveValue,-1936364145.9740953,146446.29461032912,-1936364145.9740953,0.0,3389380.406027889
