,GeneratorProfitDual,TotalCostDispatch,RTGeneratorProfitDual,gap,SSProfit
ObjectiveValue,55748.35781159869,355732.9877228735,55748.35781159869,551.486,55749.17083965685
