,GeneratorProfitDual,TotalCostDispatch,RTGeneratorProfitDual,gap,SSProfit
ObjectiveValue,93.67695680129998,336939.59204272827,93.67695680129998,0.0,93.6769567999886
