,GeneratorProfitDual,TotalCostDispatch,RTGeneratorProfitDual,gap,SSProfit
ObjectiveValue,9845.168351978267,9910.845217112514,9845.168351978267,60.8718,9845.168351978158
