,GeneratorProfitDual,TotalCostDispatch,RTGeneratorProfitDual,gap,SSProfit
ObjectiveValue,9845.168351978262,9910.845217112437,9845.168351978262,241.953,9845.16835197816
