,GeneratorProfitDual,TotalCostDispatch,RTGeneratorProfitDual,gap,SSProfit
ObjectiveValue,3126.052862679728,34668.08018533909,3126.052862679728,16.1297,3126.0528626794603
