,GeneratorProfitDual,TotalCostDispatch,RTGeneratorProfitDual,gap,SSProfit
ObjectiveValue,50436.53450669742,177558.77303784146,50436.53450669742,0.0,50436.53450669424
