,GeneratorProfitDual,TotalCostDispatch,RTGeneratorProfitDual,gap,SSProfit
ObjectiveValue,50436.53450669535,177558.77303784358,50436.53450669535,569.507,50436.53450669426
