,GeneratorProfitDual,TotalCostDispatch,RTGeneratorProfitDual,gap,SSProfit
ObjectiveValue,4054.5680643131855,28425.801670976263,4054.5680643131855,24.1195,4054.5680643127816
