,GeneratorProfitDual,TotalCostDispatch,RTGeneratorProfitDual,gap,SSProfit
ObjectiveValue,-1945285062.4795327,132434.184950071,-1945285062.4795327,0.0,3389380.406027889
