,GeneratorProfitDual,TotalCostDispatch,RTGeneratorProfitDual,gap,SSProfit
ObjectiveValue,37748.949036120655,53461.06445693827,37748.949036120655,449.67,37755.89507842224
