,GeneratorProfitDual,TotalCostDispatch,RTGeneratorProfitDual,gap,SSProfit
ObjectiveValue,37707.48121737768,53461.06445693825,37707.48121737768,2376.14,37709.98920322872
