,GeneratorProfitDual,TotalCostDispatch,RTGeneratorProfitDual,gap,SSProfit
ObjectiveValue,1191.8062024581966,248147.8859641254,1191.8062024581966,0.0,1272.5983895710447
