,GeneratorProfitDual,TotalCostDispatch,RTGeneratorProfitDual,gap,SSProfit
ObjectiveValue,388.5287591725123,349399.83672948874,388.5287591725123,2.61487,388.52875917060084
