,GeneratorProfitDual,TotalCostDispatch,RTGeneratorProfitDual,gap,SSProfit
ObjectiveValue,3513.9974587639826,66773.67501134207,3513.9974587639826,0.0,3513.9974587630195
