,GeneratorProfitDual,TotalCostDispatch,RTGeneratorProfitDual,gap,SSProfit
ObjectiveValue,7894.433514765062,250458.93879172817,7894.433514765062,0.091232,7928.762633999995
