,GeneratorProfitDual,TotalCostDispatch,RTGeneratorProfitDual,gap,SSProfit
ObjectiveValue,55409.54368131029,306727.2596741916,55409.54368131029,10951.4,55409.54368131041
