,GeneratorProfitDual,TotalCostDispatch,RTGeneratorProfitDual,gap,SSProfit
ObjectiveValue,89963.64315142402,126475.77879834746,89963.64315142402,20174.1,89963.64315142047
