,GeneratorProfitDual,TotalCostDispatch,RTGeneratorProfitDual,gap,SSProfit
ObjectiveValue,89470.25618344513,126436.01253775046,89470.25618344513,1134.6,89470.25618344429
