,GeneratorProfitDual,TotalCostDispatch,RTGeneratorProfitDual,gap,SSProfit
ObjectiveValue,90151.03977688971,126475.77879834917,90151.03977688971,1825.65,90151.03977688769
